"Finished","ID","EngPathRisk_1_1","EngPathRisk_1_4","EngPathRisk_1_5","EngPathRisk_1_6","EngPathRisk_1_7","EngPathRisk_1_8","EngPathRisk_2_1","EngPathRisk_2_4","EngPathRisk_2_5","EngPathRisk_2_6","EngPathRisk_2_7","EngPathRisk_2_8","EngPathRisk_3_1","EngPathRisk_3_4","EngPathRisk_3_5","EngPathRisk_3_6","EngPathRisk_3_7","EngPathRisk_3_8","NatPathRisk_1_1","NatPathRisk_1_4","NatPathRisk_1_5","NatPathRisk_1_6","NatPathRisk_1_7","NatPathRisk_1_8","NatPathRisk_2_1","NatPathRisk_2_4","NatPathRisk_2_5","NatPathRisk_2_6","NatPathRisk_2_7","NatPathRisk_2_8","NatPathRisk_3_1","NatPathRisk_3_4","NatPathRisk_3_5","NatPathRisk_3_6","NatPathRisk_3_7","NatPathRisk_3_8","AIRisk_1_1","AIRisk_1_4","AIRisk_1_5","AIRisk_1_6","AIRisk_1_7","AIRisk_1_8","AIRisk_2_1","AIRisk_2_4","AIRisk_2_5","AIRisk_2_6","AIRisk_2_7","AIRisk_2_8","AIRisk_3_1","AIRisk_3_4","AIRisk_3_5","AIRisk_3_6","AIRisk_3_7","AIRisk_3_8","NuclearRisk_1_1","NuclearRisk_1_4","NuclearRisk_1_5","NuclearRisk_1_6","NuclearRisk_1_7","NuclearRisk_1_8","NuclearRisk_2_1","NuclearRisk_2_4","NuclearRisk_2_5","NuclearRisk_2_6","NuclearRisk_2_7","NuclearRisk_2_8","NuclearRisk_3_1","NuclearRisk_3_4","NuclearRisk_3_5","NuclearRisk_3_6","NuclearRisk_3_7","NuclearRisk_3_8","NonAnthroRisk_1_1","NonAnthroRisk_1_4","NonAnthroRisk_1_5","NonAnthroRisk_1_6","NonAnthroRisk_1_7","NonAnthroRisk_1_8","NonAnthroRisk_2_1","NonAnthroRisk_2_4","NonAnthroRisk_2_5","NonAnthroRisk_2_6","NonAnthroRisk_2_7","NonAnthroRisk_2_8","NonAnthroRisk_3_1","NonAnthroRisk_3_4","NonAnthroRisk_3_5","NonAnthroRisk_3_6","NonAnthroRisk_3_7","NonAnthroRisk_3_8","TotalRisk_1_1","TotalRisk_1_4","TotalRisk_1_5","TotalRisk_1_6","TotalRisk_1_7","TotalRisk_1_8","TotalRisk_2_1","TotalRisk_2_4","TotalRisk_2_5","TotalRisk_2_6","TotalRisk_2_7","TotalRisk_2_8","TotalRisk_3_1","TotalRisk_3_4","TotalRisk_3_5","TotalRisk_3_6","TotalRisk_3_7","TotalRisk_3_8","ExCat2100","Extinction","FutureHumanBirths","NonStateBio_1_1","NonStateBio_2_1","NonStateBio_3_1","StateBio_1_1","StateBio_2_1","StateBio_3_1","Fusion","NukeEvent_1_1","NukeEvent_2_1","NuclearCountries_1_1","NuclearCountries_2_1","NuclearCountries_3_1","LFPR_1_1","LFPR_2_1","LFPR_3_1","IMOGold","Compute_1_1","Compute_2_1","Compute_3_1","GDPYear","FirstAIDate","VDem_1_1","VDem_2_1","VDem_3_1"
"TRUE","P4dMaH8wQnr",5,2,4,1,1,1,15,10,8,1,2,1,25,15,12,1,3,1,6,5,6,1,2,1,17,10,10,1,4,1,30,15,14,1,5,1,1,1,1,1,1,1,1,2,1,1,1,1,1,3,1,1,1,1,2,5,3,1,2,1,5,10,5,1,4,1,10,15,10,1,6,1,1,1,1,1,1,1,1,2,1,1,1,1,1,3,1,1,1,1,6,5,3,1,2,3,10,10,7,2,5,6,16,20,15,3,10,12,15,2300,1e+08,0,0,1,1,2,4,2040,1,10,7,10,12,75,77,80,2030,3.5e+07,5e+07,7e+07,2140,2025,80,85,90
"TRUE","P6YGuuP1Tjg",3,2,5,0,0,1,5,4,12,0,0,2,15,7,21,1,2,3,5,2,7,1,1,1,6,5,12,1,1,1,12,6,19,2,2,2,0,0,0,0,0,0,0,0,0,0,0,0,1,2,2,2,1,2,3,5,4,4,3,3,5,5,5,5,5,5,6,6,6,6,6,6,6,8,7,2,3,4,7,10,9,3,3,5,10,14,11,6,7,7,12,15,15,8,6,6,14,17,17,9,8,7,18,18,18,10,9,9,5,2500,2.26e+11,0,0,1,0,0,1,2040,0,0,9,9,10,74.2,75.9,79.1,2025,2e+11,2.05e+12,5e+11,21055,2045,80,83,50
"TRUE","PiouKOyTKKH",0.1,0.1,0.1,0.1,0,0,0.2,1,0.5,0.2,0,0,0.3,2,1,0.3,0,0.1,0.1,0.1,0.3,0.1,0.1,0.1,0.5,0.2,0.5,0.3,0.5,0.4,1,0.5,0.7,0.5,1,0.8,0,0.1,0.1,0,0,0,0.1,0.5,0.3,0,0.1,0.1,3,1.2,0.8,1,0.8,0.8,0.5,1,1,0.2,0.2,0.1,2,3,2,0.7,0.5,0.2,5,7,3,2,1.3,1,0.1,0.5,0.1,0,0.1,0,0.2,0.6,0.3,0,0.2,0,0.4,0.8,0.6,0.1,0.3,0.3,4,2,4,1,1,1,8,4,8,2,2,3,10,9,13,3,4,5,NA,NA,NA,0.1,1,2,3,10,15,2200,2,5,9,12,13,60,58,56,2028,1e+09,1.75e+11,2e+11,2080,2035,73,77,90
"TRUE","PP9yRoGtIfj",0,1,3,0,0,1,0,1,3,0,0,1,5,4,5,5,1,5,2,3,1,1,1,1,2,4,1,1,3,1,5,5,5,5,5,5,1,1,1,1,1,1,1,1,2,1,1,1,5,5,5,5,5,5,1,1,1,1,1,1,2,2,2,1,1,1,8,10,12,5,4,4,1,1,1,1,1,1,1,1,1,1,1,1,8,6,5,2,3,3,1,1,1,1,1,1,2,2,1,1,1,1,5,5,5,3,5,5,5,5050,1e+10,0,1,3,1,2,8,2050,1,1,9,10,10,61.7,60.4,58.2,2079,2e+09,5e+09,2e+10,NA,2025,70,68,65
"TRUE","PPLUtBt5R4w",1e-04,1e-04,1e-04,1e-08,1e-19,1e-07,1e-04,1e-04,1e-04,1e-12,1e-08,1e-06,1e-05,1e-04,0.001,1e-09,1e-06,1e-06,1e-06,1e-05,1e-05,1e-05,1e-05,1e-04,1e-04,1e-04,1e-04,1e-05,1e-04,1e-04,0.05,0.05,0.005,0.005,0.005,5e-04,1,1,1,1,1,1,3,3,3,3,3,3,3,5,5,3,5,5,5,5,5,0.5,0.5,0.5,5,7,7,0.5,1,1,5,10,10,1,1,1,1e-04,0.001,0.001,1e-04,1e-05,1e-04,1e-04,0.001,0.001,1e-04,1e-04,0.001,1e-04,0.001,0.001,0.001,1e-04,1e-04,0.001,0.5,0.5,0.001,1,1,0.001,0.5,0.5,0.001,1,1,0.1,0.5,0.5,0.2,2,2,1,2750,1e+16,0,0,1,0,0,1,NA,1,2,9,9,10,65,63,55,2027,1e+16,1e+17,1e+12,2045,2045,70,65,60
"TRUE","Pf4NRy23f5M",2,4,4,0,0,2,3,6,6,0,2,3,5,8,8,0,2,3,1,2,2,0,0,0,1,2,2,0,0,1,1,2,2,0,1,1,2,4,4,0,1,1,4,5,5,0,1,1,5,6,6,0,1,1,5,5,6,1,1,1,6,7,7,2,2,2,7,8,8,3,3,3,1,1,1,1,1,1,1,1,1,1,1,1,1,2,2,1,1,1,2,2,2,1,2,3,3,3,3,1,3,4,4,4,4,1,3,4,1,3050,5e+10,2,3,4,0,0,1,2100,1,2,11,13,18,70,75,75,2030,1e+10,1.2e+10,1.3e+10,2050,2035,70,68,65
"TRUE","PYPfxFnbSrv",0.1,1,1,0.001,0.1,0.01,0.2,6,4,0.01,1,0.02,0.5,9,6,0.1,2,1,1,2,2,0.1,0.5,1,2,3,4,0.2,0.5,2,3,5,6,0.3,0.5,4,1,3,5,0.1,1,1,2,8,10,0.3,3,3,3,12,15,0.5,5,7,3,5,5,0.05,0.1,0.1,10,15,15,0.2,0.3,0.3,20,30,30,0.4,0.5,0.5,0.1,0.1,0.1,0.1,0.1,0.1,0.2,0.2,0.2,0.2,0.2,0.2,0.3,0.3,0.3,0.3,0.3,0.3,10,10,10,4,5,6,12,12,12,5,9,7,14,16,16,6,12,10,10,3022,5e+07,0,0,1,1,3,5,5050,1,0.5,9,9,9,64,62,62,2025,2e+10,1e+11,2e+11,2160,2420,55,60,60
"TRUE","PnLaYYNfwRf",10,5,10,1,1,0,50,65,50,5,2,0,90,90,90,10,20,10,0,0,0,0,0,0,5,10,5,5,5,5,25,25,25,20,10,15,0,0,0,0,0,0,1,1,1,1,1,1,5,2,2,2,2,2,10,10,10,10,10,10,10,10,10,10,10,10,10,10,10,10,10,10,9,10,9,10,9,10,9,25,9,25,9,25,9,25,9,25,9,25,1,0,1,0,1,0,1,5,1,5,1,5,19,10,19,10,19,10,NA,NA,NA,0,1,1,0,1,1,2050,10,10,9,11,15,55,65,65,2023,NA,NA,NA,2075,NA,80,80,80
"TRUE","PNMkqJmNyVy",7,234,11009,27,178,354,788,718,689,27,123,789,7,890,238,35,676,2790,253,345,378,274,2678,1009,678,268,897,799,728,2738,667,337,578,256,1899,289,789,367,5799,2748,2537,NA,27390,26499,2689,2538,27389,NA,678,5689,2789,2849,25389,NA,23648,3689,2689,578,578,5688,799,35489,678,6899,788,578,267,2548,6799,5787,6278,578,567,12536,890,156,1728,1638,1738,456,7578,234,7289,689,1267,6789,6789,1657,678,1829,567,6279,634,1738,5278,1627,789,67,1456,1789,618,163,7992,345,17892,879,1789,729,NA,9087,NA,5,12,30,2,6,7,2030,0,0,7,12,20,27,32,15,2030,2.34e+08,5e+08,1e+09,2029,2030,5,12,77
"TRUE","PwTtMCm7vCB",0.5,1,2,0,1e-04,0.00015,2,3,8,0,1e-04,0.00015,5,8,10,0,1e-04,0.00015,0.5,0.2,0.3,0,2e-04,0.06,1,0.5,0.4,0,5e-04,0.08,2,3,1.5,0,7e-04,0.1,0.1,0.15,2,0,0.05,0.06,0.5,0.3,4,0,0.03,0.04,1,1.2,5,0,0.01,0.03,0.2,1.2,1,0.001,0.002,0.05,0.4,1.4,2,0.001,0.003,0.07,0.5,0.5,1,0.001,0.005,0.06,0.01,0.05,0.03,1e-05,1e-04,3e-04,0.015,0.01,0.05,1e-05,2e-04,5e-04,0.2,0.05,0.01,1e-05,5e-04,7e-04,0.001,0.0015,0.002,1e-05,0.005,0.006,0.002,0.002,0.004,1e-05,0.007,0.007,0.001,0.001,0.003,1e-05,0.008,0.009,NA,2475,NA,1e-05,5e-04,0.05,0,1,5,2100,1,3,9,10,12,68.3,70,63,12,8,14,35,NA,2060,45,50,80
"TRUE","PRVGSuELqiM",8,3,6,0.02,0.002,0,15,6,8,0.5,0.007,0.5,23,10,10,2,1,2,5,3,0.01,0.001,0.05,0.02,8,4,5,0.2,1,0.5,10,8,10,2,2,2,0.01,0.5,1,0.001,0.05,0.05,0.5,5,5,0.2,2,1,2,10,8,1,5,5,0.5,5,1,0.02,0.002,0.008,3,10,3,0.2,0.008,0.01,10,15,10,0.5,0.03,0.03,0.03,0.02,0.03,0.01,0.05,0.06,0.02,0.05,0.04,0.014,0.06,0.1,0.01,0.7,0.3,0.001,0.5,0.6,5,8,10,3,8,5,10,15,15,6,11,10,17,20,22,8,15,17,8,2200,NA,0,1,3,0,0,2,2040,1.4,10,9,10,15,60,58,55,2027,2e+09,1.5e+10,2e+11,2102,2035,50,44,24
"TRUE","Pws1XzVQDPF",50,50,70,20,5,10,80,75,75,20,10,10,90,60,70,25,15,25,30,20,25,5,25,20,40,20,25,25,20,45,50,20,30,35,35,40,5,5,2,1,5,5,15,10,20,10,10,15,50,45,60,50,70,65,35,40,30,25,30,45,50,55,50,60,45,55,75,60,65,70,80,90,2,5,10,1,5,3,10,15,22,1,5,10,30,25,50,60,55,75,40,50,55,10,15,20,55,50,50,55,40,45,80,50,55,65,80,75,65,2200,2e+09,0,3,10,0,1,5,2100,5,25,10,15,25,60,65,70,2025,2e+08,1.5e+09,2e+09,2100,2025,50,45,35
"TRUE","PM7YCHjaQ6z",1,1,1,0,0,0,1,1,1,0,0,0,1,1,1,0,0,0,0,0,0,0,0,0,1,1,1,0,0,0,1,1,1,0,0,0,0,0,0,0,0,0,0,0,1,0,0,1,0,0,1,0,0,1,0,0,2,0,0,2,2,2,5,0,0,5,3,2,5,1,1,5,0,0,1,0,0,0,0,0,1,0,0,1,1,1,1,0,0,1,0,0,0,0,0,0,0,0,0,0,0,1,1,1,2,0,0,1,1,15000,1.5e+10,0,0,0,0,0,0,2050,0,0,9,9,9,70,65,60,2025,2e+11,1e+11,2e+10,2030,2025,65,60,55
"TRUE","Po5CxPV0lMx",0,0,1,0,0,0,0,0,2,0,0,0,0,1,5,0,0,0,0,0,1,0,0,1,0,0,2,0,0,2,0,1,5,0,1,3,0,0,0,0,0,0,0,0,0,0,0,0,0,0,0,0,0,0,1,0,3,0,1,2,1,0,4,0,1,2,5,1,6,0,2,5,0,0,2,0,0,2,0,0,2,0,0,2,0,1,3,0,1,3,0,0,1,0,1,3,0,0,1,0,2,5,2,1,1,0,2,8,2,2750,NA,0,0,1,0,0,1,2060,0,0,5,5,7,68,70,72,2030,2e+09,2e+09,1e+09,2070,2035,40,40,40
"TRUE","P0BvNGszIQa",0.05,0.01,0.3,0.01,0.01,0.01,1.5,1.2,2,0.05,0.01,0.02,7,4,10,1,0.5,0.5,0.001,1e-04,0.001,1e-04,1e-04,1e-04,0.01,0.001,0.1,0.001,0.001,0.001,0.1,0.01,0.5,0.01,0.01,0.01,3,1,2,1,0.5,0.8,7,3,5,3,1.2,1.5,10,5,8,4,3,4.5,1,0.7,1,0.05,0.003,0.005,3,2,2.5,0.1,0.01,0.1,8,7,7,0.5,0.1,0.3,0.001,1e-04,0.001,1e-04,1e-05,0.001,0.01,0.001,0.01,0.001,1e-04,0.01,0.1,0.01,0.1,0.01,0.001,0.1,5,2,3,2,2,2,12,5,10,7,3,4,20,8,14,10,5,8,12,2560,5.7e+10,5,20,80,3,6,15,2072,80,90,12,15,35,82,85,92,2032,5.6e+07,2e+11,9e+11,2093,2027,70,70,70
"TRUE","PCnvfBZOK8T",0.2,0.1,0.3,0.02,0.03,0.05,0.5,0.2,0.5,0.05,0.08,0.1,1,0.5,0.8,0.1,0.12,0.015,0.3,0.2,0.3,0.05,0.06,0.08,0.8,0.6,0.8,0.1,0.12,0.15,1.5,0.8,1,0.5,0.7,0.8,0.01,0.01,0.02,0.001,0.005,0.008,0.02,0.02,0.03,0.002,0.008,0.01,0.03,0.03,0.04,0.003,0.01,0.015,2,1,1.5,0.1,0.05,0.1,4,5,7,0.2,0.1,0.2,10,8,10,0.5,0.2,0.4,0.001,0.002,0.004,1e-04,1e-04,1e-04,0.002,0.004,0.008,2e-04,2e-04,2e-04,0.005,0.008,0.01,4e-04,4e-04,4e-04,2.5,2,2.2,0.11,0.08,0.11,5,6.5,9,0.22,0.12,0.22,12,10,12.5,0.55,0.24,0.44,13,8375,1e+10,0,0,1,0,0,0,2080,1,5,9,9,10,79,82,85,2040,5,10,15,2087,2050,56,50,50
"TRUE","PWcvIgTIYRW",10,12,5,1,1,0,20,20,10,5,3,2,30,30,15,7,6,4,2,3,9,6,4,7,5,4,7,6,6,4,7,5,7,8,5,6,5,7,4,6,7,1,4,2,5,7,8,2,5,6,2,6,7,7,4,5,4,1,2,2,6,6,5,3,4,5,8,7,6,5,5,6,2,4,2,8,7,3,3,5,3,6,5,4,4,6,6,5,3,5,4,5,3,4,5,9,4,5,2,6,7,7,4,5,4,8,5,8,3,NA,1e+08,4,6,10,4,6,8,2234,4,6,8,10,15,75,80,82,2099,10000,50000,150000,2099,2040,20,30,40
"TRUE","PO7X31WX2UA",6,4,2,3,1,1,10,8,6,7,5,5,15,14,12,14,10,10,5,3,4,1,2,4,10,7,8,5,7,8,15,10,12,10,9,12,0,0,0,0,0,0,5,5,6,3,8,10,7,10,12,4,12,14,10,5,10,5,7,10,20,20,22,15,25,30,30,35,34,25,40,45,1,1,1,2,3,4,10,8,10,8,14,15,15,12,15,10,16,18,15,10,13,5,5,5,30,20,25,20,15,15,45,40,45,35,30,35,40,2150,2.21e+09,0,1,2,0,2,5,2040,2,3,9,9,10,84,81,78,2027,15,25,30,2110,2029,71,75,80
"TRUE","PgUt4xY0psJ",2,12,10,3,7,2,3.4,20,15,6,9,4,5,30,20,10,11,8,4,10,7,20,11,5,7,14,16,23,14,9,9,17,21,27,15,15,4,3,8,10,7,2,8,7,12,16,10,5,13,10,15,20,14,7,12,5,2,7,9,3,18,9,5,9,13,6,24,12,10,11,17,9,3,4,12,4,2,6,7,6,15,12,5,10,10,9,17,17,7,12,3,4,7,4,6,8,8,5,12,9,9,15,12,7,20,14,15,19,3,7802023,NA,12,20,30,12,30,44,2100,15,30,10,14,16,12,20,26,NA,1.1e+11,1.57e+13,NA,2047,NA,20,30,40
"TRUE","PbVaRMO75mz",0.1,1,1,1,1,1,1,2,2,2,2,2,3,3,3,3,3,3,0,0,1,1,1,1,1,2,2,2,2,2,3,3,3,3,3,3,0.1,1,1,1,1,1,1,1,1,1,1,1,2,2,2,2,2,2,4,4,4,4,4,4,6,6,6,6,6,6,8,8,8,8,8,8,2,2,2,2,2,2,3,3,3,3,3,3,4,4,4,4,4,4,3,3,3,3,3,3,4,4,4,4,4,4,5,5,5,5,5,5,6,2350,8e+09,1,2,3,0,0,1,2038,34,38,17,23,30,79,85,87,2065,5e+06,7e+06,1.3e+07,2104,2050,30,23,17
"TRUE","PHbsqHkEIIT",1,4,3,0,0,0,1,9,4,0,2,1,4,22,7,0,3,2,0.4,0.5,1,0.005,0.005,0.05,2,2,4,0.5,0.05,0.5,3,3.5,7,0.6,1,0.8,1.5,1,0.5,0,0.001,0.002,4,2,2,0.005,0.01,0.07,5,2.4,2.2,0.4,0.5,0.9,1,3,4,0.5,0.05,0.08,1.5,2.2,5,0.3,0.3,0.09,0.05,3,5,0.1,0.05,0.06,0.005,0.02,0.09,0.001,0.009,0.014,0.004,0.08,0.02,0.009,0.009,0.044,0.004,0.09,0.3,0.008,0.012,0.055,0.5,0.05,NA,0.008,0.5,1,1,0.8,NA,0.02,0.8,2,2,4,NA,0.9,0.9,4,5,2300,8e+09,0,0,0,1,0,0,2050,1,3,9,11,11,78,75,68,2024,300,500,1500,2099,2029,77,80,2
"TRUE","PsSkpNiXB5x",1e-04,2e-04,0.00015,1e-06,5e-06,1e-06,2e-04,5e-04,0.00015,2e-06,5e-06,2e-06,1e-04,3e-04,0.00013,1e-06,7e-06,3e-06,2e-04,3e-04,2e-04,1e-05,4e-05,1e-05,2e-04,4e-04,3e-04,1e-05,3e-05,1e-05,3e-04,4e-04,2e-04,1e-05,2e-05,1e-05,3e-05,5e-05,2e-05,1e-06,3e-06,1.5e-06,2e-05,4e-05,2e-05,1e-06,2e-06,1.5e-06,1e-05,3e-05,2e-05,1e-06,3e-06,1.5e-06,3e-05,5e-05,2e-05,1e-06,2e-06,1.5e-06,3e-05,5e-05,3e-05,1e-06,2e-06,1.5e-06,1e-05,5e-05,2e-05,1e-06,2e-06,1.5e-06,1e-07,3e-06,4e-07,5e-08,4e-07,4e-08,1e-07,3e-06,4e-07,5e-08,4e-07,5e-08,1e-07,3e-06,4e-07,5e-08,4e-07,4e-08,1.8e-06,5e-06,1.7e-06,2e-07,1.5e-06,2e-07,1.8e-06,5e-06,1.7e-06,2e-07,1.5e-06,2e-07,1.8e-06,6e-06,1.7e-06,1.8e-07,1.4e-06,2e-07,5.5e-06,2350,8.5e+08,0,0,1,0,1,3,2037,0.01,0.02,9,10,11,76,74,75,2041,2.5e+07,3.5e+07,5e+07,2045,2050,72,73,73
"TRUE","PjoZK4FKMEK",0,0,0,0,0,0,0,0,0,0,0,0,0,0,0,0,0,0,0,0,0,0,0,0,0,0,0,0,0,0,1,1,1,1,1,1,0,0,0,0,0,0,0,0,0,0,0,0,10,10,10,10,10,10,0,0,0,0,0,0,0,0,0,0,0,0,0,0,0,0,0,0,0,0,0,0,0,0,0,0,0,0,0,0,0,0,0,0,0,0,0,0,0,0,0,0,0,0,0,0,0,0,5,5,5,0,0,0,5,2250,1.4e+08,1,1,1,1,1,1,2035,2,10,10,11,11,64,64,60,2050,2e+08,2.5e+08,3e+08,2099,2050,20,17,10
"TRUE","PCl9n7LZpob",2,3,3,3,3,3,3,2,2,2,2,2,1,1,1,1,1,1,3,2,3,3,3,1,2,3,2,2,2,2,1,1,1,1,1,3,3,2,3,3,3,1,2,3,2,2,2,2,1,1,1,1,1,3,3,1,1,2,3,3,3,3,2,3,2,2,1,2,3,1,1,1,5,5,5,5,5,5,10,3,2,3,3,3,3,1,1,2,2,2,4,10,7,9,3,3,9,4,3,3,2,3,2,3,3,9,3,3,NA,NA,4e+07,0,5,10,4,5,10,NA,0,5,20,30,30,30,45,60,NA,2e+09,NA,7.5e+10,NA,2050,10,15,40
"TRUE","Pac3iLqteOA",5,3,2,1,1,1,15,10,8,3,2,2,35,25,22,10,8,7,2,2,2,1,1,1,4,5,4,3,3,3,9,10,8,7,7,7,2,3,2,1,2,1,6,8,5,8,6,3,15,18,14,25,14,10,2,2,2,1,1,1,6,4,6,4,3,4,15,9,13,9,8,12,1,1,1,1,1,1,3,2,2,2,2,2,7,5,6,6,4,6,5,4,5,3,3,4,13,11,12,11,8,10,25,19,24,19,15,22,10,2250,1.2e+10,2,5,30,4,12,30,2080,5,7,9,10,12,77,74,65,2028,4.5e+07,1.5e+08,6e+08,2052,2032,80,85,90
"TRUE","PRE0hJWOCua",0,0,0,0,0,10,20,20,20,0,0,10,30,30,30,0,10,10,0,0,0,0,0,0,0,0,0,0,0,0,0,0,0,0,0,0,0,0,0,0,0,0,0,0,0,0,0,0,2,2,2,2,2,0,0,0,1,1,0,1,0,0,0,0,0,0,0,0,0,0,0,0,100,0,0,0,0,0,0,0,0,0,0,0,0,0,0,0,0,0,0,0,0,0,0,0,0,0,0,0,0,0,0,0,0,0,0,0,0,0,8e+09,NA,0,3,0,0,1,2222,0,0,9,9,10,68,71,58,2024,10,15,9,2200,2027,50,60,70
"TRUE","P0tPTP4x00v",1,1,1,0,0,1,11,10,15,1,1,5,20,18,25,5,2,10,1,1,2,0,0.001,0,4,7,10,0.4,0.3,0.5,15,18,23,1.5,1.5,2,0.1,0.001,0.1,0.001,0.001,0.001,0.5,0.45,1,0.01,0.005,0.5,2.5,5,6,1,0.75,5,3,0.5,5,0.001,1e-04,1,25,3,20,0.5,0.1,2,35,27,40,2,0.5,4,0.5,0.1,1,0.001,1e-04,0.5,1,0.5,3,0.001,0.001,0.75,1.5,1,5,0.001,0.1,2,2,1,2,0.5,0.2,1,5,4,10,1.5,0.5,3,11,8,30,3.5,0.8,5,12,8015,1.45e+08,0,1,3,1,2,2,2070,35,75,9,10,12,79,76,80,2043,1.5e+10,2.2e+11,6e+11,2095,2053,48,43,35
"TRUE","PLXpD9Cbh9n",10,15,20,7,25,30,35,30,40,25,40,40,50,45,60,55,50,60,5,7,15,20,15,25,15,23,30,35,25,30,20,35,35,55,30,35,10,10,15,10,15,15,15,20,25,25,30,30,18,40,45,35,45,45,10,5,10,10,15,25,15,10,20,15,18,30,20,15,45,20,23,40,5,13,15,10,15,18,10,15,25,25,25,28,25,17,20,27,27,30,5,3,10,8,10,15,17,15,15,15,20,25,21,17,18,20,22,26,NA,4023,1e+10,1,1,2,1,1,2,2033,1,2,10,13,20,65,50,75,2026,5e+07,1e+09,4e+09,2105,2033,15,8,5
"TRUE","PJzN0Kh3gZJ",90,60,60,10,10,10,100,100,90,10,10,10,100,100,100,10,10,10,80,80,90,0,0,0,90,90,90,0,0,0,100,100,90,0,0,0,3,3,5,0,0,0,7,7,10,0,0,0,15,15,20,0,0,0,50,50,60,60,60,60,60,60,60,60,50,50,70,70,70,60,60,60,50,50,50,40,40,40,50,55,55,40,40,40,65,65,65,50,50,50,50,50,50,50,50,50,60,60,60,50,50,50,75,75,75,50,50,50,90,90,NA,2,3,4,2,3,5,2040,100,100,15,20,30,80,90,90,2050,5e+06,8e+06,1.5e+07,2060,2043,20,15,10
"TRUE","PWPJ4iAOo4L",1e-05,1e-05,1e-06,1e-05,1e-07,1e-06,1e-06,1e-05,2e-06,1e-05,2e-04,2e-05,1e-06,1e-05,3,1e-04,3e-05,4,1e-05,1e-07,1e-06,1e-06,1e-06,1e-06,0,2e-06,2e-07,1e-06,2e-05,1.2e-05,1e-06,2.3e-06,2.4e-05,1e-06,2.6e-06,2.5e-05,2e-07,2.3e-06,2.3e-05,2e-05,2.3e-05,2.6e-06,2e-06,2.4e-05,4.5e-05,2e-06,4.6e-06,4.5e-05,2e-05,0.00033,3.6e-05,2e-06,3.7e-05,4.5e-05,0.001,2e-04,2e-04,1e-06,3e-04,0.00034,0.01,0.0035,0.00036,1e-05,0.00089,0.0089,0.001,0.0046,0.00055,1e-05,0.00066,0.0097,0.001,0.002,0.003,0.003,0.00045,0.00048,0.001,0.0056,0.0044,0.003,0.0066,0.00087,0.002,0.0088,0.0087,0.004,8e-04,0.0048,0.01,0.00044,0.005,0.01,0.006,0.008,0.01,0.0033,0.0044,0.02,0.0066,0.0099,0.01,0.0098,0.0087,0.04,0.0059,0.0076,0.00897,2149,3.2e+09,3,3,3,18,20,22,2041,0.001,0.0066,10,11,13,78,77,68,2031,2.2e+11,2.8e+11,3e+11,2077,2028,22,20,19
"TRUE","P9fdI8ImO4g",0.7,0.5,1,0.02,0.03,0.05,1,2,2,0.05,0.25,0.07,4,4,3,0.5,0.3,0.4,1,1,1.5,0.02,0.01,0.01,3,3,3,0.04,0.02,0.02,5,5,5,0.05,0.05,0.03,0.005,0.002,0.001,1e-04,1e-04,1e-04,0.02,0.005,0.003,2e-04,2e-04,2e-04,0.5,0.1,0.005,5e-04,3e-04,4e-04,0.5,0.3,0.5,0.01,0.01,0.02,0.7,0.5,0.8,0.02,0.02,0.04,1,1,2,0.07,0.05,0.1,0.05,0.03,0.02,0.001,0.002,0.001,0.06,0.05,0.07,0.005,0.005,0.004,0.2,0.1,0.11,0.008,0.08,0.006,2,2,1.5,0.05,0.03,0.02,3,4,2,0.07,0.05,0.04,5,6,4,0.09,0.07,0.08,6,4750,2e+12,2,3,7,0,0,1,2100,0.5,2,9,10,12,68,66,63,2030,30000,70000,1e+05,2125,2043,70,72,75
"TRUE","PyETKBMBZ9t",1,2,2,0.1,0.1,0.1,5,4,5,1,0.5,0.5,10,10,12,2,1,2,2,1,1,1,1,1,6,8,9,3,8,10,15,18,20,8,16,20,0.5,5,5,0.1,3,5,3,7,7,1,8,10,8,10,10,3,18,20,0.1,0.5,0.3,0.1,0.1,0.1,1,0.8,0.7,1,0.3,0.3,2,1,1,2,0.5,0.5,0.01,0.05,0.06,0.01,0.02,0.02,0.02,0.06,0.08,0.02,0.04,0.05,0.03,0.08,0.1,0.03,0.07,0.08,0.8,1.2,1.1,0.22,0.9,1,1,2.5,2,0.8,1.6,1.8,1.2,4.5,4,1,2.5,2.8,2,2180,2.1e+09,0,0,2,1,2,5,2036,0.1,1,10,11,11,57.5,54,52,2025,1.2e+10,1.9e+10,2.5e+10,2061,2027,69,62,57
"TRUE","PCP7NaBnElC",10,8,18,1,3,1,13,11,23,2,5,3,18,4,25,3,6,4,7,20,24,1,3,2,9,22,26,2,4,3,12,24,28,3,5,4,2,7,10,1,8,10,3,8,13,1,9,13,4,10,17,2,10,14,12,18,19,3,7,9,14,20,20,5,9,11,16,21,22,7,10,12,5,9,10,2,7,8,7,10,12,4,9,9,9,12,13,6,10,10,10,14,15,2,4,7,14,17,17,3,6,10,17,19,20,10,10,13,17,2156,1.7e+10,2,3,5,0,2,4,2035,10,20,9,11,13,64,69,73,2038,42,80,250,2028,2033,28,32,38
"TRUE","PpRjHzWG7d0",3,5,5,1,2,2,5,8,6,2,3,3,10,12,7,2,5,3,1,2,2,1,2,2,1,3,3,1,3,2,1,5,5,1,5,3,0,1,1,0,0,1,1,2,2,1,1,3,1,2,2,1,1,5,3,5,3,1,2,5,5,10,5,1,3,10,5,14,8,1,5,14,0,1,2,0,1,2,1,1,5,1,2,3,2,2,8,1,3,6,3,5,5,3,5,6,5,8,9,5,7,8,7,14,16,7,11,13,19,3785,2.6e+10,30,35,50,0,1,1,2050,24,25,9,10,12,55,59,68,2085,NA,NA,NA,2100,2060,70,72,75
"TRUE","P0vyxKRonUq",0.01,0.1,0.01,0,0.01,0,0.01,0.1,0.01,0,0.01,0,0.02,0.2,0.02,0,0.02,0,0.01,0.1,0.01,0,0.01,0,0.01,0.1,0.01,0,0.01,0,0.02,0.2,0.02,0,0.02,0,0.01,0.1,0.01,0,0.01,0,0.01,0.1,0.01,0,0.01,0,0.02,0.2,0.02,0,0.02,0,1,2,1,0.1,0.02,0.1,2,3,2,0.2,0.03,0.2,3,4,3,0.3,0.04,0.3,0.01,0.1,0.01,0,0.01,0,0.01,0.1,0.01,0,0.01,0,0.01,0.2,0.02,0,0.02,0,1.1,2.1,1.1,0.11,0.02,0.11,2.1,3.1,2.1,0.21,0.03,0.21,3.1,4.1,3.1,0.31,0.04,0.31,0.4,2120,5e+09,0,1,3,0,1,3,2075,0,2,9,9,12,81,79,70,2030,NA,NA,NA,2040,2030,75,80,90
"TRUE","PUrGFh03PMg",0.01,0.02,1,0.01,0.01,0.5,1,0.5,5,0.02,0.02,1,3,2,10,0.05,0.08,2,0.01,0.02,1,0.01,0.02,0.05,0.02,0.05,2,0.02,0.05,1,1,2,5,0.05,0.1,2,0.01,0.05,1,0.01,0.05,0.2,0.02,1,5,0.01,0.1,2,1,5,10,0.05,0.2,5,1,2,1,0.25,0.5,1,5,10,5,2,5,5,10,15,10,5,8,10,0.02,0.1,0.2,0.01,0.05,0.1,0.05,0.25,0.5,0.25,0.3,0.25,0.25,1,2,0.25,0.75,1,1,2,3,0.25,0.3,1,2,5,6,0.5,0.8,2,5,10,12,1,1.5,4,5,2250,NA,0,2,5,1,5,20,2045,1,2,8,10,12,62,65,75,2025,2e+09,2e+10,5e+10,2080,2035,85,90,98
"TRUE","PAQXitHKCkb",6,2,1,1,2,1,15,3,2,1,3,6,20,6,3,3,2,2,1,1,4,2,2,1,2,2,2,1,3,2,2,4,1,6,8,2,0,2,8,9,2,4,1,3,0,2,5,6,5,2,4,7,6,4,1,3,4,10,9,8,0,3,1,4,2,5,3,8,7,3,1,1,1,3,3,2,5,3,1,7,2,3,5,2,2,8,1,7,3,1,4,4,2,3,2,9,1,9,5,4,1,2,2,0,2,1,4,3,NA,NA,1.3e+08,0,0,1,0,0,1,2080,0.3,0.8,10,13,20,72,70,66,2029,1.5e+07,8e+07,1e+09,2110,2062,2,8,12
"TRUE","PZ6cUL9OoB2",0.5,0.5,1,0,0,0.02,5,4,6,1,1,2,9,9,10,7,6,6,0,0,0.1,0,0,0,2,1,3,0,0,0,6,5,10,0.5,0.007,0.05,0.05,0.05,0.05,0.01,0.01,0.01,3,3,3.5,1,2,2,5.5,6,5.3,5,5,5,1,0.3,2,0.01,0.06,0.3,2,0.9,5,0.1,0.1,0.5,4,2,10,1,0.2,1,0.1,0.1,0.3,0.01,0.01,0.03,0.2,0.2,0.5,0.02,0.02,0.05,0.5,0.5,1,0.05,0.05,0.1,7,7,8,3,3,3,16,15,17,5,5,7,31,30,35,16,16,17,28,3200,1e+11,0,0,1,0,0,1,2059,2,8,10,11,11,60,59,59,2027,3.5e+07,1e+09,2e+10,2113,2028,60,60,48
"TRUE","PeBnKQQqazS",0.1,0.2,0.2,0,0,0,1,2,4,0,0,0,4,3,5,0.1,0.2,0.2,0.3,0.7,0.9,0,0,0,1.5,1.9,2,1,3,3.5,5,7,7,6,9,9,0,0.1,0.1,0,0.1,0.1,3,4,4,2,5,6,5.5,6,6,3,4,4.5,20,15,22,0,0,0,25,25,26,0,0,0,20,18,16,10,12,12,0,0,0,0,0,0,2,3.5,3,0,0,0,3,4,4,0,0.1,0.1,3,3,5,0,0.2,0.4,7,8,7,0.5,4,4.5,9,12,14,2,5,5,12,3000,3e+09,0,0,1,0,1,3,2030,2,3,10,12,18,74,72,67,2032,1e+09,3e+09,7e+09,2050,2027,68,65,57
"TRUE","PGszwdpWA4M",10,10,10,2,2,2,10,10,10,2,2,2,10,10,10,2,2,2,5,5,5,0.05,0.05,0.05,5,5,5,0.05,0.05,0.05,5,5,5,0.05,0.05,0.05,10,10,10,5,5,5,10,10,10,5,5,5,10,10,10,5,5,5,5,5,5,0.1,0.1,0.1,5,5,5,0.1,0.1,0.1,5,5,5,0.1,0.1,0.1,0.001,0.001,0.001,1e-04,1e-04,1e-04,0.001,0.001,0.001,1e-04,1e-04,1e-04,0.001,0.001,0.001,1e-04,1e-04,1e-04,10,10,10,5,5,5,10,10,10,5,5,5,10,10,10,5,5,5,5,2123,1.97e+11,0,0,0,1,1,2,2039,90,95,9,9,10,72,75,78,2025,4e+09,8e+09,8e+09,2025,2024,70.7,70.7,70.7
"TRUE","PL8ZpHCSIjf",0.1,0.05,0.2,0,0,0,2,1,1,0.01,0,0,5,3,4,1,0.2,0.5,0.2,0.1,0.2,0,0,0,0.8,0.4,0.5,0.01,0,0,8,4,5,1,0.3,0.4,0.05,0.1,0.08,0,0.01,0.05,0.1,3,2,0.05,1,0.5,7,10,8,3,4,6,1.5,2,2,0.05,0.02,0.02,5,5,6,0.1,0.1,0.15,10,10,11,2,1,1.5,0,0,0,0,0,0,0.01,0,0,0,0,0,0.05,0.02,0.01,0.01,0,0,1.85,2.25,2.48,0.05,0.03,0.07,7.9,9.4,9.5,0.16,1.1,0.66,30,27,28,7,5.5,8.4,10,2200,2.8e+10,0,0,1,0,1,3,2065,1,3,11,13,19,78,73,65,2030,1e+08,1e+09,4e+11,2060,2025,70,72,80
"TRUE","P7MWGw9GIkm",20,25,45,0.05,6,10,18,20,30,0,5,7,25,20,25,0,2,2,40,45,50,20,30,32,17,10,23,8,12,19,3,1,7,0.1,2,7,17,15,30,0.5,0.03,0.01,15,7,15,5,2,3,10,0.12,10,7,5,5,75,80,75,35,45,10,67,70,67,40,50,29,70,75,50,31,30,20,67,70,63,30,48,30,70,73,50,46,50,45,75,80,50,45,58,55,60,65,60,35,50,20,54,45,35,45,30,20,34,20,55,49,20,10,37.2,4.5,NA,27,32,40,0.5,3.7,6,2027,65,37,13,18,25,76,70,NA,2027,40,70,77,2030,2027,65,72,82
"TRUE","P2XK7zzVNHd",3,5,5,3,5,4,6,10,10,5,9,6,9.5,30,15,10,25,15,15,10,10,9,8,15,30,20,15,16,14,30,50,60,5,20,10,50,4,3,3,3,1,1,6,7,8,7,3,5,10,14,10,10,5,10,5,10,1,4,1,3,10,15,5,9,5,4,25,30,10,14,10,9,0.5,0.1,0.3,1,0.4,0.1,0.7,0.3,0.6,3,0.8,0.5,0.15,0.9,0.9,5,1,0.9,1,1,1,2,4,1,6,9,4,8,8,4,19,15,10,16,15,9,5,2200,1e+11,1,5,10,5,10,30,2025,5,10,9,13,15,70,75,65,2030,2e+08,5e+08,1e+09,2050,20,70,79,90
"TRUE","P3yLqxiSTDi",20,25,25,0,0,0,30,50,50,0,2,5,40,50,50,0,5,10,0,5,5,0,0,0,2,10,10,0,2,2,10,15,15,0,5,5,0,1,1,0,2,1,0,2,2,0,4,2,1,4,4,0,6,4,10,10,20,2,10,15,20,15,30,4,15,25,20,20,40,6,30,40,0,2,5,0,2,2,5,6,10,1,4,4,5,12,15,1,6,5,0,5,5,0,2,5,5,15,15,0,5,10,10,25,25,1,15,20,20,2500,1e+11,2,10,10,0,1,1,2100,0,2,9,10,8,75,65,50,2050,1e+08,1e+14,1e+07,2400,2500,72,80,90
"TRUE","PkvFNcYsGZd",5,4,7,0.5,0.5,0.5,3,2,5,1,2,1,2,2,3,1,1,2,1,0.5,1,0.5,0.5,1,1,1,1.5,1,0.5,1,1,2,2,2,1,2,0,0,0,0,0,0,0,1,1.5,1,0.5,0,1,2,3,2,1,1,10,15,10,5,5,5,20,10,10,10,7.5,7,15,10,14,20,10,10,2,1,1,0,1,0,3,2,1,2,1.5,2,5,5,2,5,2,3,1,1,1,1,1,1,2,4,3,2,2,2,3,7,5,5,3,4,5,2200,2.4e+09,0,0,1,0,0,1,2075,0,10,9,10,12,79,80,85,2035,5e+07,2e+11,2e+11,2060,2050,54,51,48
"TRUE","Pm7aN09ePRI",5,15,30,5,10,35,29,35,50,50,25,50,45,60,75,65,40,65,25,20,35,3,10,25,30,40,50,5,15,50,45,60,65,0,5,80,0,0,5,0,0,5,5,0,10,0,0,20,5,1,10,0,0,30,70,30,65,70,10,70,40,36,70,50,20,80,50,40,85,50,22,85,5,1,10,3,1,10,5,5,15,5,3,25,8,8,18,5,5,30,10,8,5,8,2,5,12,10,10,5,3,8,20,12,15,5,5,10,55,2200,2e+07,0,0,1,0,0,1,2080,50,40,12,20,80,82,86,70,2070,2e+11,6e+11,1e+12,2100,2075,85,70,55
"TRUE","P4wC0IJi2II",3,1,5,1,1,2,6,4,7,2,3,3,9,7,10,5,9,5,3,2,2,1,1,1,5,3,4,2,3,2,10,6,9,5,5,3,0,2,5,0,1,1,1,5,10,0,3,5,3,12,15,1,10,12,10,8,20,5,6,10,20,12,25,9,10,14,35,20,40,15,15,25,20,10,25,1,5,6,30,20,30,2,7,10,50,80,60,5,12,30,50,60,58,4,10,15,60,64,62,6,12,20,90,78,75,9,15,35,20,3000,1.35e+11,0,3,10,1,10,25,2040,20,51,9,8,16,60,65,80,2030,5e+06,8e+06,5e+07,2030,2029,60,65,67
"TRUE","Ptv4OvsRrRM",0,0,0,0,0,0,1,2,3,0,0,0.75,2,10,10,0,0.01,1.5,0.01,0.1,1,0,0.001,0.01,1,1,3,0,0.001,0.05,2,5,5,1e-04,0.05,0.2,0.01,2,3,0,0.01,0.1,0.02,5,6,1e-04,0.2,0.8,0.04,10,12,2e-04,0.4,1.5,0,0.001,0.1,0,0,0.01,0.005,0.05,1,0,0.01,0.2,0.01,0.1,2,1e-04,0.03,0.5,0.01,0.1,0.1,0,0.001,0.001,0.05,0.2,0.2,2e-04,0.005,0.05,0.1,0.5,1,5e-04,0.01,0.1,0.1,0.4,0.5,0.001,0.1,0.05,0.3,1,2,0.005,0.4,1.5,1,2,6,0.01,0.8,3,0.08,1e+05,4e+12,0,0,1,0,0,2,10000,1.5,3,9,10,11,78,76,70,2027,5e+07,4e+08,5e+09,2048,2034,72,65,50
"TRUE","PCAJFEY2qKY",50,5,15,10,5,10,25,25,25,25,5,10,10,25,35,50,15,10,5,5,52,2,2,2,5,9,12,5,5,5,5,12,5,5,5,5,5,5,5,5,55,8,5,8,8,8,8,8,15,12,21,12,12,12,55,50,50,50,50,60,45,55,66,44,55,55,35,55,66,55,55,55,22,12,15,15,15,25,22,22,45,33,33,33,22,33,45,33,33,33,25,12,22,22,22,12,45,22,33,33,45,34,55,44,44,54,34,44,50,2155,2e+09,2,8,12,1,2,25,2030,12,25,12,15,25,66,55,45,2030,25,55,88,2035,2024,70,77,88
"TRUE","P28ZyiuuoY7",0,0,0,0,0,0,1,0,1,0,0,0,1,5,2,0,0.05,1,0,0,0,0,0,0,0,0,1,0,0,0,1,5,2,1,0.05,1,0,1,0,0,1,0,0,3,2,0,3,1,1,5,3,1,5,3,0,0,0,0,0,0,0,0,0,0,0,0,1,1,1,1,1,1,0,0,0,0,0,0,0,0,0,0,0,0,1,0.56,0.56,0,0.56,0.56,0,0,0,0,0,0,0,1,0,0,0.5,0,0.5,3,3,0.1,3,3,0.5,2250,2.4e+09,0,1,1,0,0,1,2075,0,1,9,9,9,62,67,60,2030,1e+07,1e+11,2e+08,2099,2035,56,52,50
"TRUE","PKxng6AzDS5",1,2,2,0,0,0,4,5,4,0,1,2,25,35,15,1,2,4,1,2,5,0,0,3,2,6,8,1,2,5,30,35,40,6,4,7,0,0,1,0,0,0,0,1,2,0,1,2,3,15,12,3,2,5,5,2,5,0,2,4,12,10,15,0,3,7,30,30,40,10,15,30,0,0,0,0,0,1,1,0,1,0,0,2,3,1.5,3,0.5,0.1,4,5,2,1,0,0.2,0.7,8,8,2,15,2,2,12,15,2.5,10,19,19,0.9,2500,NA,0,0,1,0,1,2,2040,0,1,9,9,10,81,84,79,2024,4.8e+11,5.2e+11,5.4e+11,2150,NA,64,68,70
"TRUE","PoXfHuaqm90",0,0,0,0,0,0,1,0.25,0.5,0,0.1,0.5,2,0.5,1,0,0.5,1,0,0,0,0,0,0,0,0.01,0.05,0,0,0,0,0.02,0.075,0,0,0,0,0,0,0,0,0,0,2,5,0,0,0,1,5,7.5,0,1,2.5,1,0.001,0.005,0,0,0,2,0.025,0.01,0,0,0,5,0.05,0.05,0,0,0,0,0,0,0,0,0,0,0.001,0.001,0,1e-04,5e-04,0,0.01,0.01,0,2e-04,0.001,0,1e-04,1e-04,0,0,0,0,1e-04,1e-04,0,1e-05,1e-05,0.1,2e-04,5e-04,0.005,1e-05,1e-05,0.5,20000,5e+09,0,1e-04,0.001,0,0,1,2500,5,10,9,9,10,78,79,75,2030,2e+10,1e+11,2e+12,2090,2027,25,30,40
"TRUE","PSzNbO4h3yE",10,10,20,1,1,2,20,15,40,2,4,5,40,30,60,5,10,15,1,5,1,1,2,4,2,10,3,2,4,12,5,20,6,3,10,15,1,1,2,1,1,2,2,2,4,2,2,3,5,8,10,3,4,5,2,2,5,1,2,5,5,6,10,5,6,12,10,12,20,10,15,25,1,2,3,1,2,3,2,10,12,2,10,6,5,15,16,3,20,25,15,25,35,5,8,16,25,35,45,10,12,18,45,50,55,15,20,30,40,2900,9.99e+08,0,1,5,0,2,8,2060,0,20,10,12,15,70,60,40,2030,5e+07,6e+07,8e+07,2100,2028,40,50,70
"TRUE","PtT5tejRt23",1,2,2,0.001,0.001,0.001,1,2,2,0.001,0.001,0.001,2,3,3,1,2,2,1,1,1,0.05,0.05,0.05,1,1,1,0.05,0.05,0.05,5,5,5,0.05,0.05,0.05,1,3,3,1,0.05,0.05,5,5,5,1,0.05,0.05,5,10,8,1,0.05,0.05,5,5,5,1,0.05,0.05,10,10,10,1,1,1,15,15,15,1,1,1,0.01,0.01,0.09,0.0014,0.0014,0.0014,0.1,0.09,0.3,0.001,0.001,0.001,0.3,0.56,0.56,0.009,0.009,0.009,1,3,3,0.001,0.001,0.001,5,10,10,0.09,0.09,0.09,12,15,15,1.5,1.5,1.5,2,7023,NA,1,2,5,1,2,5,2080,1,4,9,10,12,74,74.5,75.5,2030,1e+07,3e+07,5e+07,2090,2024,71,75,80
"TRUE","PoCba7e5yKF",0.9,1,3,0,0,0,0.4,2,2,0,0,0,0.1,0.85,1,0,0,0,0.85,12,7,0,0,0,0.5,15,10,0,0,0,0.25,4,13,0,0,0.01,0.85,6,3,0,0,0,0.77,5,2,0,0,0,0.2,3,1,0,0,0,0.05,0.1,0.07,0,0,0.03,0.03,0.08,0.06,0,0.02,0.02,0.02,0.06,0.05,0,0.01,0,0.8,5,6,0,0.01,0,0.75,3,5,0,0.02,0,0.6,2,4,0,0,0,1,6,4,0,0.06,0,0.7,5,3,0,0.05,0,0.22,3,2,0,0.04,0,0,1e+61,1.5e+10,4,4,3,7,6,5,2045,0,0,2,2,2,75,80,90,2040,NA,2e+09,5e+07,2040,2040,39,50,60
"TRUE","PNmydPL6XeZ",2,2,10,0.1,0.1,0.01,3,7,10,0.1,0.5,0.01,5,10,2,0.2,0.6,0.01,2,0.05,4,0.1,0.01,1e-04,5,0.5,5,0.1,0.2,1e-04,10,1,10,0.5,0.05,1e-04,3,3,3,0.01,6,1,3,7,4,1,7,2,3,9,5,1,10,0.5,0.05,0.01,1e-04,0.001,0.1,0.1,0.05,0.01,0.007,0.001,0.02,0.02,0.03,0.1,0.005,0.01,0.03,0.03,1,0.001,1,0.09,0.1,NA,1,0.003,1,0.21,0.22,NA,1,0.004,1,0.56,0.5,NA,6,3,0.1,3,5,0.1,7,6,0.5,3,10,0.3,9,15,1,3,20,1,4,2120,5e+09,0,0,1,0,0,1,2070,0.5,5,9,10,12,65,70,75,1e+210,8.7e+07,8.5e+07,8.2e+07,2090,NA,50,40,30
"TRUE","PaLTmhWsVUB",3e-05,3e-05,3e-05,3e-07,3e-07,3e-07,6e-05,6e-05,6e-05,6e-07,6e-07,6e-07,6e-05,6e-05,6e-05,6e-07,6e-07,6e-07,1e-06,1e-06,1e-06,1e-07,1e-07,1e-07,2e-06,2e-06,2e-06,2e-07,2e-07,2e-07,2e-06,2e-06,2e-06,2e-07,2e-07,2e-07,1e-05,1e-05,1e-05,1e-07,1e-07,1e-07,2e-05,2e-05,2e-05,2e-07,2e-07,2e-07,5e-05,5e-05,5e-05,5e-07,5e-07,5e-07,0.001,0.001,0.001,1e-05,1e-05,1e-05,1e-04,1e-04,1e-04,1e-06,1e-06,1e-06,1e-04,1e-04,1e-04,1e-06,1e-06,1e-06,1e-05,1e-05,1e-05,1e-07,1e-07,1e-07,1e-05,1e-05,1e-05,1e-07,1e-07,1e-07,1e-05,1e-05,1e-05,1e-07,1e-07,1e-07,0.001,0.001,0.001,1e-05,1e-05,1e-05,1e-04,1e-04,1e-04,1e-06,1e-06,1e-06,1e-04,1e-04,1e-04,1e-06,1e-06,1e-06,1e-06,2550,1.2e+11,0,0,0,0,0,0,2080,0.001,0.01,9,9,9,78.5,79.4,82.4,2030,2e+07,1.6e+08,1e+11,2100,2040,70,70,70
"TRUE","PVWYTLkhw8t",20,5,8,5,2,1,55,5,9,9,5,1,70,10,10,15,9,2,10,0.5,10,1,0.5,30,30,1,23,1.5,1,25,60,3,50,3,5,10,20,65,45,4,7,10,21,70,47,6,8,19,25,78,57,10,11,22,6,10,15,30,60,10,10,25,15,31,62,17,10,15,15,39,70,20,10,3,65,12,2,8,15,8,68,15,2.5,12,15,15,75,19,5,10,10,65,5,2,2.5,3,15,60,10,6,3,5,18,50,15,10,5,7,10,7802023,40,10,16,20,2,6,8,2055,90,90,22,29,40,70,79,85,2025,2e+07,4e+07,6e+07,2047,2100,10,20,25
"TRUE","PYeb0elczXn",0.2,1,1.2,0.01,0.3,0.33,0.5,4,4.2,0.03,0.5,0.6,1,10,10.5,0.1,1,1.1,1,2,2.2,0.05,0.6,0.7,2.5,6,6.5,0.15,1,1.2,5,12,14,0.5,2,2.2,0.08,0.4,0.5,0.02,0.2,0.25,0.4,2,2.2,0.1,1,1.2,2,8,9,0.3,5,6,0.1,0.5,0.6,0.02,0.07,0.75,0.5,2,2.2,0.7,0.25,0.3,2,8,8.5,0.25,1,1.1,0.01,0.01,0.01,0,0,0,0.02,0.02,0.02,0,0,0,0.05,0.05,0.05,0.01,0.01,0.01,0.2,0.6,0.6,0.01,0.6,0.6,2,6,6,1,3,3,5,20,20,3,10,10,3,12000,8e+11,0,0,2,0,0,1,2060,0.01,0.02,9,9,10,72.5,73,75,2030,8e+06,1.2e+07,5e+07,2110,2040,70.7,47,40
"TRUE","PmE2U3HDzSV",1,2,1,2,1,1,1,1,2,1,1,2,5,5,5,10,5,5,1,1,5,1,1,2,1,2,1,1,2,1,1,1,2,5,1,1,1,1,1,1,2,2,1,2,2,1,1,1,5,5,5,5,5,10,3,2,2,5,2,1,55,2,3,5,5,1,10,5,5,10,5,1,1,1,1,1,1,1,9,10,1,2,5,2,1,20,1,10,10,0.5,2,2,2,1,2,1,5,2,4,2,2,2,17,5,12,12,17,19,20,3023,9e+09,0,0,1,0,0,0,2100,100,100,9,8,5,30,50,80,2025,5e+07,1e+10,2e+10,2080,2100,55,44,20
"TRUE","PgVAWQihvSf",0.2,0.4,0.2,0,0,0,0.5,0.6,0.4,0,0,0,1,1.7,2.5,0.1,0.001,0.001,0.2,0.3,0.2,0.01,0.05,0.05,0.2,0.3,0.2,0.05,0.09,0.08,0.8,0.5,0.7,0.1,0.1,0.1,0.2,0.4,0.5,0,0,0,0.3,0.5,0.6,0.01,0.5,2,0.5,0.6,0.7,0.5,0.9,3,0.05,0.1,0.1,0.001,0.05,0.05,0.1,0.2,0.3,0.01,0.2,0.1,0.5,1,0.8,0.1,1,0.8,0.002,0.001,0.001,0.001,0.001,0.001,0.002,0.04,0.03,0.002,0.003,0.004,0.018,0.09,0.09,0.09,0.09,0.09,0.001,0.01,0.01,0.001,0.01,0.01,0.02,0.02,0.02,0.002,0.2,0.2,0.5,1.5,1.6,0.5,1,1,0.5,2598,8e+10,0,2,5,0,1,3,2075,2,7,9,12,17,59.4,62.2,65.2,2057,6e+06,3.2e+07,5.2e+07,2100,2112,71,75,79
"TRUE","PYVARDjDafq",2,1,3,0,0,0,3,1,4,0,0,0,5,1,7,0,0,0,5,1,1,0,0,1,15,20,20,0,0,1,35,55,30,0,0.05,1,1,1,3,1,1,1,1,3,5,1,3,5,3,5,7,1,5,10,1,2,5,1,1,1,2,5,10,1,1,1,8,10,15,1,1,1,0.1,0.1,0.5,0,0.1,0,0.1,0.3,1,0,0.3,0.5,0.1,0.5,2,0,0.5,0.75,1,1,1,0,1,0.5,3,10,7,0,10,0.7,5,19,20,0,19,1,1,12023,2.5e+10,0,1,2,0,0,1,2050,1,4,9,10,12,167600000,1.72e+08,1.85e+08,2040,2e+10,2.2e+10,2.7e+10,2099,NA,70,75,68
"TRUE","P7m1zbFUJRe",3,6,10,1,3,5,22,25,20,3,10,18,30,28,38,5,20,32,10,7,12,1,5,3,25,19,27,3,12,19,35,28,33,15,19,39,10,7,12,2,6,3,15,10,21,10,8,12,23,18,30,18,16,21,20,30,30,18,26,20,45,52,55,40,49,45,75,80,79,73,68,77,2,10,12,1,4,3,5,18,22,2,15,6,20,30,36,16,26,22,40,45,45,10,40,16,58,66,67,25,60,30,79,80,82,48,75,52,55,2200,9e+08,5,15,25,5,10,20,2050,60,80,150,199,220,60,45,40,2100,5e+08,1e+09,2.5e+08,NA,2055,5,25,35
"TRUE","PwLYtBBlIdU",20,22,27,1,0,1,39,35,37,6,5,7,52,48,43,11,13,10,39,37,31,28,35,28,58,51,58,48,39,32,73,74,82,53,42,51,4,3,2,3,1,1,26,24,21,4,2,3,39,32,28,4,4,5,38,39,31,1,1,2,42,47,42,2,3,2,51,54,53,4,4,3,12,13,12,0,1,0,15,15,16,2,2,2,21,19,21,3,5,4,37,42,38,1,0,1,42,52,42,3,2,2,58,64,56,4,3,5,16,9305,945939492,10,4,0.8,0,1,3,NA,2,16,9,13,24,59,63,93,2045,5.2e+07,1.4e+09,8.9e+09,2083,2145,79,82,88
"TRUE","PTzmcTo8HLY",1,0.01,1,0.001,0.001,0.5,2,0.03,3,0.01,0.002,1,3,0.1,6,0.02,0.01,2,0.5,0.01,1,0.001,0.001,0.5,1,0.03,3,0.01,0.002,1,1.5,0.1,6,0.02,0.01,2,0.001,0.001,0.001,0,0.001,0.001,0.001,0.1,0.002,0,0.002,0.002,0.002,0.15,0.003,0.1,0.003,0.003,0.6,0.45,2,0.2,1,0.1,0.8,1,3,0.5,1.2,0.25,1.3,2,5,1,1.5,0.5,3,1,5,0.06,0.5,0.05,5,3,8,0.1,1,0.1,8,5,10,0.2,1.6,0.14,2,2,4,0.1,1,0.01,5,3,6,0.2,1.2,0.06,12,6,7,1,2,0.11,1,2075,2e+09,25,400,1421,2000,3200,6000,2100,0.1,0.6,7,7,3,58.7,40,36.3,NA,NA,NA,NA,2080,NA,35,45,12
"TRUE","P8VZdzuuT2p",75,60,50,65,50,55,80,55,45,60,45,50,70,45,40,50,40,45,80,85,70,80,75,75,75,75,65,75,70,65,70,70,60,70,65,60,80,50,70,80,60,70,85,45,65,75,55,65,89,40,60,70,50,60,65,65,50,70,60,60,75,60,60,80,65,65,80,55,65,85,68,67,65,65,70,70,60,50,70,65,65,75,65,50,80,65,60,80,68,50,50,50,50,50,50,50,50,50,50,50,50,50,50,50,50,50,50,50,55,3025,NA,0,0,2,0,0,2,2050,30,60,9,18,36,85,82,85,2200,2e+11,3e+11,5e+11,2100,2100,50,40,30
"TRUE","P5KxuczwJ2W",1,2,10,0,0,1,2,2,12,0,0,2,3,3,14,1,0.1,3,0.01,1,5,0,0.1,1,0.1,1,6,0,0.2,2,0.2,1,7,1,0.3,3,0,0,1,0,0,0,0,0,1,0,0,0,0,0,2,0,0,1,1,1,10,0.1,0.2,1,5,2,15,0.5,0.3,2,8,3,18,1,0.5,4,2,2,10,0.01,0,5,5,4,15,0.1,1,8,7,5,20,0.15,2,10,3,1,10,0.01,0,1,5,2,15,0.02,0,3,7,4,18,0.03,1,5,3,4250,5e+10,0,0,0,0,0,0,2042,0.4,3,9,9,9,78,77,75,2028,1.1e+07,1.3e+07,1.4e+07,2061,2045,70.55,73,78
"TRUE","PvUcVV3dJ5Z",4,3,1,0,3,1,6,4,2,1,5,1,8,6,4,11,9,3,3,1,2,0,0,0,10,3,8,2,1,1,12,6,9,3,2,1,2,1,2,1,1,2,6,4,5,2,4,5,22,10,10,10,5,10,0.5,0.01,0.05,0.5,0.1,0.1,5,0.1,0.1,5,9.5,0.5,12,1,15,12,1,12,1,0.1,0.1,1,0.01,0.01,1,0.1,0.1,1,0.01,0.01,2,0.6,0.5,1,0.4,0.5,0.1,0.1,0.5,0.1,0.1,0.5,0.5,0.5,3,0.5,0.5,3,1,2,6,1,2,5,5,1200002023,6e+09,2,12,16,1,5,6,2050,0.2,1,9,9,11,73,74,75,2030,1.1e+11,2.5e+11,5e+11,2060,2050,55,50,40
"TRUE","PKaUKvu4Ak5",10,2,20,0.02,0.001,2,25,10,30,0.1,0.002,5,35,30,40,0.2,0.003,7,5,2,10,0.002,0.001,1,10,7,15,0.003,0.002,2,15,15,20,0.1,0.005,3,0.001,0.001,1,0.001,1e-04,0.1,0.002,0.001,5,0.001,2e-04,0.2,0.1,0.003,10,0.001,3e-04,0.3,3,1,5,0.07,0.03,2,5,3,10,0.1,0.05,6,20,10,20,0.2,0.1,10,0.5,0.02,5,0.02,0.02,1,1,0.05,10,0.06,0.04,3,3,0.1,15,0.1,0.08,5,1,0.1,2,0.01,0.01,1,4,0.2,5,0.02,0.02,5,8,0.3,9,0.05,0.03,9,7,2460,2e+10,6,20,22,7,13,30,2123,2,67,10,15,4,69,58,72,2040,1.2e+07,5e+07,5e+08,2026,2025,72,80,62
"TRUE","PRZkfVJ4ftN",2,1,2,0.1,0.1,0.1,8,6,7,0.3,0.2,0.2,20,18,18,1,0.8,1,2,1.2,1.5,0.1,0.1,0.1,8,7,8,0.3,0.3,0.3,25,22,20,1,0.9,1,0.1,0.1,0.1,0.1,0.1,0.1,0.5,1,1,0.3,0.7,0.7,5,4,5,5,5,5,0.1,0.09,0.1,0.005,0.003,0.005,1,0.8,1,0.01,0.005,0.007,5,7,8,0.05,0.03,0.04,1e-06,1e-06,1e-06,1e-05,1e-05,1e-05,0.005,0.004,0.005,0.001,0.002,0.001,0.04,0.04,0.05,0.01,0.02,0.01,0.5,0.4,0.5,1e-04,1e-04,1e-04,5,4,5,1,1,1,27,25,25,10,9,10,10,2700,8.8e+10,0,0,0,0,1,1,2065,0.2,0.8,9,9,10,72,70,70,2045,3.5e+07,4.8e+07,5.8e+07,2070,2060,65,67,71
"TRUE","P1GNkk1uuqi",15,10,5,2,1,1,20,15,10,3,1,1,30,20,15,4,1,1,10,9,8,5,2,1,12,10,9,6,2,1,15,11,10,5,2,1,10,9,5,4,2,1,15,12,7,6,3,2,20,15,9,8,4,3,25,20,15,12,5,2,30,25,20,15,10,5,35,30,25,17,15,7,10,5,5,5,5,5,10,5,5,5,5,5,10,5,5,5,5,5,10,5,3,4,3,1,25,10,5,5,4,2,35,15,7,6,5,3,NA,NA,NA,0,0,1,0,0,1,NA,5,15,9,10,11,100,90,75,NA,50,20,15,NA,NA,25,20,20
"TRUE","P1rYERhwf4k",1,1,1,0,0,0,2,2,2,0,0,0,3,3,3,1,1,1,1,1,1,0,0,0,1,2,2,0,0,0,5,5,5,0.5,0.5,0.5,1,1,1,0,0,0,2,2,1,0,0,1,5,5,5,2,2,1,2,2,3,1,1,1,6,6,6,1,1,1,10,10,9,3,1,1,0,0,0,0,0,0,0,0,0,0,0,0,1,1,1,1,1,1,1,1,1,0,0,0,5,5,1,2,2,3,15,15,12,9,10,9,15,2200,3e+09,0,0,0.5,0,0,0.1,1e+210,0.8,6,9,9,10,75,76,82,2060,5e+06,1e+07,1e+09,NA,2032,71,60,51
"TRUE","PY5KybM5FPN",1,2,5,1,1,2,5,10,20,5,2,10,10,30,33,10,7,33,2,1,2,2,0.001,2,5,5,10,1,1,5,10,20,30,0.001,2,10,0,0,0.001,0,0,0.001,2,5,5,1,1,2,33,10,25,5,2,10,1,1,5,0.001,0.001,1,5,5,10,1,1,2,10,10,15,2,1,5,0.001,0.001,1,0.001,0.001,0.5,0.05,0.5,5,0.01,0.05,1,0.1,1,10,0.1,0.1,5,5,5,5,0.001,0.001,1,10,10,10,0.05,0.1,5,20,20,25,0.1,1,10,1,2173,1.3e+08,10,15,20,0.01,1,5,2050,0.001,1,9,10,12,67,70,60,2025,2e+07,5e+07,1e+08,2050,2050,65,55,50
"TRUE","P6vIkmYbNfo",2,1,5,0.1,0.1,1,10,2,13,1,0.5,5,15,2.5,15,5,0.9,10,1,1,5,0.2,0.1,0.5,5,3,10,0.3,0.2,0.6,10,5,15,0.6,0.3,1,8,3,10,5,4,8,12,5,15,8,7,10,15,10,20,10,8,12,50,30,60,50,25,55,60,35,70,60,30,60,70,40,80,70,35,65,1,1,2,0.1,0.1,0.5,3,2,5,0.3,0.2,0.8,5,3,10,0.5,0.3,0.9,35,15,35,35,10,40,40,20,45,45,15,40,45,25,47,45,20,40,25,2150,9.6e+09,0,0,0,0,1,2,2050,90,60,10,10,10,74,76,80,2030,1e+08,5e+08,1e+12,2050,2033,85,89,95
"TRUE","P21O8B79abi",1,1,1,0,0,1.6e-05,2,10,5,0.1,0.5,3.16e-05,10,20,10,1,1,6.32e-05,0.1,1,0.1,0,0,0,0.5,2,1,0,0,0,2,5,5,0.05,0.05,0.01,2,1,2,1,1,1,10,10,5,5,2,5,20,15,10,15,5,20,10,5,5,5,0.5,2,20,10,10,10,2,5,25,15,15,20,5,10,0.01,0.01,0.01,0.01,0,0,1,0.01,0.05,0.01,0.01,0.01,5,0.1,0.1,2,0.09,1,2,1,0.2,0.01,2,2,5,5,2,5,10,5,15,15,5,10,19,15,20,2120,1.5e+08,1,5,10,2,5,15,2050,25,75,10,11,14,71,65,60,2025,1.2e+07,2e+07,6e+07,2075,2023,73.15,79.15,85.15
"TRUE","PWeAPCbKE0n",1,1,1,0,0,0,1,1,2,0,0,0,2,3,5,0,0,0,1,1,1,0,0,0,1,1,2,0,0,0,3,5,5,0,0,1,0,0,0,0,0,0,0,0,0,0,0,0,0,0,0,0,0,0,5,5,5,0,0,0,5,6,10,0,0,0,10,10,12,0,0,0,0,0,0,0,0,0,0,0,1,0,0,0,1,1,2,0,0,1,1,1,1,0,0,0,1,1,2,0,0,2,2,2,5,1,2,5,NA,NA,NA,0,1,3,0,2,4,2080,1,5,9,10,13,75,78,80,2034,10,50,100,2080,2035,65,50,45
"TRUE","PyuwfV7ueyq",1,3,2,0,0,3,3,8,10,0,1,6,6,10,12,0,2,10,2,1,4,0,0.01,0,5,3,10,0.01,0.5,1,8,5,15,0.05,1,4,0.5,1.5,3,0.05,0.5,2,1,2.5,8,0.5,2,5,2,5,12,1,5,8,0,10,10,0,0.05,0.5,2,13,11,0.5,0.5,2,4,15,13,1,1,4,0,0.005,0.05,0,0.005,0.05,0,0.05,0.5,0,0.01,0.5,0.05,0.1,1,0.05,0.05,1,0.05,0.5,0.5,0,0.005,0.05,0.05,0.5,1.5,0,0.05,0.5,0.5,1,3,0.05,0.5,0.75,1,2200,2e+09,0,0,0,2,4,6,2200,5,5,9,9,13,72,70,60,2030,1.5e+07,1.5e+08,1e+11,2099,2150,75,77,82
"TRUE","P9G5Nsqt0wt",4,4,8,1,1,1,5,6,10,2,3,6,8,8,12,4,7,14,1,2,4,1,1,2,1,3,5,1,2,4,3,7,7,2,3,4,0,1,1,0,0,0,2,4,3,0,0,0,3,6,7,1,3,2,10,8,10,7,3,5,15,10,8,10,6,2,25,15,15,18,11,11,0,0,1,0,0,0,0,0,1,0,0,0,0,0,2,0,1,1,7,10,10,2,5,5,8,12,14,3,8,8,12,15,22,5,12,15,10,2180,4.5e+09,0,0,0,0,1,5,2040,1,3,9,11,15,60,64,70,2030,2.5e+11,3.5e+11,7.5e+11,2080,2050,10,12,15
"TRUE","PVWEeAGa8CH",5e-05,7e-07,5e-06,6e-09,5e-07,5e-07,6e-04,6e-05,5e-05,5e-04,5e-05,4e-05,0.001,0.004,5e-04,1e-04,5e-04,5e-06,3,0.08,0.07,1,0.01,0.02,4,0.09,0.08,2,0.02,0.0275,5,5,5,0.045,0.04,0.04,2.5,2,2,1,1,1,4,4,4,3,3,3,5,5,5,5,5,5,3,0.03,0.03,5e-04,5e-04,5e-04,5,0.05,0.05,0.008,0.008,0.008,7,1,1,0.01,0.005,0.005,0.3,0.3,0.3,0.1,0.09,0.09,0.5,0.5,0.5,0.3,0.3,0.3,1,1,1,0.56,0.56,0.56,0.5,0.5,0.5,0.16,0.16,0.16,1,1,1,0.5,0.5,0.5,2,2,2,1,1,1,1,2130,1.5e+10,10,13,15,0.005,0.1,1,2045,1,5,10,15,25,80,82,84,2030,3e+25,4e+28,5e+34,2053,2036,110,100,96
"TRUE","P3JtuLZxHUt",0.01,0.01,0.05,0.01,0.01,0.01,0.01,0.05,1,0.01,0.5,0.01,0.01,3,5,0.1,2,2,0.01,0.01,0.01,0.01,0.01,0.01,0.01,0.05,1,0.01,0.01,0.01,0.5,5,5,0.01,0.01,0.1,0.01,0.01,0.01,0.01,0.01,0.01,0.01,0.01,0.01,0.01,0.01,0.5,2,5,5,0.5,1,5,0.05,0.01,0.01,0.01,0.1,0.1,0.05,0.5,0.5,0.01,0.1,1,0.5,1,5,0.01,1,1,0.01,0.01,0.01,0.01,0.01,0.01,0.01,0,0.01,0.01,0.01,0.01,0.02,0.01,0.01,0.01,0.01,0.01,0.05,0.1,0.5,0.01,0.1,0.1,0.05,0.5,1,0.01,0.6,0.6,2,5,5,0.5,6,6,0.5,3000,5e+10,0,0,2,0,0,0,2085,0.4,1,9,9,9,78.3,78.9,80.1,2035,4e+06,2e+06,1e+06,2035,2030,50,40,20
"TRUE","PXctH55oDPm",50,30,10,50,30,10,50,30,10,50,30,10,50,30,10,50,30,10,50,50,50,50,50,50,50,50,50,50,50,50,50,50,50,50,50,50,50,10,10,50,30,30,50,10,10,50,30,30,50,10,10,50,30,30,50,30,10,50,30,30,50,30,10,50,30,30,50,30,10,50,30,30,50,40,40,50,30,40,50,40,40,50,40,30,50,30,30,50,30,20,50,40,30,50,40,20,50,20,20,50,20,10,50,20,20,50,20,10,50,2120,1.04e+10,0,0,0,0,0,0,NA,30,30,9,9,9,0,0,0,2025,2e+10,2e+10,2e+10,2100,2100,70.55,70.55,70.55
"TRUE","P7pQJVDUCBm",0.5,1,2,0,1,0,2,4,6,0,2,1,5,10,15,0.5,4,15,0,1,2,0,1,5,1,2,5,0,2,10,2,8,15,0,10,50,0,0,0,0,0,1,0,0,0,0,1,5,0,1,5,0,5,25,5,5,20,0,0,1,2,10,40,0,0,2,1,20,55,0,0,4,0,1,5,0,1,5,0,2,10,0,2,10,0,4,20,0,4,25,0,1,5,0,0,1,0,2,10,0,0,2,0,4,20,0,0,5,12,3000,450000,0,0,0,0,0,0,2100,1,2,9,9,10,55,60,65,2030,20,30,50,2099,2026,50,55,65
"TRUE","PYVgr8a5de9",0.5,1,1,0.001,0.1,0.01,0.7,1.5,1.5,0.01,0.5,0.05,2,8,5,0.1,1,0.1,0.2,0.5,1,0.001,0.05,0.01,0.5,1,1.5,0.01,0.1,0.05,1,1.5,2,0.1,1,0.1,0.001,0.01,0.05,0.001,0.008,0.01,0.005,0.05,0.1,0.005,0.01,0.05,0.01,0.1,0.5,0.08,0.09,0.07,2,5,4,1.5,6,5,5,10,8,5,12,10,10,30,20,10,35,25,8,10,12,5,8,10,10,20,25,8,15,20,15,25,30,10,20,25,10,12,10,8,10,8,15,20,12,12,15,10,30,30,25,25,25,15,25,2300,6.5e+09,0,1,2,0,2,5,2040,15,17,9,10,12,76,73,70,2025,1.5e+10,2e+10,2.5e+10,2070,25,80,82,85
"TRUE","PT1JHzGsqYm",5,1,10,0,0,1,10,5,15,0,0,1,15,8,20,1,1,1,50,40,20,0,0,0,30,20,10,0,0,0,20,10,8,1,1,0,1,1,0,0,0,1,1,1,0,0,0,1,5,5,10,1,1,4,10,15,15,5,5,15,15,20,20,10,10,20,20,25,25,15,15,25,10,15,5,1,3,2,15,20,10,2,4,3,20,25,15,3,5,5,60,75,60,5,5,5,50,70,55,10,10,10,50,65,50,15,15,15,NA,NA,NA,10,15,5,2,3,4,2100,80,90,15,30,40,60,70,75,2030,1e+08,2e+08,5e+08,2085,2050,75,75,80
"TRUE","PXMJgviFNZG",0.5,0.1,0.1,0,0,0,10,10,10,0,0,0,15,15,15,0.001,0.001,0.001,0.5,1,1,0.001,0.001,0.001,10,10,10,5,5,5,40,40,40,10,10,10,0,0,0,0,0,0,0.001,0.001,0.001,0,0,0,20,20,20,20,20,20,20,20,20,20,20,20,50,50,50,50,50,50,50,50,50,50,50,50,20,20,20,0.05,0.05,0.05,30,30,30,0.5,0.5,0.5,75,75,75,50,50,50,60,60,60,0.5,0.5,0.5,75,75,75,10,10,10,90,90,90,25,25,25,50,3000,2.5e+07,0,0,1,0,0,1,2050,0,0,10,15,20,70,60,55,2024,1e+07,2e+07,5e+07,2100,2024,60,70,80
"TRUE","PWBlD83IXzc",2,1,2,0.05,0.5,1,3.5,2,5,0.1,0.1,0.9,5,2.5,10,0.5,1,1.5,0.01,0.05,0,0,0.01,0.01,0.1,0.05,0.01,0.02,0.05,0.05,0.2,0.1,0.02,0.1,0.2,0.5,2,2.5,5,1,3,2,3.5,4,5,2,3.5,2.5,5,10,10,5,5,5,10,5,10,0.05,0.05,0.05,15,15,10,0.1,0.1,0.5,30,25,30,0.5,1,1,0.01,0.01,0.01,0,0,0,0.1,0.05,0.05,0.01,0,0.01,0.5,0.1,0.15,0.01,0.01,0.01,2,1,1.5,0.1,0.01,0,2.5,2,2,0.1,0.02,0,5,4,4,0.5,0.05,0.01,30,3020,5e+06,0.5,5,10,0,2,4,2050,70,80,2,4,7,70,75,80,2025,7e+06,1.2e+07,2e+07,2050,2025,67,70,80
"TRUE","PoMwyaBZi1n",5,2,4,10,8,7,3,1,2,7,4,5,1.5,0.5,1,3,2,3,12,10,11,9,7,8,9,8,9,7,5,6,5,6,7,5,3,4,0.1,0.2,0.1,0.2,0.3,0.2,0.1,0.3,0.3,0.3,0.4,0.3,0.1,0.5,0.5,0.5,0.6,0.4,10,12,15,0,0,0,30,35,20,0,0,0,40,42,25,0,0,0,10,5,7,11,20,22,20,15,11,15,24,25,40,30,14,17,28,27,40,50,50,50,60,60,50,60,65,60,62,70,70,70,76,70,64,75,50,5000,5.47e+13,1,5,10,3,7,15,2040,1,3,10,27,42,92,75,40,2070,2e+11,5e+11,7e+11,2090,2050,25,40,60
"TRUE","PZE3puRlDvT",50,50,50,0,0,0,40,40,40,0,10,0,0,30,30,0,20,0,60,50,50,5,1,1,20,15,20,0,0,0,10,5,10,0,0,0,5,0,5,0,0,0,15,5,10,0,0,0,20,10,15,0,0,0,20,10,10,10,10,15,30,8,8,8,8,20,40,6,6,6,6,25,5,1,1,0,10,5,10,5,5,0,8,10,15,10,10,0,6,15,60,1,1,10,10,15,40,5,5,8,8,20,40,10,10,6,6,25,15,NA,NA,0,1,5,1,5,5,2040,20,30,10,18,0,70,60,50,2026,2e+11,4e+11,1e+12,2101,2030,80,60,40
"TRUE","PV6alBlyXyh",2,0.2,0.1,1.5,0.01,0.02,2.5,0.25,0.2,2,0.02,0.4,10,8,6,5,0.05,0.5,0.01,0.05,0.1,0.1,0.5,1,0.5,0.9,0.5,0.5,0.8,0.9,5,3,2,6,3,2,0,0.01,0,0,0,0,0.01,0.05,0.01,0.01,0.01,0.01,0.5,0.1,0.2,0.4,0.1,0.2,18,12,15,5,2,1,20,10,12,15,12,12,80,30,25,30,20,20,0.25,0.05,0.02,0.5,0.8,0.8,0.75,0.9,0.04,0.75,0.9,0.9,3,2,2,1.5,2,2.5,15,8,4,2,1,1.5,20,10,5,5,5,2,25,15,10,20,8,5,5,1500002023,6e+11,10,15,20,30,45,50,2030,25,40,9,10,12,75,78,85,2050,5e+06,6e+06,1e+07,2080,2035,80,85,95
"TRUE","P1EelDibiO2",0.5,0.1,0.5,0,0,0,20,30,20,0.01,0,0,50,60,50,1,0.1,0.1,0,0.001,0.1,0,0,0,0.1,0.5,0.3,0,0.001,0.001,10,5,10,0.001,0.5,0.9,0,0,0,0,0,0,0.1,0.1,0.5,0,0,0,60,50,80,20,10,10,50,50,50,50,50,50,50,50,50,50,50,50,100,60,50,50,50,50,0,0,0.5,0,0,0,0.1,0.5,1,0.1,1,0.28,0.5,0.5,1,0.5,1,0.56,25,25,25,0.1,0,0,50,50,50,1,2,5,50,75,50,5,5,19,1,50,100,20,60,200,1,3,10,2100,50,50,3,5,10,80,83,95,50,1e+08,1e+09,1e+10,2050,2050,30,27,25
"TRUE","POQv4APL71w",10,15,0.01,1e-12,9e-11,1e-08,20,20,10,1e-06,1,1,30,30,10,1,2,2,15,2,2,1e-05,0.00101,0,20,4,4,9e-06,0.04,0.04,35,5,5,0.1,0.05,0.05,2,2,2,1,2,2,4,5,4,1.05,4,4,5,10,5,1.9,5,5,3,2,1e-05,1,0.001,0.002,5,5,0.004,1,0.0015,0.5,9,10,0.005,1,1,0.9,0.009,1e-07,2e-04,1e-12,1e-10,0.56,0.01,1e-05,0.04,1e-04,1e-05,0.56,0.1,0.001,0.04,0.001,1e-04,1.46,49.5,5,5,0.01,9,0.09,50,10,10,0.09,1.9,1.9,50,19,19,1,2,2,15.5,2123,1e+13,5,6,7,17,17,17,2050,100,100,9,9,10,48,58,60,2025,6e+06,1e+07,1.5e+07,2050,2050,80,80,99
"TRUE","PHc7abs1CeH",5,7,3,0.1,0.5,0.05,7,10,5,0.5,0.7,0.25,10,15,8,1,1.5,0.5,7,9,5,3,5,1,10,12,7,7,9,5,12,15,10,10,12,7,0.5,2,0.1,0,0,0,3,5,1.5,1.5,2,1,6,10,3,3,4,2,30,40,25,20,25,20,45,50,35,30,35,30,55,55,50,40,45,40,2,4,1,1,3,1,5,7,3,3,6,3,10,14,6,7,12,5,10,10,7,7,9,5,12,15,10,12,13,7,20,25,15,15,20,10,35,2300,NA,0,1,2,0,1,2,2040,10,30,9,10,14,80,70,65,2040,7e+06,1e+07,2e+07,2075,2030,78,72,60
"TRUE","PO5lOrHU9mM",15,3,5,0,0,0,20,5,7,0,0,0,28,10,12,0,0.5,0,15,0,0,0,0,0,10,5,0,0,0,0,8,10,5,0,1e-04,0.05,0,0,0,0,0,0,4,0,0,0,0,0,10,5,10,0,5,5,3,3,5,0,0,0,8,5,10,0,0,0,15,10,15,0.01,0.001,0.5,0,0,0,0,0,0,1e-04,0,0,0,0,0,0.001,0,0,0,0.001,0.001,20,15,8,0,0,0,25,18,13,0,3,0,35,25,18,5,19,10,15,2200,2.42e+10,0,2,5,2,6,15,2035,25,35,11,13,18,75,78,82,2035,4400000,3400000,2500000,2035,2030,45,35,18
"TRUE","PdfXVwSypvz",10,10,15,15,18,15,15,15,20,20,18,17,20,20,22,20,20,21,10,10,14,15,18,18,14,15,15,15,16,16,18,18,17,17,17,17,5,5,5,5,5,5,10,10,10,10,10,10,13,15,13,15,10,10,15,15,15,15,16,14,15,15,15,15,16,14,18,18,18,18,18,18,12,10,11,12,10,11,12,11,11,12,11,10,11,12,10,11,10,11,13,13,13,13,13,13,15,15,15,15,15,15,18,18,18,18,18,18,16,2400,2.8e+08,2,4,6,3,6,10,2040,5,8,10,10,10,70,60,50,2028,3e+12,5e+12,1e+13,2099,2030,3,2,1
"TRUE","PNVn04f1hux",2,4,1,10,1,5,3,2,5,0,5,4,7,6,4,0,4,1,2,3,9,4,6,6,7,3,0,5,1,1,1,4,1,1,3,3,1,5,3,6,4,4,6,3,5,1,0,2,3,3,1,3,6,2,6,7,4,4,9,10,7,2,3,4,1,5,0.01,1,3,5,4,3,1,6,4,9,6,5,8,5,3,5,5,6,1,3,5,3,2,7,7,5,5,6,1,2,3,5,3,1,9,4,4,0.01,2,3,6,5,6,2120,1e+06,4,2,3,2,1,0,2030,20,25,4,2,2,40,55,59,2025,2e+07,1e+07,3e+07,2100,2026,20,25,27
"TRUE","PcNKnAmsc7C",5,5,5,1,1,2,10,8,10,3,4,3,15,10,12,5,5,5,5,3,4,2,1,1,7,4,5,3,2,2,10,5,6,5,4,3,5,5,5,2,3,2,10,6,6,4,6,6,15,9,10,10,9,9,10,10,8,10,8,10,20,12,10,12,20,12,25,25,20,29,21,13,4,3,2,4,5,4,10,18,17,16,17,20,30,32,30,39,28,30,5,4,5,6,5,5,19,17,25,16,14,16,25,25,30,20,30,20,30,2150,1.4e+11,1,1,1,0,0,1,2030,1,3,10,10,10,70,65,60,2030,1e+07,2e+07,1e+08,2050,2025,10,20,20
"TRUE","P8eSYyEn626",30,20,60,50,60,80,50,40,80,60,80,90,80,65,95,70,99,99,40,60,50,70,60,80,80,75,70,60,70,89,99,90,80,80,95,95,10,20,15,50,80,80,50,60,50,80,90,99,99,90,99,90,100,100,50,42,60,40,30,50,60,56,80,60,60,80,70,99,99,100,90,99,10,10,5,10,20,15,15,20,13,15,25,30,20,30,16,25,30,40,20,30,20,30,20,10,30,35,30,40,30,20,50,60,50,60,35,30,70,2070,750000,0,3,5,0,3,5,2035,50,60,15,20,25,69,79,80,2024,5e+05,1e+09,9e+06,2090,2025,65,60,40
"TRUE","PJtE6mcNxCj",7,1,18,2,2,2,60,75,90,18,22,34,97,99,99,65,74,79,0,1,2,1,1,1,8,17,30,2,17,22,8,64,77,4,87,90,0,1,4,1,1,1,40,45,45,45,56,62,60,62,68,56,78,87,6,10,10,6,10,10,50,60,47,50,60,47,50,80,77,50,80,77,1,1,2,1,4,6,2,6,11,2,18,14,2,12,28,2,65,57,4,2,1,4,2,2,22,37,16,16,19,8,87,80,47,20,45,18,NA,2070,NA,0,1,7,1,4,7,NA,5,85,11,14,23,80,75,31,2028,6e+06,2.8e+07,2e+09,NA,2048,30,47,85
"TRUE","Pm79Pfj5MXs",6,3,4,0,0,0,10,7,9,1,1,0,12,10,13,3,2,1,7,8,12,0,0,2,13,13,18,0,1,4,20,22,25,1,2,5,0,2,2,0,0,2,3,4,8,0,1,3,5,5,12,1,2,5,3,2,10,0,0,2,17,20,17,0,0,3,25,25,28,1,1,5,0,2,3,0,0,1,0,3,5,0,0,2,3,4,8,0,1,3,6,6,12,0,1,2,18,13,17,0,2,3,27,30,40,2,3,6,2,3126,NA,0,0,1,0,0,1,2040,0,3,9,9,10,67,73,77,2035,3e+08,1e+09,1e+10,2075,2040,50,65,75
"TRUE","P3r2uTwzoCU",20,30,15,5,7,5,30,20,10,15,6,4,35,25,5,10,8,3,3,2,10,1,0.1,1,2,1,12,2,1,2,1,1,20,1,1.5,1,5,2,10,3,10,5,3,1,15,2,20,2,2,0.1,20,1,30,1,20,30,50,5,1,1,30,40,60,3,2,1,45,50,70,2,3,1,0.5,2,3,0.01,0.1,2,0.3,1,2,0.05,1,1,0.2,0.5,1,0.25,2,1,25,15,30,1,0.1,0.01,30,20,40,2,0.05,0.1,40,25,50,3,0.1,0.5,5,2230,1e+10,0,3,15,0,2,10,2030,0,5,8,10,15,64,60,50,2032,5e+06,1e+07,1.5e+07,2035,2030,15,30,50
"TRUE","PPCevaWvmv5",2,2,2,0,0,0,5,5,5,0,0,0,10,10,10,0.1,0.1,0.1,0,0,0,0,0,0,0.1,0.1,0.1,0,0,0,0.5,0.5,0.5,0,0,0,0,0,0,0,0,0,0,0,0,0,0,0,0.5,0.5,0.5,0.2,0.2,0.2,2,2,2,1,1,1,2,2,2,1,1,1,2,2,2,1,1,1,0.1,0.1,0.1,0,0,0,0.1,0.1,0.1,0,0,0,0.2,0.2,0.2,0.1,0.1,0.1,4,4,4,0.2,0.2,0.2,4,4,4,0.2,0.2,0.2,10,10,10,2,2,2,10,2130,9e+09,0,1,2,3,3,3,2045,2,2,9,9,9,68,67,65,2030,2e+12,2.5e+12,3e+12,2035,2030,70,75,75
"TRUE","PfROGxvG8jS",2,1,6,2,0.5,NA,6,5,6,6,1,NA,8,7,8,8,1,NA,2,1,2,2,3,2,2,1,3,2,3,1.5,3,2,3,3,0.5,1,0,3,1,0,3,2,3,2,2,3,4,4,5,3,2,5,5,4,30,30,25,20,NA,NA,31,29,25,25,NA,NA,35,25,21,20,NA,NA,30,29,35,28,27,29,35,29,35,29,27,27,35,30,37,30,29,28,5,6,16,29,40,NA,7,8,16,29,41,NA,9,10,19,30,35,NA,10,99999,50000,35,20,5,1,1,1,NA,30,45,2,2,1,20,15,10,2050,1e+05,2e+07,3e+08,2040,NA,5,17,10
"TRUE","PshlkpQufxz",0.01,0.1,0.8,0,0.05,0.05,0.02,1,2,2e-05,0.5,0.5,1,2,5,0,1,1,1,0.5,1,0,0,0,4,3,5,0,0,0,10,7,15,0.01,0.01,0.01,0.02,0.04,0.5,0,0.01,0.1,0.5,0.8,2,0,0.02,1,5,6,10,0.5,2.5,5,1,1.5,1.5,0.01,0.1,0.01,4,2,4,0.03,0.2,0.3,20,10,12,0.5,0.75,1,0.1,0.1,0.1,0,0.01,0,0.3,0.4,0.4,0,0.02,0,0.5,1,1,0.01,0.1,0.56,2,1.5,2,1,1,1,5,6,7,2,1.5,2,10,12,15,3,3,5,3,NA,2e+13,0,1,1,0,1,3,2250,0,0,9,10,12,67,65,62,2035,6e+10,2e+11,1e+12,2060,2023,60,40,25
"TRUE","P7hugIPGDee",1,2,2,0.5,1,1,1,2,2,0.5,1,1,1,2,2,0.5,1,1,2,5,3,1,3,2,2,5,3,1,3,2,2,5,3,1,3,2,0,2,2,0,1,1,0,2,2,0,1,1,0,2,2,0,1,1,5,8,6,2,4,3,5,8,6,2,4,3,5,8,6,2,4,3,2,3,2,1,2,2,2,3,2,1,2,2,2,3,2,1,2,2,2,4,3,1,3,2,2,4,3,1,3,2,2,4,3,1,3,2,1,7500,1e+12,5,10,20,2,3,4,2500,2,5,9,11,15,70,72,75,2050,5e+06,4e+06,3e+06,2150,2050,70,60,50
"TRUE","PdkOb7jHb7l",1e-04,1,1e-04,0,0,0,1e-04,2,0.01,0,0,0,0.1,10,3,1e-05,2,0.01,1e-04,0,0,0,0,0,0.001,1,1,0,1e-04,1e-04,0.01,6,5,0.1,0.002,0.001,0,0,0,0,0,0,0,2,2,0,1,1,0,6,5,0,5,5,1,0,1,0,0,0,2,0.001,3,1e-04,0.001,0.1,10,1,10,0.1,0.03,1,0.001,0,0,0,0,0,0.1,0,0,0,1e-04,0.001,1,0.1,0.1,0.001,0.01,0.56,1,0.4,0.1,0,0.001,0,2.1,4.1,10,0.001,0.5,0.1,11.11,14.1,23,0.2,7.04,10,16.6,2123,9e+09,0,1,2,0,1,3,2080,0.01,1,9,10,14,689700000,7.19e+08,8.19e+08,2025,1e+09,5e+09,2e+10,2105,2028,75,80,80
"TRUE","PfT5iMseqi1",10,10,5,2,5,10,50,40,25,5,10,20,80,2,2,2,2,32,2,2,2,2,2,2,2,2,2,2,2,2,2,2,2,2,2,2,0,0,0,0,0,0,5,5,5,5,5,5,10,10,10,10,10,10,5,5,5,2,5,5,5,5,5,5,5,5,5,5,5,10,5,5,0.1,0.1,0.1,0.1,0.1,0.1,1,0.2,0.5,0.2,0.2,0.2,1,1,1,0.5,0.1,0.1,2,2,2,2,2,2,2,2,2,2,5,5,2,9,5,8,2,2,100,3000,1.3e+08,5,10,20,0,2,5,NA,10,15,10,12,15,20,30,45,2025,10,20,5,NA,2030,2025,2030,2035
"TRUE","PR1ymlIhb92",10,10,10,5,30,30,30,30,30,10,30,30,60,60,60,20,30,30,1,10,10,0,0,0,10,20,20,10,10,10,20,30,30,10,10,10,0,10,10,0,10,10,50,30,30,60,30,30,50,30,30,60,30,30,80,50,50,60,60,60,80,50,50,50,50,50,90,50,50,50,50,50,10,20,20,10,10,10,10,20,20,10,10,10,10,20,20,10,10,10,100,60,60,0,10,10,100,60,60,10,10,10,100,100,100,10,10,10,90,2080,1.5e+08,0,10,20,0,10,10,2035,50,80,10,10,10,70,68,80,2050,1.2e+07,5e+08,1e+09,2030,2033,20,30,50
"TRUE","P51iEV59ge2",NA,45,34,7,9,44,NA,56,62,10,12,36,NA,78,83,15,23,59,0.5,30,28,50,39,28,2,44,50,50,41,55,1,58,63,64,57,68,6,0.5,0.5,2,0.25,2,8,2,1,4,0.5,5,9,8,10,5,3,8,50,60,73,78,80,75,35,45,49,52,50,65,25,30,31,20,40,55,0.5,0.2,0.25,0.5,0.01,0.05,2,3,3,3,2,3,5,7,8,7,5,10,5,4,5,5,2,4,10,12,15,15,13,10,15,13,15,18,19,12,30,2150,NA,40,50,70,2,10,20,2075,60,70,70,100,60,65,80,75,2025,NA,NA,NA,2150,2027,75,60,70
"TRUE","PgMRRE5btZ4",4,4,12,1,0,6,5,6,15,1,0,8,8,10,18,1,1,15,5,5,9,3,4,8,7,8,12,4,7,10,11,12,16,7,10,11,1,3,8,1,2,7,2,5,12,1,4,9,2,7,17,2,5,15,28,50,21,70,81,43,37,60,29,81,89,49,44,80,32,89,90,59,2,1,3,1,1,2,3,2,7,1,1,5,6,2,9,1,4,5,31,30,42,21,21,40,39,35,54,25,31,49,55,50,60,42,44,54,21,2150,9.5e+07,0,2,6,0,0,3,1e+210,0,19,10,12,34,67,69,55,2028,1.3e+11,2e+11,5e+10,2100,2034,74,75,81
"TRUE","PY6OZhyI1uF",15,15,20,15,29,35,20,20,45,30,40,42,17,19,50,40,60,60,5,10,6,9,15,30,15,8,20,10,7,14,25,16,40,35,19,35,25,3,15,31,NA,NA,15,8,5,17,NA,NA,20,14,9,14,NA,NA,13,24,5,20,9,10,16,15,40,30,16,5,20,25,35,40,20,4,5,15,30,15,15,5,8,9,20,25,9,7,10,15,10,13,30,15,10,20,12,9,35,29,9,30,15,6,10,30,13,15,30,8,18,40,50,2120,1.3e+08,10,30,50,300,500,960,2050,30,80,35,60,80,67,56,40,2028,2.5e+07,1e+09,1e+10,2028,2055,56,40,60
"TRUE","P609pgyPs5I",0.01,0.05,0.07,0.01,0,0.05,0.02,0.01,0.08,0.01,0.01,0.01,0.04,0.03,0.09,0.05,0.01,0.02,2,5,5,2,4,4,5,7,7,2,3,3,8,6,6,3,4,3,0,0,0,0,0,0,0,0.05,0.03,0,0.05,0.02,0,0.07,0.05,0,0.07,0.04,10,5,8,30,15,10,10,7,9,25,16,8,15,8,10,20,17,6,3,2,3,3,2.5,2,4,4,5,3,3,2,3,2,4,3,3,5,20,15,12,19,19,17,25,17,14,20,20,20,27,20,16,21,21,21,15,7023,NA,0,0,1,0,1,1,NA,5,10,9,10,14,70,65,50,5,1e+07,1.5e+07,3e+07,2070,2060,75,77,80
"TRUE","PymVYTYjHpk",100,50,100,0,0,0,10000,5000,1000,0,0,0,1e+05,50000,10000,0,0,0,5000,5000,5000,0,0,0,5e+05,50000,50000,0,0,0,5e+07,5e+05,5e+05,0,0,0,500,500,500,0,0,0,5000,5000,5000,0,0,0,50000,50000,50000,0,0,0,500,500,500,0,0,0,50000,50000,5000,0,0,0,5e+05,5e+06,5e+05,0,0,0,500,500,500,0,0,0,5000,5000,5000,0,0,0,50000,50000,50000,0,0,0,5000,5000,5000,0,0,0,5e+05,5e+05,50000,0,0,0,5e+05,5e+06,5e+05,0,0,0,5e+07,2120,5e+08,1e+05,5e+05,1e+07,0,0,0,1e+05,1e+06,1e+07,105,654,6354,78,67,54,2025,4600000,3.5e+07,1e+08,1960,2024,70.55,80.55,90.55
"TRUE","PYxcgDv9Fwx",30,40,45,15,25,40,35,30,45,50,40,20,35,30,10,35,35,40,20,30,40,5,45,NA,20,30,25,35,35,NA,60,40,35,60,20,NA,20,15,30,35,15,5,25,30,30,20,15,5,55,55,40,45,70,90,33,32,33,33,34,30,35,33,35,33,35,30,32,35,32,34,31,40,33,45,33,32,40,32,35,35,35,33,33,33,32,20,32,35,27,35,33,34,35,35,35,33,30,35,33,33,23,35,34,31,32,32,42,32,18,2500,8.5e+09,1,3,7,1,4,6,2500,35,50,9,9,15,60,78,80,2036,2.5e+07,6.5e+07,2e+09,2060,2080,75,60,90
"TRUE","PlBhwmZ0rP6",0,0,0,0,0,0,0.2,0.2,0.2,0.2,0.2,0.2,1,1,1,1,1,1,0.5,0.5,0.5,0.1,0.1,0.1,0.7,0.7,0.7,0.3,0.3,0.3,0.9,0.9,0.9,0.7,0.7,0.7,0.1,0.1,0.1,0.01,0.01,0.01,0.5,0.5,0.5,0.05,0.05,0.05,1,1,1,0.1,0.1,0.1,0.5,0.5,0.5,0.1,0.1,0.1,1,1,1,0.3,0.3,0.3,3,3,3,0.5,0.5,0.5,0,0,0,0,0,0,0.5,0.5,0.5,0.05,0.05,0.05,1,1,1,0.1,0.1,0.1,1,1,1,0.5,0.5,0.5,2,2,2,1,1,1,3,3,3,2,2,2,3,2220,1.2e+10,0,0.03,0.05,0,0.001,0.002,2070,2,5,9,10,12,80,82,85,2028,5e+06,1e+07,5e+07,2097,2030,85,89,91
"TRUE","PbOYlj3R74w",0,0,0,0,0,0,0,0,0,0,0,0,0,0,0,0,0,0,0,5,1,0,0,0,0,5,1,0,0,0,0,1,1,0,0,0,0,0,0,0,0,0,0,2,1,0,0,0,0,2,2,0,0,0,0,0,0,0,0,0,0,5,3,0,0,0,0,5,1,0,0,0,0,5,5,0,0,0,0,10,10,0,0,0,0,2,1,0,0,0,0,3,3,0,0,0,0,2,2,0,0,0,0,1,1,0,0,0,0,NA,NA,0,0,0,0,0,0,NA,0,0,0,0,0,70,80,85,NA,1.21e+08,1.35e+08,1e+08,2025,NA,2,0,0
"TRUE","PfhwmD6QSHh",20,NA,NA,30,NA,NA,NA,30,NA,NA,60,20,NA,NA,40,NA,NA,NA,50,NA,NA,NA,NA,NA,NA,40,NA,60,NA,13,NA,NA,50,NA,10,NA,37,NA,NA,19,NA,NA,NA,48,NA,NA,39,NA,NA,NA,48,NA,NA,49,29,NA,NA,NA,NA,NA,NA,39,NA,38,NA,38,NA,NA,49,NA,58,NA,28,NA,NA,NA,NA,NA,NA,49,NA,48,NA,37,NA,NA,98,NA,49,NA,19,NA,NA,NA,NA,NA,NA,14,NA,28,NA,59,NA,NA,28,NA,18,NA,NA,NA,NA,10,50,40,200,300,500,2025,40,60,6,7,9,46,14,50,2025,323,455,678,2047,NA,44,66,70
"TRUE","PlYvwZcd0ul",NA,NA,NA,NA,NA,NA,NA,NA,NA,NA,NA,NA,NA,NA,NA,NA,NA,NA,NA,NA,NA,NA,NA,NA,NA,NA,NA,NA,NA,NA,NA,NA,NA,NA,NA,NA,NA,NA,NA,NA,NA,NA,NA,NA,NA,NA,NA,NA,NA,NA,NA,NA,NA,NA,NA,NA,NA,NA,NA,NA,NA,NA,NA,NA,NA,NA,NA,NA,NA,NA,NA,NA,NA,NA,NA,NA,NA,NA,NA,NA,NA,NA,NA,NA,NA,NA,NA,NA,NA,NA,NA,NA,NA,NA,NA,NA,NA,NA,NA,NA,NA,NA,NA,NA,NA,NA,NA,NA,NA,NA,NA,NA,NA,NA,NA,NA,NA,NA,NA,NA,NA,NA,NA,NA,NA,NA,NA,NA,NA,NA,NA,NA,NA,NA,NA
"TRUE","P6xm9gAv351",0,0,0,0,0,0,5,3,3,0,0,0,10,10,10,0.5,0.2,0.2,0,0,0,0,0,0,0.2,0.1,0.1,0,0,0,1,0.5,0.5,0,0,0,0,0,0,0,0,0,0,0,0,0,0,0,0.5,1,1,0,0,0,0,0,0,0,0,0,2,5,5,1,2,2,10,15,15,5,5,5,0.2,0,0,0,0,0,3,5,5,0,0,0,10,10,10,8,5,8,0,0,0,0,0,0,5,5,7,1,1,2,15,15,15,10,10,12,10,2500,1e+09,0,0,0,1,2,3,2100,10,20,11,20,50,70,68,60,2027,2e+11,2.1e+11,3.5e+11,2055,2040,75,85,90
"TRUE","P2IFeZZ1U2L",2,1,2,0.2,0.01,0.5,6,4,5,0.6,0.02,0.7,8,5,7,0.8,0.03,0.9,6,3,7,1,1,2,10,7,12,1,1,2,15,10,17,1,1,2,1,0.3,2,0.5,0.5,1,2,0.7,4,1,0.8,1.5,5,2,7,2,1.5,3,1,0.5,1,0.5,0.25,0.75,1,0.5,1,0.5,0.25,0.75,1,0.5,1,0.5,0.25,0.75,3,1,4,0.5,0.25,1,5,2,8,0.5,0.25,1,8,5,10,1,0.75,2,8,5,10,2,1,3,18,12,20,2,1,3,25,18,28,4,2,6,25,2200,4e+09,0,0,1,2,4,8,2050,0.5,0.5,10,11,8,76,68,52,2030,6e+06,8e+06,1.4e+07,2101,2026,75,80,84
"TRUE","PAjCm42lW9X",30,20,40,1,10,25,35,25,50,2,20,35,50,35,60,3,30,45,50,70,80,0,10,50,35,50,50,10,25,50,30,40,40,15,50,50,35,5,50,0,0,20,30,5,65,0,0,20,60,5,75,0,0,20,50,65,75,5,5,50,30,50,60,5,5,60,10,20,40,5,5,70,10,15,10,50,5,25,25,35,25,50,5,40,50,65,40,59,5,60,10,12,25,1,15,35,20,24,20,10,25,50,35,39,35,15,45,35,49,3278,5e+08,0,1,1,0,1,0,2060,25,10,14,20,21,83,80,60,2027,5e+09,2e+10,5e+10,2050,2061,30,40,50
"TRUE","PZAMTP8Va3i",2,2,5,0.1,0.1,2,4,4,10,1,1,4,10,10,15,2,2,6,1,1,2,0.01,1,1,2,2,4,0.2,2,2,4,4,6,1,4,4,0.001,0.01,1,1e-04,1e-04,0.1,0.002,0.02,2,2e-04,2e-04,0.2,0.004,0.04,4,4e-04,4e-04,0.4,2,2,5,1,1,3,5,5,8,2,2,6,8,8,14,4,4,9,2,2,4,1,1,1,4,4,6,2,2,2,6,6,8,4,4,4,0.5,0.5,2,0.01,0.01,1,4,4,4,0.02,0.02,2,8,8,6,0.04,0.04,4,2,2300,1.5e+10,0,1,1,0,0,1,2300,0.1,0.1,9,10,12,76,79,81,2050,4e+10,2e+11,2.5e+11,2060,2040,65,70,65
"TRUE","P8IkN5JWK2j",30,20,30,4,6,3,38,30,35,5,7,4,45,35,40,7,8,6,25,20,25,3,4,5,30,25,30,4,6,7,35,30,35,5,7,9,7,20,20,2,3,4,10,30,30,5,4,5,20,35,35,6,5,6,25,30,30,6,5,5,30,30,35,7,6,6,30,35,40,8,7,7,1,1,2,0.5,0.5,0.5,1.8,2,2,0.8,1,0.9,2,2,2,0.9,1.1,1.1,10,9,6,3,3,3,11,10,7,5.5,5,4,13,11,8,15,13,12,20,2180,2e+05,1,2,2,30,35,40,2100,60,65,9,10,11,74,68,60,2100,1e+10,2e+10,2.5e+10,2090,2300,45,43,40
"TRUE","Pu8JwBFyx6l",0,1,0,0,0,0,1,2,2,0,1e-05,1e-04,2,3,3,0,0.5,1.2,0.01,0.01,0.001,1e-06,1e-06,1e-06,2,2,1.5,1e-05,1e-05,1e-05,5,5,2.5,1e-04,1e-04,1e-04,0.05,0.05,1,1e-06,0.001,0.001,1,5,5,1,1,2.5,7,10,10,2,2.5,3.5,1e-05,1e-05,1e-05,1e-05,1e-05,1e-05,0.001,0.001,0.005,1e-04,5e-04,5e-04,1,3,5,0.01,0.5,0.5,1e-05,1e-05,1e-05,1e-06,1e-06,1e-06,1e-04,1e-04,1e-04,0.001,0.001,0.001,0.05,0.05,0.2,0.09,0.09,0.09,0.001,0.001,0.005,1e-04,1e-04,1e-04,2,2,2,0.1,0.1,0.1,5,5,5,1,1,1,1.5,2540,1.3e+09,0,2,5,0,0,2,2050,1,5,9,10,10,75,70,60,2030,5e+07,6e+09,1e+10,2070,2029,60,45,30
"TRUE","P55eEqfTCsz",10,10,10,0.01,0.01,1,15,15,15,1,1,1,10,10,10,4,4,4,2,2,2,0.01,0.01,0.01,3,3,3,0.8,0.8,0.8,5,5,5,2,2,2,1,1,1,1,1,1,2,2,2,2,2,2,5,5,5,5,5,5,3,3,3,0.1,0.1,0.1,5,5,5,0.5,0.5,0.5,10,10,10,1,1,1,0.56,0.56,0.56,0.56,0.56,0.56,0.56,0.56,0.56,0.56,0.56,0.56,0.09,0.09,0.09,0.09,0.09,0.09,2,1,2,2,1,2,4,2,5,5,2,5,10,5,10,10,5,10,5,2250,6e+09,1,2,4,0,1,2,2038,1,5,9,9,10,75,76,80,2027,4.2e+07,5e+07,5.7e+07,2034,2032,45,47,56
"TRUE","PAaaifRPJXy",20,15,20,2,1,5,15,12,22,5,5,10,10,10,25,7,10,15,5,2,3,1,1,2,10,4,5,5,3,4,15,6,10,10,5,6,1,1,2,1,1,2,5,5,5,5,5,6,10,10,10,10,10,10,0.2,0.1,0.5,0.1,0.5,0.5,0.1,0.2,0.3,0.2,0.2,0.2,0.05,0.1,0.2,0.3,0.1,0.2,0.25,0.3,0.15,0.1,0.1,0.25,0.2,0.25,0.1,0.05,0.05,0.2,0.15,0.2,0.05,0.03,0.03,0.15,0.16,0.16,1,0.16,0.16,5,0.16,0.16,4,0.16,0.16,6,0.16,0.16,5,0.16,0.16,7,3,3000,2e+10,0,0,0,0,0,0,2050,25,10,9,10,12,71,68,63,2030,5400000,NA,15500000,2120,2030,60,65,70
"TRUE","PdiiQ4M9J5s",2,10,5,0,1,0.01,5,15,10,0,3,5,10,20,30,0,10,7,0.001,25,30,0,1e-04,1e-05,0.01,30,60,1,0.01,0.001,0.01,50,75,2,0.1,0.05,0,0.1,0.01,0,0.001,0.001,1e-04,10,5,0,2,1,1e-04,15,10,0,10,5,0.01,0.01,1,1e-04,0.001,0.01,0.01,5,3,1e-04,0.01,0.01,0.001,30,20,1e-04,0.1,0.01,1e-04,1e-05,1e-05,1e-05,1e-05,1e-05,1e-04,1e-05,1e-05,1e-05,1e-05,1e-05,0.001,1e-04,1e-05,1e-04,1e-04,2e-05,2,10,10,1e-05,5,5,5,15,20,1e-05,5,10,10,20,30,1e-04,20,15,1e-04,12000,1e+11,0,0,0,0,0,1,2040,1,1,9,10,15,75,75,60,2025,2e+11,2.5e+11,3.5e+11,2035,2035,70,60,40
"TRUE","PdI2C3pcOJt",0.5,0.2,0.001,5e-04,0.002,0.1,1.5,0.5,0.05,1e-04,0.005,0.14,3.5,2,0.1,0.001,0.02,0.25,0.01,0.01,0.5,5e-04,0.002,0.1,0.05,0.1,2,1e-04,0.005,0.4,0.25,0.5,5,0.001,0.02,1,1e-04,0.001,0.01,5e-04,1e-04,0.025,5e-04,0.05,0.1,0.005,0.5,1.5,2,1,0.5,1,2,5,0.25,2,1,0.01,0.5,0.25,1.5,4,4,0.1,1,0.4,5,7.5,10,0.5,2,1,0.01,0.25,0.25,0.01,0.25,0.25,0.1,1.5,0.75,0.1,1.5,0.75,0.5,2,1.5,0.5,2,1.5,0.5,2,2,0.001,0.25,0.01,3,4,7,0.75,1.5,0.75,7.5,10,15,1.5,2,3,2,2.1e+07,3.4e+13,0,0,0,0,0,0,2060,1,3,9,9,9,80,78,74,2027,2e+08,1.2e+09,8e+09,2061,2025,70,80,90
"TRUE","PnnTGRaRIsx",25,45,50,10,35,10,30,35,45,15,20,15,35,40,50,15,25,20,30,35,40,35,30,20,25,30,35,30,40,30,20,25,30,25,25,25,30,25,35,25,30,40,35,30,30,30,25,35,40,35,40,35,20,30,25,40,30,40,40,25,30,25,25,25,30,25,40,35,35,30,25,30,45,25,40,30,30,40,30,40,30,25,25,35,25,30,25,35,35,30,30,40,35,30,25,30,25,45,30,25,40,40,45,30,35,35,30,30,5,3500,9.5e+09,1,3,5,5,10,15,2050,20,25,3,5,10,10,15,20,2075,1e+11,1.5e+11,2e+11,2075,2050,5,5,5
"TRUE","PkXwXbM9tn3",5,30,25,0.01,0.5,1,3,10,30,0.01,2,3,2,2,20,0.01,2,3,0.1,10,15,0.001,0,0.1,0.1,5,10,0.001,0,0.1,0.1,1,2,0.001,0,0.1,0,0,0.01,1e-06,0,0.01,0,0,0.01,0,0,0.1,0,0,0.01,0,0,1,0.1,1,10,0,5,0,1,1,15,0,5,0,1,1,15,0,10,0,0,0,0,0,0,0,0,0,2,0,2,0.01,0.1,0.1,10,0.1,10,0.01,0,0,1,0,0,1,1,1,5,0,1,55,1,2,10,1,2,10,0.01,0,9.5e+09,1,1,1,0,1,1,2045,1,2,9,10,10,78,76,75,2029,2e+07,2e+11,5e+10,2055,2040,45,45,40
"TRUE","PVjuG2FZBBg",1,1,1,1,1,1,4,5,5,3,4,4,10,11,10,7,10,10,0.1,0.2,1,1,1,1,1,1,1,2,2,2,2,2,2,4,5,5,1,1,1,1,1,1,3,3,3,2,3,3,5,5,5,5,5,5,0.001,0.001,0.001,1e-04,0.001,0.001,0.01,0.01,0.01,0.001,0.0015,0.0015,0.016,0.03,0.03,0.0145,0.03,0.03,1e-04,1e-04,1e-04,1e-05,0,0,0.03,0.09,0.09,1e-05,0.00056,0.00056,0.15,0.1,0.56,1e-04,0.0056,0.0056,1,1,1,1,1,1,2,3,8,2,6,7,5,6,19,5,6,15,6,2200,3e+09,0,1,3,0,5,7,2028,100,100,12,15,25,59,55,50,2026,2e+09,2.5e+10,5e+10,2070,2024,80,85,90
"TRUE","PdyDDKFNjSw",6,7.5,2.5,1,1,1,12.5,15,5,1,1,1,25,30,10,2,2,2,20,15,1.5,0.01,0.01,0.01,30,30,2.5,0.02,0.02,0.02,45,60,5,0.04,0.05,0.05,2.5,2.5,1.5,1.5,1.5,1.5,5,5,2.5,2.5,2.5,2.5,9,10,5,5,5,5,5,15,3,0.001,0.002,0.002,15,25,6,0.003,0.005,0.005,35,45,11,0.006,1.003,1.003,0.12,0.15,0.15,0.02,0.02,0.02,0.2,0.3,0.3,0.03,0.05,0.05,0.4,0.56,0.56,0.07,0.09,0.09,3,3,3,3,3,3,5,5.05,5.05,5,5.05,5.05,10,10.25,10.25,10,10.25,10.25,12,2195,1e+09,8.5,11,35,0.02,0.03,0.05,2150,0.4,2.8,9,9,11,80.4,76.3,74.1,2030,4e+09,7e+09,1e+10,2060,2060,83.5,86.01,92.1
"TRUE","Pi3GS2ktt2H",2,4,5,0,0,0,5,7,8,1,10,20,7,9,10,10,40,50,3,5,6,0,0,0,5,7,8,4,7,10,8,9,10,15,20,30,4,5,7,0,0,0,5,7,8,20,25,27,8,9,10,35,40,55,7,7,7,0,0,0,8,9,9,40,40,50,9,10,10,50,60,60,1,1,1,0,0,0,3,5,5,5,7,15,5,7,7,16,20,27,5,5,5,0,0,0,6,7,7,10,12,15,8,9,9,15,20,27,NA,NA,NA,5,7,10,30,55,78,2015,0,1,9,15,30,40,35,20,NA,1e+10,5e+10,1.5e+11,2090,2024,75,78,86
"TRUE","PiUmeczZTqa",50,50,10,1,2,5,60,65,20,5,5,10,70,75,30,10,10,15,50,20,20,1,2.5,2,60,30,25,5,5,5,70,40,30,10,7.5,10,5,10,10,1,2,1,10,15,20,2,5,2,15,20,30,5,6,5,25,10,5,50,25,25,50,15,25,50,50,25,50,20,75,50,75,50,5,5,5,5,5,10,10,10,10,5,5,10,15,15,15,10,5,10,50,25,25,25,10,15,50,25,50,25,10,25,50,25,50,25,10,35,NA,3000,1e+06,300,500,1000,100,200,500,2030,50,50,15,30,50,75,75,75,NA,1e+07,2e+07,5e+07,2050,2030,40,46,50
"TRUE","PTVhs3rbTvJ",1,1,2,0.01,0.02,0.01,1.5,2,3,0.03,0.05,0.05,2.5,4,5,0.25,0.45,0.7,0.05,0.02,0.05,0.001,0.002,0.002,0.1,0.05,0.05,0.002,0.005,0.003,1,0.5,1,0.005,0.005,0.005,1,1,1,0.5,1,1,4,5,4,2,3,4,8,10,10,4,5,8,0.25,0.5,0.5,0.05,0.05,0.1,0.25,0.2,0.2,0.1,0.05,0.05,0.1,0.05,0.01,0.1,0.05,0.03,0.02,0.03,0.03,0.005,0.005,0.005,0.05,0.06,0.1,0.007,0.01,0.02,0.09,0.15,0.2,0.1,0.05,0.05,0.5,2,2,0.05,0.05,0.05,2,5,6,0.5,1,1,7,12,15,3,5,3,3,2180,2e+10,1e-05,2e-04,5e-04,1,2,2,2100,10,10,9,10,11,70,78,75,2030,2e+10,5e+10,2e+11,2035,2040,70,73,85
"TRUE","P2Vdn8kSpy6",5,4,7,1,1,1,7,5,9,2,2,2,9,8,10,5,5,3,5,4,7,1,1,1,7,5,8,2,2,2,9,7,9,3,4,5,1,1,1,0,1,1,2,3,2,1,2,2,3,5,3,1,4,3,2,1,2,1,1,1,4,3,3,1,2,2,6,6,6,2,3,3,1,1,1,0,1,1,2,2,3,1,2,2,5,3,5,1,3,3,2,2,2,1,1,1,3,4,3,2,2,2,6,7,6,2,2,2,5,2500,1.4e+11,2,3,5,1,2,4,2070,5,7,6,8,10,75,70,60,2090,1e+07,9e+06,8e+06,2100,2060,72,75,80
"TRUE","PJeAERAbOPF",0.5,0.3,3,0,0,0.2,2,2,7,0.1,0,0.3,6,9,10,0.5,0.2,0.7,5,4,5,0,0,0,7,6,7,0,0,0,8,7,9,0,0,0,0.5,0.01,0.5,0,0,0.01,1,1,2,0.05,0.02,0.08,3,3,5,0.1,0.04,0.2,0.02,0.01,0.03,0,0,0,0.04,0.03,0.05,0,0,0,0.2,0.1,0.2,0,0,0,0,0,0,0,0,0,0.22,0.11,0.22,0,0,0,0.25,0.23,0.36,0,0,0,2,1,2,0,0,0,4,3,6,0.25,0.1,0.6,10,7,12,1,2,4,3,2200,3e+09,0,1,1,0,1,1,2065,2,5,9,10,12,79,80,83,2060,2e+09,1.2e+10,3e+10,2080,2045,56,50,40
"TRUE","PTwtfesYrHW",1,1,1,0,0,0,5,3,2,2,1,1,10,10,10,4,3,2,1,1,1,0,0,0,3,5,5,1,0,0,25,30,60,10,10,10,0,0,0,0,0,0,2,1,1,0,1,1,5,3,3,4,2,2,5,10,15,2,4,5,8,11,15,5,6,6,40,20,25,10,12,13,1,2,1,0,0,0,10,15,20,5,10,15,40,45,50,25,30,50,10,15,20,5,8,8,30,40,40,15,20,20,70,60,60,50,60,60,70,2150,1.5e+08,0,0,1,0,0,1,2070,5,10,9,12,15,75,73,65,2030,NA,NA,NA,2055,2130,68,75,80
"TRUE","PuMtzFMNjku",3,5,5,0.01,0.01,0.01,5,8,8,0.01,0.2,0.2,5,12,12,8,12,12,10,10,5,0.01,1,1,9,10,5,0.01,1,1,7,10,5,0.01,1,1,0,2,2,1,1,1,2,5,3,1,1,1,5,7,5,1,1,1,5,10,5,5,5,5,3,10,5,3,5,5,2,10,5,2,5,5,1,1,2,1,1,1,1,1,2,1,1,1,3,1,2,1,2,2,10,7,8,2,5,3,15,9,15,2,5,3,25,12,30,2,5,3,30,NA,NA,2,5,10,2,5,1,2027,2,2,10,14,17,85,75,58,2026,1e+09,1e+10,2.5e+10,2110,NA,80,85,90
"TRUE","P6mt41LgKCq",5,3,4,2,2,2,7,4,5,2,2,2,9,5,6,2,2,2,5,3,4,2,2,2,7,4,5,2,2,2,9,5,6,3,3,3,3,4,4,2,3,3,9,5,6,7,5,6,15,5,6,9,6,7,5,4,3,1,1,1,8,5,4,2,0.5,0.5,10,5,4,2,0.5,0.5,4,1,1,1,1,1,5,1,0.3,1,0.5,0.5,6,2,0.5,1,0.5,0.5,5,1,1,1,1,1,7,3,4,2,2,2,9,4,6,3,4,5,5,NA,9e+09,0,0,2,0,0,1,2100,1,4,9,10,12,75,71,68,2025,NA,NA,NA,2035,2024,74,70,60
"TRUE","PhL4Fxfwjkj",20,30,30,0,2,3,25,30,30,0,2,3,30,30,30,0,2,3,20,30,17,0,2,2,20,15,10,0,2,2,20,5,6,0,2,2,0,20,14,0,18,10,0,20,14,0,18,10,0,20,14,0,40,30,10,25,35,0,10,10,10,25,36,0,10,10,10,25,40,0,1,1,10,25,20,10,25,20,10,25,20,10,28,14,5,5,10,2,14,5,10,19,25,0,1,1,10,19,25,0,1,3,10,19,25,0,1,1,0,NA,3.5e+09,0,0,0,1,1,1,2050,10,10,9,10,12,80,83,87,2030,1e+10,2e+10,5e+10,2097,2025,100,100,100
"TRUE","PnQpTAOadM4",0.001,0,0,0,0,0,0.1,1,1,0,0,0,1,3,3,0.01,0.05,0.05,0,0,0,0,0,0,0.01,0.01,0.01,0,0.01,0.01,0.01,0.01,0.01,0.01,0.05,0.05,0,0.01,0.01,0,0.01,0.01,0.01,1,1,0,1,1,0.05,5,5,0.01,5,5,0,0,0,0,0,0,1,0,0,0.01,0,0,5,0.01,0.01,1,0.01,0.01,0,0,0,0,0,0,0,0,0,0,0,0,0.01,0.01,0.01,0.01,0.01,0.01,0.01,0.05,0.05,0.01,0.05,0.05,0.5,1,1,0.5,1,1,2,5,5,2,5,5,2,3575,4e+10,0,1,1,1,3,4,2050,0.5,0.75,9,10,12,63,61,55,2035,5e+11,1e+12,2e+12,2050,2030,50,55,50
"TRUE","P1wFpNtd2i4",2,3,0,2,5,10,5,5,1,10,10,15,10,12,2,20,30,20,5,10,15,20,15,15,10,10,15,25,20,30,15,15,20,30,25,35,15,20,25,25,30,35,20,25,30,30,30,35,25,30,35,35,35,40,3,4,4,5,5,5,4,5,5,6,6,7,10,15,10,10,15,15,15,20,20,25,25,25,17,22,23,26,26,27,20,25,25,30,30,30,1,1,1,1,1,1,1.5,2,2,23,3,3,15,5,10,30,30,30,20,2200,2e+08,0,1,5,0,1,3,2050,15,20,9,10,11,58,60,70,2030,NA,NA,NA,2060,2035,75,65,50
"TRUE","PpWEjGNqmSy",20,15,15,1,5,5,50,20,20,2,6,6,80,30,30,3,8,8,40,25,25,0.01,0.001,0.001,50,40,40,0.1,0.01,0.01,80,60,60,1,0.1,0.1,0.1,0.01,0.01,0.001,0.001,0.001,1,0.1,0.1,0.01,0.01,0.01,10,5,5,1,1,1,5,1,1,0.001,0.001,0.001,10,15,15,0.01,0.003,0.003,15,30,30,0.1,0.005,0.005,0.2,0.01,0.01,0.001,0.001,0.001,0.5,0.05,0.05,0.002,0.002,0.001,1,0.1,0.1,0.003,0.003,0.003,5,1,1,1,0.1,5,10,5,5,5,0.5,10,10,15,15,10,1,19,5,3000,1e+07,0,1,2,1,1,1,2040,0.1,0.5,11,12,14,81,82,84,2030,4e+23,6e+23,9e+23,2150,2030,70,65,60
"TRUE","Pry3j9CiRVd",0,1,1,0,0,0,1,5,3,0,2,0,4,8,5,1,5,2,0,0,0,NA,0,0,1,1,1,NA,2,0,1,2,2,NA,3,1,0,0,0,0,0,0,0,3,1,0,0,1,1,6,1,0,3,1,2,1,2,0,0,0,10,3,5,0,1,0,10,5,7,2,3,3,0,0,0,0,0,0,0,1,1,0,1,1,1,3,2,0,1,3,0,2,2,0,0,0,3,5,2,0,2,1,5,8,2,2,8,1,3,2450,6e+09,0,0,2,0,1,3,2100,2,5,9,11,12,80,80,85,2032,2e+07,2.5e+07,1e+08,2080,2036,72,75,82
"TRUE","Pz0LrIWau7V",2,5,5,0,0,0,10,20,20,0,0,0,20,20,20,0,0,0,0,0,0,0,0,0,0,0,0,0,0,0,0,0,0,0,0,0,0,0,0,0,0,0,0,0,0,0,0,0,0,0,0,0,0,0,2,5,5,0,0,0,10,10,10,0,0,0,10,10,10,0,0,0,0,0,0,0,0,0,0,0,0,0,0,0,0,0,0,0,0,0,0,0,0,0,0,0,0,0,0,0,0,0,0,0,0,0,0,0,10,3000,5e+11,0,0,1,0,0,0,2030,5,10,10,10,10,78,60,50,2030,5e+09,1e+10,2e+10,2030,2035,30,30,20
"TRUE","PnDaw522OsP",0.06,0.09,15,2000,1000,430,2,10,9,3000,1560,1887,50,49.8,30,1560,1098,980,20,5,10,15,36526,2500,10,8,8,20,NA,44956,2,2,2,2,2,2,10,8,0.01,NA,NA,20,25,5,2.5,0.1,20,12,2,2,2,2,2,2,2,3.6,2.65,0.2,0.1,26,0.25,8,10,0.35,0.3,13,2,2,3,0.12,0.11,2,0.1,0.11,0.1,13,36,10,0.02,0.004,0.026,25,22,33,0.02,0.02,0.0088,14,10,2,4,6,2,5,2,9,10,7.5,5,6,1,2,2,2,4,2,2,2,0.02,2123,5e+08,0,2,4,1,5,10,2025,0.1,1.5,50,100,300,0.7,10,30,NA,30,50,71,30,2100,50,65,75
"TRUE","PAgnPFWnBt2",10,10,10,0,0,0,15,15,15,0,0,0,25,25,25,0,0,0,0,0,0,0,0,0,0,0,0,0,0,0,0,0,0,0,0,0,2,1,0,0,0,0,5,5,5,0,0,0,10,10,10,0,0,0,0,0,0,0,0,0,0,0,0,0,0,0,25,25,25,0,0,0,0,0,0,0,0,0,0,0,0,0,0,0,0,0,0,0,0,0,7,7,5,0,0,0,12,12,10,0,0,0,16,16,15,0,0,0,20,3200,1e+10,0,0,0,0,0,0,2050,0,0,9,9,9,65,60,60,2023,1.2e+08,2.3e+08,3e+08,2099,2024,40,40,40
"TRUE","PUaWg8Bxz21",3,2,5,1,1,5,5,2,7,1,1,6,7,3,7,2,2,8,1,1,4,1,2,4,1,2,6,1,2,5,2,3,8,2,4,8,1,4,7,1,3,8,3,5,9,1,2,11,8,7,11,2,3,14,6,7,14,1,1,3,3,6,13,1,1,3,3,5,11,1,1,3,14,7,21,1,1,3,32,8,26,1,1,7,44,9,30,1,3,15,2,1,4,1,1,16,2,1,5,1,1,20,3,2,7,1,1,26,NA,NA,NA,4,5,6,13,16,13,NA,1,1,10,12,13,62,63,69,2035,NA,1e+07,5e+07,2090,2050,71,69,58
"TRUE","P0DKx3BNQLw",0.05,0.05,0.05,5e-04,5e-04,5e-04,0.06,0.06,0.06,6e-04,6e-04,6e-04,0.08,0.1,0.1,0.001,0.001,0.001,1,1,1,0.001,0.001,0.001,2,2,3,0.002,0.002,0.004,3,3,4,0.005,0.005,0.006,0.001,0.05,0.2,1e-04,1e-04,1e-04,0.1,0.1,0.5,5e-04,5e-04,5e-04,0.5,0.5,1,0.001,0.001,0.001,0.1,0.5,1,0.001,0.001,0.001,0.5,1,2,0.005,0.005,0.005,3,3,5,0.01,0.01,0.01,0.001,0.001,0.001,1e-05,1e-05,1e-05,0.005,0.005,0.005,5e-05,5e-05,5e-05,0.007,0.007,0.007,1e-04,1e-04,1e-04,1,1,1,0.01,0.01,0.01,3,3,6,0.05,0.05,0.05,7,5,10,1,1,1,0.05,3000,1e+14,0,0,0,0,0,0,2060,0.01,1,9,12,17,78,78,60,2028,5e+06,2500000,1e+06,2105,2025,70.5,70.5,70.5
"TRUE","PCUNo0jI2yi",10,10,3,3,3,0,20,15,5,10,5,1,30,30,10,15,10,2,1,1,1,1e-04,1e-04,0.001,5,1,5,0.005,0.001,0.01,10,5,60,0.04,0.03,0.05,0.01,0.05,0.01,0.001,0.001,0.001,1,2,3,2,2,2,6,8,5,6,7,5,1,0.01,5,0.01,0.01,0.01,8,8,10,0.04,0.05,0.03,12,10,15,0.07,0.08,0.05,0.001,0.001,0.001,1e-04,1e-04,1e-04,0.001,0.001,0.001,0.001,0.001,0.001,0.05,0.05,0.07,0.01,0.01,0.02,10,10,10,0.1,0.1,0.1,15,15,15,0.5,0.5,0.5,18,17,19,8,7,10,10,2200,2e+09,1,1,1,1,2,3,2075,30,42,9,9,9,76,75,73,2040,7e+08,3e+11,6e+11,2045,2080,70,72,75
"TRUE","Pns823zNpEm",1,2.5,3.3,1.75,0.3,0.5,3,5,5,3.5,0.9,1,5,7.5,10,7,1.5,2,10,1,1.25,0.01,0.01,0.0125,20,2,2.5,0.05,0.015,0.025,25,3.6,5,0.1,0.025,0.05,0.01,1,1.25,0.01,0.87,1.25,0.02,1.5,2.5,0.05,1.75,2.5,0.05,3,5,1,3.5,5,3,2,2.5,1,0.1,0.25,2.5,3.5,5,1.2,0.4,0.5,1.25,5.5,10,1.5,0.9,1,0.01,0.02,0.56,0.01,0.02,0.56,0.03,0.05,0.07,0.02,0.05,0.07,0.04,0.09,0.09,0.05,0.09,0.09,2,1,0.6,0.01,0.5,0.62,5,1.5,0.12,0.025,1,1.25,10,2,0.25,0.5,2,2.5,1,2223,2e+09,2,4,8,4,6,10,2039,0.7,0.4,10,12,15,80,85,90,2025,6e+06,7e+06,1e+07,2032,2026,68,63,58
"TRUE","POUYckrocsT",1,1,1,0.1,0.5,0.1,2,3,5,0.1,1,0.3,5,8,10,1,5,0.8,2,1,1,0.1,0.005,0.1,6,2,3,0.1,0.01,0.2,10,5,20,0.1,0.05,0.2,1e-04,1,1,1e-05,0.01,0.1,3e-04,3,3,3e-05,0.03,0.3,0.05,5,10,5e-04,0.05,0.8,0.001,0.1,0.05,1e-04,0.001,0.005,0.002,0.3,0.1,0.003,0.003,0.015,0.05,0.8,4,0.008,0.008,0.01,0.01,0.015,0.01,0.001,5e-04,1e-04,0.03,0.033,0.02,0.003,0.001,2e-04,0.09,0.01,0.08,0.009,0.005,0.001,2,1,2,1,0.05,1,5,3,5,2,0.1,1,10,10,10,2,0.5,2,25,5025,5e+11,0,0,0,0,0,1,2150,5,8,9,9,10,80,82,85,2055,1.1e+07,2e+11,7e+11,2028,2028,70,75,80
"TRUE","P2Jo6mkheCC",0,1,5,0,0,0,1,2,10,0,0,1,5,7,15,0,1,2,3,5,3,0,2,3,4,8,7,0,5,5,6,12,10,0,8,9,0,1,0,0,0,0,0,2,5,0,2,2,0,4,6,0,3,5,4,6,8,0,5,7,5,10,10,5,10,12,15,23,25,10,15,23,4,6,12,5,6,10,10,7,14,7,6,12,12,12,17,8,10,13,10,15,20,6,8,10,13,18,25,7,10,15,18,21,30,8,12,20,25,4000,3e+10,0,1,3,0,1,3,2040,10,25,10,15,25,65,70,72,2025,1e+07,2e+07,7e+07,2080,2035,80,90,95
"TRUE","P8G8AWvVGVJ",25,33,20,48,45,29,40,39,25,55,52,38,55,47,32,64,59,51,40,70,59,45,62,71,48,73,65,49,65,76,58,89,76,76,68,79,0.8,0.5,3,5,6.5,12,10,4,9,7,7,14,13,6,12,11,8,18,80,67,55,47,30,33,83,71,62,53,44,45,89,73,69,57,50,51,8,21,6,22,17,7,13,33,14,26,36,15,25,37,19,34,41,24,0.7,2.5,26,21,19,45,12,5,31,34,23,49,25,13,35,37,31,55,74,3000,1.27e+08,0,1,1,0,1,2,2028,100,100,10,11,14,64,69,73,2025,1.1e+07,1.6e+07,1.8e+07,2078,2029,47,59,63
"TRUE","PHGp4pFds1I",0.02,0.03,0.04,0.01,0.01,0.01,0.04,0.07,0.06,0.03,0.05,0.08,0.1,0.17,0.2,0.05,0.06,0.1,0,0.01,0.02,0,0,0.01,0.02,0.03,0.05,0,0.01,0.02,0.1,0.15,0.15,0.03,0.05,0.06,0,0.02,0.02,0,0.01,0.01,0.04,0.04,0.04,0.01,0.02,0.02,0.1,0.1,0.1,0.03,0.04,0.03,0.03,0.04,0.05,0.01,0.01,0.01,0.05,0.06,0.05,0.03,0.05,0.05,0.1,0.15,0.14,0.05,0.06,0.06,0,0.01,0.01,0,0.01,0.01,0.03,0.05,0.04,0.01,0.02,0.02,0.05,0.07,0.05,0.02,0.03,0.02,0.05,0.13,0.12,0.02,0.04,0.05,0.18,0.25,0.24,0.07,0.13,0.15,0.45,0.7,0.7,0.18,0.2,0.21,0.5,3500,3.1e+11,0,2,18,0,0,2,2033,0.2,3,9,12,20,77,73,67,2028,750000,1.5e+09,4e+09,2077,2035,70,72,76
"TRUE","P47C0i6e3QU",4,40,40,5,5,5,12,20,30,7,6,7,30,15,10,9,7,7,9,30,30,4,5,6,15,25,20,8,8,9,30,18,16,9,9,13,5,30,30,5,7,8,16,26,15,8,8,9,20,20,10,9,12,12,20,20,20,4,6,4,29,15,15,8,9,8,40,8,8,9,12,9,5,30,30,5,4,4,8,14,17,8,7,7,15,8,10,9,9,8,12,40,40,5,4,3,19,30,35,8,8,6,22,25,25,9,9,8,16,2200,1e+07,1,2,4,0,0,0,2060,5,25,0,0,1,10,18,22,2200,70000,130000,3e+05,2080,2035,5,30,50
"TRUE","Pexkju9uRPg",0.25,0.15,0.3,1e-05,0,0,0.5,0.2,0.7,2e-05,1e-06,0,1,0.3,1.2,3e-05,2e-06,2e-05,1,2,1.5,0,0,0,2,5,3,0,1,1,5,10,5,1,2,2,0,0,1,0,0,1,0,1,2,0,1,2,2,2,5,1,2,5,2,3,2,0,0,0,5,7,5,0,1,1,10,12,10,1,2,2,1,2,1,0,0,0.001,5,5,3,0.001,1e-05,0.01,10,7,4,0.002,2e-05,0.02,5,7,5,0,0.01,0.001,10,12,7,1e-06,0.02,0.002,15,20,9,1e-05,0.05,0.005,1e-05,3023,2e+10,1,3,7,4,12,14,2045,80,100,12,15,20,75,73,71,2040,2e+09,1e+10,3.5e+10,2050,2045,75,80,85
"TRUE","PeT0WiiAZUl",0.02,1e-04,0.03,0,1e-04,0.01,0.03,0.001,0.03,0,2e-04,0.01,0.04,0.01,0.03,0,3e-04,0.01,0.02,0.05,0.03,0,0,1e-04,0.02,0.055,0.03,0,0,1e-04,0.02,0.06,0.03,0,0,1e-04,0,0.005,0.01,0,1e-04,0.001,0,0.01,0.02,0,1e-04,0.002,0,0.015,0.03,0,1e-04,0.003,0.01,0.001,0.02,1e-04,1e-04,0.002,0.005,0.001,0.03,1e-04,1e-04,0.002,0.003,0.001,0.04,1e-04,1e-04,0.002,0.02,0.01,0.02,0,1e-04,1e-04,0.04,0.015,0.025,0,1e-04,1e-04,0.06,0.02,0.03,0,1e-04,1e-04,0.04,0.01,0.02,0,1e-04,2e-04,0.04,0.01,0.02,0,1e-04,2e-04,0.04,0.01,0.02,0,1e-04,2e-04,3,12023,NA,0.001,0.002,0.003,0.001,0.002,0.003,2250,0.2,0.18,9,8,7,0.72,0.68,0.6,2027,5e+10,5.5e+10,7.5e+10,2035,2200,15,13,11
"TRUE","Po2wUSJzgGV",0.01,1,3,0,0.001,2,1,2,5,0,0.01,3,3,5,7,0.01,1,5,3,2,1,1e-07,0.0111,1e-05,5,4,3,1e-05,0.0111,1e-04,9,8,7,1e-05,0.01,0.01,0,1,1,1e-05,1e-05,0.01,1,2,2,1e-04,1e-04,0.01,2,4,4,2,0.01,3,0.1,0.001,0.01,0.001,0.001,0.01,1,0.001,0.01,0.01,0.01,0.5,3,2,2,1,0.3,0.8,0.001,0.01,0.001,1e-11,1e-05,1e-04,0.01,0.01,0.001,1e-05,1e-05,1e-04,1,2,1,0.001,1e-05,1e-04,2,1,2,0.001,0.001,0.01,6,3,5,0.01,0.01,0.01,12,12,15,1,2,3,2,102023,1.5e+08,250,300,320,10,20,18,2100,0.001,0.01,10,12,17,82,84,87,2029,3.8e+10,5.1e+10,7.9e+10,2180,2060,40,48,60
"TRUE","Pspv2RqHWPv",1,1,2,1,1,1,1,1,2,1,1,1,2,2,2,2,2,2,3,3,5,0.01,0.05,0.05,5,3,5,0.01,0.05,0.05,3,3,5,0.05,0.05,0.05,3,3,5,4,3,3,3,5,5,5,5,5,3,8,5,5,5,5,3,5,5,1,5,5,2,1,5,1,1,4,2,1,5,1,1,3,0.05,0.05,0.05,0.05,0.05,0.05,0.05,0.05,0.05,0.05,0.05,0.05,0.05,0.01,0.05,0.05,0.05,0.05,5,10,10,5,10,10,7,15,15,3,15,10,10,20,15,3,18,13,7,2171,2.3e+10,0,0,0,0,0,0,2030,10,5,9,11,13,64,66,67,2025,1.2e+11,5.6e+11,7.1e+11,2098,2029,70,69,55
"TRUE","PrdpMLM1Kox",0.5,1,1,0.05,0.1,0.15,0.8,1.2,1.4,0.08,0.15,0.2,1,1.5,1.8,0.1,0.2,0.25,0.1,0.2,0.2,0.15,0.2,0.3,0.15,0.25,0.3,0.2,0.25,0.35,0.18,0.3,0.4,0.3,0.3,0.4,0,1.2,1.2,0,1.1,1.2,0.05,1.4,1.5,0.02,1.3,1.5,0.1,1.7,1.9,0.09,1.5,1.8,0.15,0.2,0.25,0.1,0.13,0.14,0.2,0.4,0.45,0.12,0.15,0.16,0.4,0.5,0.7,0.14,0.15,0.18,0,0.5,0.8,0,1.3,1.2,0.04,0.8,1,0.04,1.5,1.6,0.08,1,1.2,0.1,1.7,1.8,0.2,0.3,0.3,0.15,0.2,0.3,0.25,0.33,0.4,0.2,0.25,0.4,0.3,0.4,0.45,0.25,0.4,0.45,2,2500,1e+07,2,4,6,3,5,10,2050,95,98,10,15,20,45,40,30,2050,2e+10,3e+10,5e+10,2047,2050,71,75,80
"TRUE","PG39eJjRnZw",1,1,1,0.2,0.2,0.2,2,2,2,0.33,0.33,0.33,0.33,0.33,0.33,0.5,0.5,0.5,0.005,0.005,0.005,1e-04,1e-04,1e-04,0.01,0.01,0.01,0.000125,0.000125,0.000125,0.02,0.02,0.02,2e-04,2e-04,2e-04,0.2,0.2,0.2,0.02,0.02,0.02,0.4,0.4,0.4,0.04,0.04,0.04,1,1,1,0.1,0.1,0.1,5,5,5,2,2,2,10,10,10,5,5,5,20,20,20,10,10,10,5,5,5,0.05,0.05,0.05,10,10,10,0.1,0.1,0.1,25,25,25,0.2,0.2,0.2,2,2,2,0.33,0.33,0.33,4,4,4,0.5,0.5,0.5,10,10,10,1,1,1,10,2075,2e+09,0,0,1,1,3,5,2200,5,10,9,9,10,80,85,90,2025,5e+07,7.5e+07,1e+08,2030,2025,75,80,85
"TRUE","PUw1vCkEbdO",0,0,0,0,0,0,1,1,1,1,1,1,2,2,2,2,2,2,0,0,0,0,0,0,1,1,1,1,1,1,2,2,2,2,2,2,0,0,0,0,0,0,1,1,1,1,1,1,1,1,1,1,1,1,1,1,1,0,0,0,2,2,2,0,0,0,3,3,3,0,0,0,1,1,1,0,0,0,1,1,1,1,1,1,1,1,1,1,1,1,1,1,1,0,0,0,2,2,2,2,2,2,3,3,3,3,3,3,3,6e+06,4e+14,0,1,1,0,1,3,1e+05,1,1,9,9,11,69,67,65,2033,NA,NA,NA,2070,2060,70,65,60
"TRUE","PPjmKYbkQe2",2,NA,NA,1,NA,NA,4,NA,NA,2,NA,NA,6,NA,NA,3,NA,NA,4,NA,NA,3,NA,NA,7,NA,NA,5,NA,NA,10,NA,NA,8,NA,NA,6,NA,NA,5,NA,NA,8,NA,NA,5,NA,NA,10,NA,NA,6,NA,NA,5,NA,NA,4,NA,NA,6,NA,NA,5,NA,NA,10,NA,NA,6,NA,NA,2,NA,NA,1,NA,NA,2,NA,NA,2,NA,NA,5,NA,NA,3,NA,NA,3,NA,NA,2,NA,NA,5,NA,NA,2,NA,NA,6,NA,NA,4,NA,NA,2,2114,1e+06,32,43,45,34,43,45,2042,15,16,11,12,14,71.58,72.52,74.03,2046,12.3,15.6,42.8,2037,2044,69.11,64.02,63.77
"TRUE","P7BTKYgoEn2",0.05,0.05,0.5,0.01,0.01,0.01,1,1,2,0.5,0.5,0.5,1.5,2,3,1,1,1,0.001,0.001,0.001,1e-04,1e-04,1e-04,0.01,0.01,0.01,0.1,0.1,0.1,0.5,0.5,0.5,0.5,0.5,0.5,0.5,0.5,0.5,0.5,0.5,0.5,1,1,1,1,1,1,7,5,5,5,5,5,1,1,1,0.1,0.1,0.1,3,3,3,0.5,0.5,0.5,5,5,5,1,1,1,0.001,0.001,0.001,1e-04,1e-04,1e-04,0.1,0.1,0.1,0.01,0.01,0.01,0.5,0.5,0.5,0.3,0.3,0.3,1,1,1,0.5,0.5,0.5,5,5,5,1,1,1,10,10,10,5,5,5,4,2300,NA,1,2,3,0,1,1,2100,3,2,10,12,13,65,62,59,2024,6,8,4,NA,2045,75,78,83
"TRUE","P91QEqjhcZS",1,1,1,1,1,1,5,5,5,5,5,5,35,35,35,35,35,35,3,3,3,3,3,3,5,5,5,5,5,5,35,35,35,35,35,35,0,0,0,0,0,0,0,3,3,0,3,3,3,10,10,5,10,10,0,2,2,0,1,1,2,5,5,1,2,2,15,20,20,1,2,2,1,1,1,1,1,1,3,7,7,1,4,4,10,15,15,3,6,6,10,15,15,5,5,5,13,17,17,6,6,6,35,35,35,35,35,35,35,2500,1e+10,0,0,1,1,1,2,2100,1,5,9,10,11,80,75,80,2100,1e+12,1.5e+12,3e+12,2150,2100,73,75,75
"TRUE","PfSyPMmGlZM",5,1,2,1,1,1,10,2,5,2,2,1.5,15,3,10,3,3,2,10,1,1,1,0.01,0.01,12,3,3,2,0.03,0.03,15,5,5,3,0.05,0.05,0.01,1,1,0.001,1,1,0.03,3,5,0.002,5,3,0.05,5,10,0.003,10,5,5,0.5,2,1,0.01,0.5,10,0.75,5,1.5,0.02,0.75,20,1,10,2,0.03,1,0.1,0.5,0.1,0.01,0.03,0.5,0.3,0.25,0.5,0.02,0.02,0.75,0.5,0.09,1,0.03,0.01,1,5,15,18,0.1,2,5,10,22,25,0.5,10,13,15,27,30,1,18,19,1,5025,2.5e+11,0,0,1,0,1,2,2100,10,16,9,10,12,70,65,50,2030,8e+07,5e+08,2e+08,2050,2050,75,80,90
"TRUE","Pj4y5ajBKY0",5,3,5,0,0,0,15,10,10,0,0,0,20,15,15,0,0,0,2,1,1,0,0,0,1,1,1,0,0,0,0,0,1,0,0,0,0,0,5,0,0,0,0,5,10,0,0,1,1,10,20,0,0,2,2,3,5,0,0,1,2,3,10,0,0,1,1,2,5,0,0,1,0,0,1,0,0,0,1,0,2,0,0,1,1,0,2,0,0,1,2,2,3,0,0,0,3,5,5,0,0,0,4,5,5,0,0,1,4,1e+05,1e+11,0,0,2,0,0,3,2050,10,15,9,12,15,75,60,50,2027,1e+08,1e+08,1.5e+08,2099,2035,72,80,80
"TRUE","PWGEhbgMVb3",2,0,5,0,0,0,15,10,2,0,0,0,15,15,5,2,2,0,5,2,0,0,0,0,7,5,0,0,0,0,10,10,2,5,0,0,0,0,0,0,0,0,1,1,0,0,0,0,5,5,0,1,3,1,5,5,3,0,0,0,15,10,5,5,0,0,60,50,20,15,10,5,0,0,5,0,4,0,5,3,2,0,1,0,10,5,8,5,5,0,5,10,15,0,0,0,20,10,15,0,0,0,25,12,17,0,0,0,NA,2500,3e+11,0,2,10,0,5,30,1e+210,0,5,5,7,20,20,15,15,2030,250000,750000,1e+06,2090,2030,20,30,50
"TRUE","PyDf7vLWbGe",1,5,5,0,0,0,10,15,15,0,0,0,25,30,30,0,0,0,5,5,5,0,0,0,15,15,15,0,0,0,30,30,30,0,0,0,0,0,0,0,0,0,0,0,0,0,0,0,0,0,0,0,0,0,5,5,5,0,0,0,15,15,15,0,0,0,25,25,25,0,0,0,20,20,20,0,0,0,25,25,25,0,0,0,35,30,30,0,0,0,100,100,100,0,0,0,100,100,100,0,0,0,100,100,100,0,0,0,35,2500,1e+10,0,0,0,0,1,2,2100,0,0,0,0,1,80,85,90,1e+210,35,40,50,2100,2100,70,50,25
"TRUE","PGcfJuStZIM",0,0,0.01,1e-05,1e-05,1e-05,0.005,0.005,1,1e-05,1e-05,1e-04,0.01,0.01,2,1e-05,2,1,0.05,0.05,0.05,0.001,0.05,0.05,0.5,0.5,1,0.1,0.5,0.5,1,2,2,0.5,1,5,10,5,5,5,5,5,15,10,20,10,10,20,30,15,25,20,15,25,5,4,4,3,2,1,10,8,5,9,4,5,15,12,6,10,6,10,0.01,0.01,0.1,0.01,0.01,0.1,0.03,0.03,1,0.03,0.03,1,0.1,0.1,1.5,0.1,0.1,1.5,1,1,2,0.1,1,0.5,2,2,2.5,1,1,1,2.5,4,3,1.5,1,2,5,2150,1e+10,0,0.5,1,1,2,5,2030,0.01,0.05,8,9,9,65,60,45,2033,2e+11,3e+11,1e+13,2105,2035,85,90,100
"TRUE","P4FpNc4qFar",10,50,20,12,12,12,12,45,9,12,23,23,34,23,12,12,12,12,12,33,12,12,12,34,23,34,12,12,12,12,34,34,34,12,12,1212,12,32,23,34,24,23,23,23,23,12,15,15,12,12,12,12,12,12,45,13,13,23,34,23,35,34,12,12,12,12,12,12,12,12,67,55,32,23,23,23,15,14,15,34,45,12,13,13,13,13,13,13,13,13,23,23,34,24,24,5,13,33,13,14,14,13,12,13,13,13,13,13,5,2190,5e+05,2,5,6,24,30,20,2036,100,100,0,1,1,55,50,20,NA,2e+10,2.8e+10,1.5e+10,2090,2036,20,34,34
"TRUE","PO4xkbkkTGR",0.5,0.5,0.5,0.1,0.08,0.08,5,3,3,0.5,0.5,0.5,15,10,10,3,1.8,2,0.2,0.1,0.1,0.05,0.01,0.01,1,0.5,0.5,0.3,0.03,0.03,3,4,5,0.8,0.03,0.04,0.02,0.02,0.02,0.01,0.01,0.01,2,1.5,1.5,2,0.8,0.8,15,4,5,10,4,5,0.01,0.01,0.01,0.005,0.005,0.005,0.5,1,1,0.02,1,0.5,6,9,10,0.5,0.7,0.8,4e-04,5e-04,6e-04,5e-04,5e-04,5e-04,0.001,0.00155,0.0025,0.002,0.0015,0.002,0.004,0.0045,0.00555,0.004,0.0045,0.005,0.2,0.2,0.2,0.1,0.1,0.1,3,1.5,2,1,1.1,1.3,20,18,20,13,7,9.5,13,2600,5e+11,0,0,0,0,0,0,2055,0.4,2.4,9,11,13,83,85,89,2040,2e+10,1e+11,2e+12,2040,2031,72,75,92
"TRUE","PFIbgztqAUg",1,3,15,0,1,5,5,15,30,0,1,25,15,30,60,5,1,60,1,1,10,1,2,5,10,5,15,1,10,10,20,15,35,5,15,25,1,1,5,0,3,10,3,3,15,2,5,20,5,8,25,5,5,50,5,2,10,1,3,10,10,7,15,5,5,15,15,10,25,5,10,50,1,5,10,0.5,0.01,0.5,15,20,15,1,1,1,35,25,50,5,10,15,1,0.5,5,0.03,0,1,2,1,15,1,0.25,5,50,10,50,5,5,10,30,2500,2.08e+10,0,0,1,0,0.05,1,2080,1,2,9,9,15,70,75,70,2075,3e+11,3e+11,9e+11,2060,2075,70,60,55
"TRUE","PgBxLEbDe0S",2,2,2,0.5,0.5,0.25,5,4,5,2,2,1,8,7,8,5,6,5,0.25,0.25,0.3,0.1,0.01,0.01,1,1,1.5,0.5,0.1,0.05,3,2,2.3,0.7,0.2,0.2,0.25,0.5,0.6,0.02,0.04,0.1,2,4,4,2,1,2,5,8,7,4,3,4,4,3,2,0.2,0.1,0.3,6,4,4,0.6,0.5,0.6,8,6,6,1,1,0.9,0.5,0.6,0.7,0.1,0.5,0.5,2,1.4,1.5,0.5,1,1,4,3,3.5,2,3,3,1,0.8,0.6,0.1,0.1,0.1,3,2.5,2.2,1,1,1,5,4,3.5,3,2,2,10,2200,1e+10,0,1,2,0,0,1,2030,0.75,1.5,10,11,14,80,70,50,2024,2e+10,2.5e+10,4e+10,2035,2033,38,20,15
"TRUE","PKNf243X0YU",0,0,0,0,0,0,0,0,0,0,0,0,1,3,2,0,2,0.1,0,0,0,0,0,0,2,1,0.5,0,0.1,0.01,5,2,1,0.01,1,1,0,0,0,0,0,0,0,1,4,5,2,1,2,5,10,8,3,7,10,5,3,0,2,3,30,25,15,2,8,8,60,40,35,10,20,25,1,0.01,0.001,0,0.05,0.01,5,0.1,0.005,0.01,0.2,0.03,20,1,0.01,0.1,1,0.05,0,10,15,0,2,3,20,20,25,5,8,10,50,40,35,15,15,20,50,3000,6e+09,0,0,0.003,0,1,2,2050,0.001,0.01,9,11,15,70,70,70,2024,20,100,200,2050,2030,70,50,20
"TRUE","PrPCyZp7fkl",2,5,1,0,0,0,2,4,3,4,3,4,10,10,12,1,2,2,1,5,5,0,0,0,2,15,1,3,5,2,6,5,6,1,5,8,2,5,5,5,1,5,2,15,1,2,2,1,8,7,5,6,5,5,5,2,5,1,1,2,3,3,6,1,2,1,7,8,1,4,5,3,5,2,1,1,2,1,5,2,3,5,2,3,1,8,3,2,1,5,1,1,8,5,1,8,3,2,4,6,4,6,19,16,20,2,15,3,12,4500,6.5e+10,0,1,2,0,1,4,2040,15,70,9,10,12,1.67e+08,1.7e+08,1.83e+08,2032,7.5e+07,2e+09,7e+10,2095,2027,65,58,52
"TRUE","P55EtOviLcv",0,1,1,0,0,0,1,2,3,0,1,1,2,4,5,1,2,1,0,0,1,0,0,0,1,0,2,0,0,0,2,2,4,1,2,4,0,0,1,0,0,0,0,1,2,0,1,2,1,2,5,1,2,4,0,0,1,0,0,0,1,1,2,1,1,1,2,2,5,2,2,5,0,0,0,0,0,0,1,1,2,1,1,3,2,2,3,2,2,3,0,0,0,0,0,0,1,0,1,0,0,1,2,1,2,1,1,2,1,5000,5e+10,0,0,1,0,0,0,2060,0.5,1,9,9,9,75,72,70,2050,5e+06,1e+07,3e+07,NA,2050,75,80,75
"TRUE","PR565XcWtzz",0,0,1,0,0,0,1,1,1,0,0,1,2,2,2,1,0,1,0,0,1,0,0,0,1,1,1,0,0,0,2,2,2,1,0,1,0,0,0,0,0,0,0,0,1,0,0,0,2,2,5,0,0,0,1,1,2,0,0,0,3,3,5,0,0,0,7,7,7,0,0,0,0,0,0,0,0,0,10,10,10,0,0,0,20,15,20,0,0,0,1,1,4,0,0,0,15,15,18,0,0,1,33,28,36,2,1,2,30,252023,1e+18,0,0,10,0,1,5,2100,0,1,9,20,20,74,74,74,2030,3.5e+07,3.5e+07,3.5e+07,1964,2033,60,50,50
"TRUE","PFNtS9FNk73",10,20,5,1,2,5,15,30,15,2,4,6,25,40,25,3,6,12,15,12,22,4,6,3,45,32,33,10,2,4,55,22,44,12,5,2,2,3,2,5,3,11,7,2,5,12,4,12,11,5,12,24,6,14,13,16,15,20,24,27,14,17,17,32,14,28,16,18,19,19,17,36,14,15,16,17,19,18,15,23,17,18,16,16,15,14,18,18,29,24,25,12,12,17,12,25,30,15,15,18,13,25,25,20,16,18,15,25,12,2700,6e+09,2,5,10,2,8,12,2029,10,20,10,15,20,50,65,75,2032,2e+09,1e+10,3e+10,40,2040,30,40,54
"TRUE","PvUdANtXhmR",5,4,5,0.5,0.4,0.3,10,12,8,2,3,4,20,35,18,6,8,7.5,1,2,1,0.2,0.1,0.2,5,6,5,1,1,2,7,9,8,2.2,3,5,0.02,0.3,1,0.01,0.4,1,0.5,1,2,0.5,1,2,5,5,8,3,6,8,5,4,5,2,3,2,8,9,10,6,4,4,12,23,30,8,8,8,0,0,0,0,0,0,0.03,0.2,0.4,0.08,0.05,0.06,0.5,0.56,0.45,0.3,0.2,0.2,0.5,0.4,0.5,0.1,0.2,0.3,0.8,0.6,0.7,0.5,0.4,0.5,0.97,0.8,0.8,0.7,0.7,0.76,2.2,2500,8.5e+09,1,6,15,0,1,3,2090,80,90,10,12,15,65,72,83,2060,1e+10,1e+11,2e+11,2040,2100,80,90,95
"TRUE","PiiUvn24MT1",1,1,2,0,0,1,1,2,3,0,1,2,2,3,5,0,1,2,1,3,5,0,0,0,3,5,10,0,0,1,5,10,15,0,1,3,0,0,1,0,0,0,0,1,2,0,0,0,0,2,3,0,1,1,1,2,3,0,0,1,1,3,5,0,1,2,2,4,7,0,1,3,1,2,3,0,0,0,2,5,6,0,0,1,3,10,10,0,0,1,3,5,5,0,0,1,8,12,15,0,0,3,15,20,20,0,1,5,NA,1e+11,1e+19,0,0,1,0,0,1,100001,8,10,9,10,14,78,78,76,2030,3.6e+10,8e+11,1.1e+11,2028,2024,50,45,35
"TRUE","Pu0qkcoRyHY",1,1,1,1,1,1,1,2,5,1,1,1,1,10,10,1,1,2,1,1,1,1,1,1,1,1,5,1,1,1,10,5,10,1,1,5,1,1,1,1,1,1,1,3,5,1,1,1,5,5,10,1,1,5,1,1,3,1,1,1,5,4,5,1,1,3,10,10,10,5,1,5,1,1,1,1,1,1,1,1,1,1,1,1,1,1,3,1,1,3,1,1,1,1,1,1,2,1,3,1,1,1,5,5,10,1,2,5,1,1002023,1.5e+10,0,0,1,0,0,1,2100,1,1,9,10,11,65,63,59,2030,5e+06,1e+07,1.5e+07,2100,2040,69,72,76
"TRUE","PpZm9xZSfXI",10,1,5,1,0,1,20,10,15,5,1,2,50,25,30,10,5,5,5,1,1,1,0,0,10,2,5,1,1,0,15,5,10,1,1,0,0,0,0,0,0,0,10,5,1,1,0,1,25,10,5,5,1,1,10,5,20,1,0,10,15,10,25,1,0,15,20,15,45,1,0,20,10,5,5,0,0,0,25,15,10,1,0,0,50,30,20,5,1,0,10,5,1,1,1,5,15,10,5,1,1,5,20,15,10,1,1,5,20,2200,1e+10,15,20,25,15,20,30,2030,90,90,9,9,9,75,80,80,2030,1e+10,2e+10,3e+10,2050,2030,25,20,10
"TRUE","PApvQr6bJw9",5,7,6,1,1,1,15,20,18,1,2,2,35,40,38,2,5,5,5,5,5,1,1,1,6,8,9,1,2,2,10,12,13,3,5,5,1,1,1,1,1,1,2,2,2,1,2,2,3,5,5,1,2,2,5,5,5,3,5,5,8,11,12,5,8,8,15,18,20,8,12,12,1,2,2,1,2,2,2,4,4,1,3,3,5,7,7,3,6,6,1,1,1,1,1,1,2,4,4,1,3,3,5,9,9,3,10,10,10,2500,5.7e+10,1,3,5,0,0,1,2060,4,6,9,9,10,62,61,60,2150,1e+07,2.5e+07,5e+07,2099,2080,72,75,80
"TRUE","P77wpEGVPzD",0.1,0.3,0.2,0.001,0.2,0.1,0.5,1,1.2,0.1,0.8,0.6,1,3.3,2,0.5,2,1,0.001,2e-04,0.2,1e-04,0.001,0.001,0.1,5e-04,1,3e-04,0.005,0.01,1,0.001,5,0.001,0.05,0.05,2,1,0.5,1,2,0.5,4,5,2,2,3,1,10,10,5,5,5,2,5,2,1,1,0.005,0.1,10,5,3,5,0.01,0.5,20,15,10,10,0.03,1,0.005,0.001,0.001,4e-04,1e-04,0.001,0.01,0.004,0.1,1e-04,3e-04,0.002,0.02,0.01,0.3,0.001,0.001,0.003,1,1,1,0.5,0.5,0.1,10,5,3,1,2,0.3,20,15,10,5,10,3,5,2600,1.6e+10,1,2,2,1,2,2,2040,1,2,9,12,15,67,65,63,2025,3e+06,3e+05,3000,2080,2024,35,40,42
"TRUE","Pdj72AU2SgT",3,0.1,2,0.01,0.01,5e-04,5,2,5,0.05,0.05,0.005,10,10,30,0.1,2,0.01,5,5e-07,5,0.1,5e-06,5e-04,10,5e-06,30,0.5,5e-05,0.005,25,1e-05,60,1,1e-04,0.01,1,0,0,0.005,1,0,2,5,5,0.05,10,5,3,5,14,0.1,95,10,5,1,0.005,0.1,0.005,0.03,10,15,0.03,1,0.03,1,15,30,0.1,5,0.1,1,0.1,0.09,0.001,0.005,0.09,0.09,0.5,0.1,0.006,0.01,0.1,0.1,1,0.56,0.01,0.1,0.56,0.56,0.005,2,2,5e-04,1,0.05,0.01,5,5,0.001,2,0.1,0.1,25,25,0.01,19,1,10,NA,NA,0,0,1,0,0,1,2041,2.21,15,9,9,7,71.8,72,74,2030,2.3e+07,1.15e+08,2.3e+09,2104,2050,70,75,80
"TRUE","Pj46o0WZGML",1,0,1,0,0,0,5,2,5,0,0,0,40,30,30,5,3,3,2,1,2,0,0,0,10,5,7,2,1,1,50,30,35,5,3,3,0,0,0,0,0,0,10,5,7,1,1,1,40,30,35,20,15,15,5,5,3,0,0,0,10,7,5,0,0,0,25,15,10,10,7,7,1,1,1,0,0,0,10,7,5,5,3,2,30,25,20,10,7,5,15,12,10,0,0,0,35,30,30,5,3,2,70,60,60,20,12,10,20,2150,1e+11,0,1,2,0,0,1,2080,0,5,9,9,12,64,61,52,2025,2e+08,1e+10,1e+11,2060,2035,30,25,100
"TRUE","PJ3m9uFK9N5",0.2,0.1,0.2,0,1e-04,6e-04,1.2,1,1,0.05,0.04,0.04,1.9,1.8,1.9,0.25,0.25,0.28,0.04,0.03,0.04,0.008,0.009,0.01,0.2,0.18,0.18,0.01,0.02,0.02,0.5,0.45,0.48,0.1,0.16,0.15,0.2,0.15,0.15,0.2,0.12,0.12,2.8,2.4,2.4,2.6,2.2,2,6,5.6,5.6,5.2,5,4.8,1,0.5,0.25,0.5,0.4,0.1,4,3,3,0.85,0.8,0.75,11,10,9,1.4,1.2,1,0.15,0.1,0.08,0.1,0.06,0.04,0.5,0.4,0.32,0.4,0.3,0.3,0.9,0.7,0.6,0.6,0.5,0.4,3.5,2.75,2.6,2,1.8,1.8,6,5,4.75,5,4.5,4.5,12,9.5,9,9,8,8,9,2198,2.75e+09,2,5,12,10,28,60,2070,0.2,0.4,9,10,10,79.2,80.2,72.5,2027,2.5e+10,5e+10,1.2e+11,2053,2030,72,75,80
"TRUE","PfzWtwPo4Nk",0.3,0.5,2,0.05,0.2,0.5,1.2,3,10,0.5,1,2.5,3,12,20,1,2.5,5,0.6,0.5,0.75,0.03,0.01,0.15,2.5,2,3,0.1,0.02,0.5,7,6,9,0.25,0.06,1,0.05,0.05,1.2,0.01,0.01,0.5,1,1.5,4,0.5,0.75,2,10,12,17,5,6,10,0.5,0.3,0.5,0.05,0.03,0.2,5,3,6,0.5,0.3,1.2,12,9,15,1.5,1,3,0.9,0.8,0.9,0.01,0.01,0.01,2.5,2.2,3,0.04,0.04,0.04,6,5,7,0.1,0.1,0.1,2.5,2,3,0.4,0.35,0.5,35,25,35,4,3.5,5,90,80,90,30,27,35,30,2180,1.15e+10,0,2,15,0,1,12,2039,1.5,3,9,10,13,70,66,59,2029,60,140,320,2350,NA,72,78,92
"TRUE","PcyS1uH6T3M",1,5,2,0,0,0,5,10,5,0,1,0,10,20,10,0,2,1,3,2,2,0,0,0,6,4,4,0,0.01,0,10,6,7,0,0.05,0.05,0,0,0,0,0,0,0,2,1,0,2,0,1,5,3,0,5,1,2,1,1,0,0,0,4,5,3,2,0.01,0,8,10,8,3,0.03,0.02,1,1,1,0,0,0,3,3,3,0,0,0,10,8,9,1,0.01,0.02,2,3,3,0,2,2,3,5,5,0,3,3,7,8,8,0.5,6,6,2,7023,6e+10,0,2,10,0,0,1,2183,5,10,9,10,20,80,82,85,2030,2e+07,3e+07,5e+07,2028,2033,70,65,50
"TRUE","Ped9UbyEMhG",1,1,1,0,0,0,1,1,1,0,0,0,1,1,1,0,0,0,1,1,1,0,0,0,1,1,1,0,0,0,1,1,1,0,0,0,0,0,0,0,0,0,0,0,0,0,0,0,1,1,1,1,1,1,1,1,1,0,0,0,1,1,1,0,0,0,2,2,2,1,1,1,0,0,0,0,0,0,0,0,0,0,0,0,0,0,0,0,0,0,1,1,1,1,1,1,1,1,1,1,1,1,1,1,1,1,1,1,1,1e+06,1e+08,2,1,1,20,5,2,2040,40,10,30,31,32,72,75,80,2030,50,100,200,2100,2030,90,95,99
"TRUE","PNOQohWXQpx",0,1,5,0,0,0,2,4,10,0,0,1,5,8,20,0,0,3,0,0,0,0,0,0,0,0,0,0,0,0,0,0,1,0,0,0,0,0,0,0,0,0,0,0,0,0,0,0,0,1,1,0,0,0,1,2,2,0,1,1,2,3,5,0,2,3,4,5,10,1,3,5,0,0,0,0,0,0,0,1,0,0,0,0,1,1,0,0,1,0,0,1,5,0,0,0,0,3,10,0,0,2,0,6,20,0,2,4,2,1e+210,NA,0,0,1,0,0,0,2040,0,2,10,14,32,68,68,68,2027,1e+08,1e+11,4e+11,2045,2025,30,40,60
"TRUE","Pov1ebYBMOU",20,11,17,1,1,1,25,15,20,2,1,1,26,20,22,4,2,1,20,15,18,1,1,1,26,20,25,2,1,1,30,26,30,4,2,2,3,2,2,1,1,1,5,4,8,2,2,1,20,12,28,5,6,8,6,5,6,1,2,3,8,7,8,2,3,8,15,9,13,4,6,15,2,1,1,1,1,1,2,1,3,1,2,1,3,2,4,1,2,4,15,18,20,2,1,1,25,28,25,3,2,1,35,36,35,4,3,4,3,2250,2.8e+10,0,2,5,20,45,65,2032,4,20,9,11,13,75,79,65,2025,1e+08,2e+11,5e+11,2033,2024,65,75,80
"TRUE","PUOzUAUoIrD",10,15,20,2,5,8,7,10,10,1,2,5,5,5,7,0.05,0.05,3,3,4,10,1,1,0.05,2,3,5,0.05,2,3,1,2,2,0.05,0.01,0.01,2,4,10,1,2,5,4,7,15,2,5,10,8,8,20,4,8,15,8,5,15,1,3,5,12,7,12,1,1,4,15,10,11,1,1,3,10,8,5,0.05,0.05,3,20,25,10,2,1,5,40,35,15,3,2,6,15,12,20,2,1,4,20,15,23,1,1,3,22,18,25,0.05,0,2,5,2250,7e+09,4,6,12,2,3,5,2035,5,10,9,12,15,75,68,65,2030,5e+06,8e+06,1.5e+07,2050,2035,75,80,85
"TRUE","PduNwZqpLoY",20,20,40,50,70,30,15,5,5,5,10,20,25,30,5,25,30,50,25,25,20,30,20,10,20,80,75,35,30,20,25,30,10,5,5,25,25,22,23,20,10,80,80,5,30,40,75,50,10,25,20,50,60,75,50,52,35,35,25,5,25,35,40,20,20,25,10,20,45,10,50,75,10,15,20,25,30,35,5,10,50,75,40,40,80,10,20,50,10,45,20,80,45,30,74,60,25,50,20,32,60,10,30,40,10,60,65,5,75,2110,2e+08,1,1,2,0,1,3,NA,0,1,4,8,16,2,5,10,2050,NA,NA,NA,2062,2050,80,85,90
"TRUE","PSfoxPsAQ5k",25,25,5,10,0,1,15,15,5,12,0,1,10,10,5,15,0,1,20,20,20,5,2,0,15,15,15,5,2,0,10,10,10,5,2,0,5,8,5,5,2,2,5,6,5,4,1,1,5,4,5,3,0,0,5,5,2,3,5,0,5,5,1,1,2,0,5,5,0,0,1,0,6,1,5,5,5,5,3,1,2,1,2,1,1,1,1,0,1,0,10,10,10,10,2,2,5,5,5,5,1,1,2,2,2,2,0,0,2,5000,5e+06,0,5,10,0,5,15,2050,80,100,5,10,25,80,60,50,2035,5e+06,7e+05,8500000,2040,2030,3,2,1
"TRUE","PcDodlXisuH",0,0,1,0,0,0,0,0.5,4,0,1,1,1,1,9,1,2,2,0,1,0,0,0,0,1,2,5,0,0,0,5,5,5,0.05,0.05,0.05,0,1,0.5,0,0.1,0,1,5,3,0,5,3,5,8,5,0.5,6,5,1,1,2,0,0,0,8,6,8,0.1,0.5,0.1,10,8,10,3,5,10,0,0,0,0,0,0,0,0.01,0.1,0.05,0,0.05,0.1,0.01,0.8,0.1,0.01,0.1,5,10,10,0,0.5,10,10,15,20,0.5,1,12,20,20,25,1,2,19,10,2800,7.7e+10,0,1,3,1,1,2,2040,0.15,0.2,9,9,7,78,79,82,2030,1e+07,2e+07,3e+07,2032,2060,70,65,60
"TRUE","PzO59nrjL0b",0,0,0,0,0,0,0.02,0.02,0.02,0,0,0,0.15,0.15,0.15,0,0,0,0.02,0.03,0.02,0,0,0,0.1,0.1,0.1,0,0,0,0.2,0.2,0.2,0,0,0,0,0,0,0,0,0,0,0.01,0,0,0,0,0.05,0.05,0.05,0,0,0,0.01,0.01,0.01,0,0,0,0.03,0.02,0.02,0,0,0,0.02,0.01,0.01,0,0,0,0,0,0,0,0,0,0.01,0.01,0.01,0,0,0,0.02,0.02,0.01,0,0,0,0.01,0.01,0.01,0,0,0,0.01,0.02,0.02,0,0,0,0.012,0.012,0.01,0,0,0,0.005,10000,8e+10,0,0,0,0,0,0,2055,0,0.01,8,9,15,68,70,73,2030,10,20,50,2080,2028,70,50,45
"TRUE","PTdVUh2xcQr",20,25,15,5,10,10,40,60,35,10,20,15,50,65,50,35,40,20,22,25,20,10,13,10,40,50,30,20,25,15,45,50,35,25,40,20,2,10,5,2,5,5,10,25,20,5,25,15,30,40,25,10,40,15,20,30,20,15,15,20,25,30,25,20,20,30,25,30,25,20,25,30,2,5,5,1,4,5,5,10,20,10,10,10,10,10,20,15,20,32,1,2,1,2,5,5,10,20,10,20,20,15,12,20,12,20,20,20,22,2250,1e+10,20,20,20,1000,1500,2000,2045,30,35,10,14,14,70,68,58,2030,3500000,2e+07,2.5e+07,2150,2100,60,50,50
"TRUE","P6P9kDrd7Z4",10,7,5,2,3,5,20,18,10,5,4,10,30,27,15,10,8,20,3,4,4,3,4,3,5,7,6,4,6,4,10,12,10,8,8,7,10,11,10,1,1,1,20,22,21,5,5,5,30,33,32,10,10,10,30,25,28,5,4,5,40,33,35,7,8,10,40,35,35,10,12,15,5,4,5,2,3,2,8,7,7,4,5,5,10,9,10,5,7,7,10,8,10,2,3,2,25,20,25,7,8,8,35,32,35,9,10,10,32,2200,NA,0,1,4,2,5,8,2037,8,5,10,12,18,73,69,68,2025,1e+11,2e+11,3e+11,2100,2025,15,12,10
"TRUE","Pp6mt4GpH96",1,1,1,1,1,5,1,10,5,1,2,1,10,20,10,2,10,2,1,5,1,0,5,0,1,1,2,1,1,1,10,20,10,5,5,10,1,1,1,1,1,1,1,1,5,1,5,5,2,5,10,1,5,20,10,5,10,1,1,5,20,25,25,1,1,20,60,65,50,1,2,50,1,2,2,1,1,2,5,8,5,1,2,10,10,22,15,1,5,20,15,5,10,1,1,10,20,15,35,2,5,30,65,70,60,8,10,70,50,302023,3e+11,2,10,25,0,2,5,2050,15,75,11,20,70,62,60,58,2035,5e+09,5e+10,3e+11,2050,2025,60,55,45
"TRUE","PzdvCnLVur5",0,0,0,0,0,0,0.005,0.01,0.001,0,0.005,0,0.01,0.1,0.01,0,0.01,0.001,0,0,0,0,0,0,0,0,0,0,0,0,0,1e-04,0.001,1e-04,1e-04,0.001,0,0,0,0,0,0,0,0.5,0.5,0,0.04,0.5,0,1,0.5,0,1,1,0,0,0,0,0,0,1,5,1,1,0,0,2,10,2,1,0.05,0.01,0,0,0,0,0,0,0,0,0,0,0,0,0,0.001,0.01,0,1e-04,1e-04,0,0,0,0,0,0,0,0,0,0,5,0,0,0.1,0.1,0,10,1,1,3050,2e+09,0,2,4,0,1,2,2100,0,0,9,9,9,70,68,65,2030,1e+07,1e+08,1e+09,2090,2030,60,40,20
"TRUE","P6yHFyeXeZy",0.01,0.01,0.01,0.001,1e-04,0.001,0.03,0.03,0.03,0.003,0.003,0.003,5,7,3,0.1,0.2,0.02,0.1,0.1,0.1,0.001,0.001,0.001,0.3,0.3,3,0.003,0.003,0.003,3,4,5,0.5,0.05,0.05,1,1,1,0.1,0.1,0.1,3,3,3,0.5,0.5,0.5,5,5,5,2,2,2,1,1.2,1.7,0.02,0.1,0.05,2,2.5,3.5,0.05,0.2,0.1,4,5,7,0.1,0.5,0.2,1,1,1,0.001,0.001,0.001,2,2,2,0.03,0.03,0.03,4,4,4,0.1,0.1,0.1,7.5,5,5,1.5,1.2,0.5,15,10,10,3,2.5,1,30,20,20,6,5,2,2,10000,1e+10,0,0,1,0,0,1,NA,5,10,9,9,9,78,76,75,NA,2e+10,2.3e+10,3e+10,NA,NA,40,43,55
"TRUE","Pj1H14UO1Pu",1,1,1,1e-04,0.01,1e-04,3,3,3,1e-04,0.01,1e-04,8,8,8,0.001,0.05,0.001,0.05,0,0.05,1e-05,1e-06,1e-06,0.05,1,0.05,1e-06,1e-06,1e-06,0.1,5,0.1,1e-06,1e-06,1e-06,0.05,1,0.05,0.005,0.5,0.005,0.06,1,0.06,0.05,1,0.05,2,5,3,5,5,5,5,5,5,0.005,0.5,0.005,5,5,5,0.005,0.5,0.005,10,10,10,0.05,0.8,0.05,0.005,5,0.005,0.001,4,0.001,0.005,5,0.005,0.001,4,0.001,0.005,12,0.05,0.001,10,0.01,0.05,2,0.05,0.05,0.5,0.5,0.07,5,0.5,0.07,1,1,5,15,2,0.3,8,8,1,2500,8,0.1,0.1,0.5,0.5,0.5,1,2045,1.5,2.5,10,11,12,77,75,72,2035,5e+06,6e+06,7e+06,2040,2030,65,70,75
"TRUE","PCxTZNHBFsx",0.01,0.01,0.1,0,0,0,1,2,5,0,0,0.1,5,3,10,1,0.01,1,0.1,0.1,0.5,0,0,0.1,0,0.5,1,0,0.9,5,0,0.1,5,0,1,20,0,0,0,0,0,0,0,0.1,0,0,0,1,0,0.2,0.1,1,30,40,50,90,70,0,0,0.05,40,30,50,0,0.05,0.09,20,10,35,0.1,1,10,0.01,0.01,0.01,0,0.01,0.01,0.01,0.09,1,0,1,5,1,2,5,1,2,30,3,10,15,0,0,0.01,5,20,70,0,0,5,50,50,80,1,0.01,8,10,NA,1.15e+08,1,1,3,1,1,5,2100,1,5,5,5,3,70,80,60,2300,5e+06,3e+07,1e+07,2050,2100,30,35,25
"TRUE","PSQ0iHOQh3f",0,0,0,0,0,0,1,5,2,0,0,0,2,10,5,0,1.5,1,0,0,0,0,0,0,0,2.5,0,0,0.25,0,3,5,5,0.05,0.05,0.05,0,0,0,0,0,0,0,2.5,2,0,0,0,4,6,8,2,5,5,0,0,0,0,0,0,0,0,0,0,0,0.03,0.05,1,1,0.03,0.03,0.5,0.2,0.25,0.2,0,0.09,0,0.3,0.5,0.4,0.01,0.034,0.03,0.5,0.9,0.5,0.35,0.56,0.56,0,1.5,0,0,0.5,0.5,1,10,8,0,1,1,10,22,15,3,14,10,10,2850,NA,0,0,2,0,0,2,2055,1,1.25,5,8,20,71.25,69,65.25,2029,5800000,10500000,2.8e+07,2090,2029,70,69,65
"TRUE","PJAPi8RgHSk",1,1,1,1,1,1,2,4,5,1,2,2,3,6,10,1,4,5,1,2,4,1,1,1,3,4,10,2,3,5,5,6,15,3,4,10,1,1,2,1,1,1,5,4,6,2,3,4,15,10,10,3,5,8,3,1,1,1,1,1,5,2,1,1,1,1,10,3,2,1,1,1,1,1,1,1,1,1,1,1,1,1,1,1,1,1,1,1,1,1,1,1,1,1,1,1,10,5,5,4,1,3,15,8,10,8,3,8,20,3000,2e+10,5,10,15,2,10,15,2040,2,5,10,12,13,72,63,50,2030,3e+07,8e+07,6e+07,2040,2030,70,64,60
"TRUE","PMe8OPck68b",2,2,2,2,2,2,10,10,10,10,20,20,30,50,30,20,30,30,0.1,0.2,0.5,0.2,0.1,0.2,0.02,0.3,1,0.5,0.3,0.3,0.05,5,5,0.5,0.5,0.5,0.01,0.02,0.3,0.05,0.1,0.5,3,3,3,3,3,3,5,5,5,5,5,5,0.1,0.3,0.4,0,0,0,0.2,0.4,0.5,0,0,0,1,1,1,1,1,1,0.2,0.1,0.3,0.2,0.2,0.2,0.3,0.2,0.3,0.4,0.4,0.4,0.56,0.56,0.56,0.5,0.5,0.56,0,0,0,0,0,0,1,1,1,0.5,0.5,0.5,2,2,2,1,1,1,0.01,2100,10000,5,5,5,200,100,50,2040,90,95,10,12,19,0,0,0,2025,2e+10,1e+11,5e+11,2015,2100,46,50,50
"TRUE","POpqx30D0SP",1,1,1,1,1,1,2,1,1,1,1,1,5,1,5,1,1,1,0,1,1,0,0,0,0,1,1,1,0,0,0,1,1,1,0,0,0,0,0,0,0,0,0,0,0,0,0,0,1,1,0,0,1,1,10,5,2,1,1,1,25,10,4,2,1,1,30,15,8,4,2,2,0,0,0,0,0,0,1,1,1,1,0,0,1,1,1,1,1,1,3,3,3,3,3,3,5,5,5,5,4,4,6,6,6,6,5,5,5,2300,6e+09,0,10,15,1,5,15,2075,0,1,10,12,12,70,65,40,2035,5,6,8,2050,2030,65,60,30
"TRUE","PPnI11TNSdc",0.05,0.01,0.5,0,1e-06,0,0.05,0.1,0.5,0,2e-05,0,0.1,0.1,0.5,2e-04,1e-04,0,0.002,0.003,0.03,0,2e-05,0.001,0.02,0.02,0.1,0,2e-04,0.5,0.5,0.1,1,0,0.05,2,0,0.5,1,0,0.05,0.04,1e-06,3,2,0,1,2,1e-05,5,5,0,3.5,4,0.5,0.9,0.25,5e-05,0.002,1e-04,0.5,1.5,0.8,1e-04,0.025,0.006,1,2,1,0.5,0.06,0.05,0,1e-04,0.01,0,0.006,0.001,0,0.0021,0.08,0.05,0.01,0.3,0.5,0.01,0.5,1,0.09,2,0.002,0.01,1,0,0.001,0.02,0.03,2,1.5,0.002,0.05,0.09,1,5,3,0.005,0.5,2,0.5,2500,2.03e+11,0,1,2,0,0,1,2042,0.5,1,9,9,10,70,75,65,2035,3e+08,1e+09,5e+09,2059,2060,65,60,50
"TRUE","P1RIEw9ISzZ",3,5,5,0,1,1,5,5,10,0,1,1,7,5,10,5,5,1,2,2,5,2,2,5,3,3,5,3,3,5,4,4,5,4,4,5,3,5,10,0,5,5,5,5,5,5,5,5,5,5,10,5,5,10,10,10,20,8,8,10,15,15,15,15,15,15,20,20,20,20,20,20,0,0,0,0,0,0,0,0,0,0,0,0,0.5,0.5,0.5,0.5,0.5,0.5,5,10,19,5,10,20,10,10,20,10,10,20,15,15,20,15,15,20,10,2500,6e+09,0,0,1,1,0,0,2040,10,30,12,20,10,60,65,70,2040,4e+06,5e+06,6e+06,2040,2045,50,60,60
"TRUE","PyOIqz81T4h",0.05,0.02,1,0,0,0.1,0.1,0.05,2,0,0,0.4,0.5,0.25,5,0.01,0,0.7,0.2,0.1,3,0,0,1,0.5,0.2,6,0,0.005,6,0.7,0.5,9,0,0.01,8,0.1,0.1,1,0.01,0.03,0.5,0.3,0.25,4,0.05,0.04,2,0.5,0.5,6,0.09,0.05,3,1,0.5,5,0.5,0.5,3,5,3,10,1,0.75,6,10,10,15,5,0.85,8,5,3,5,0.5,0.05,3,7,6,12,0.7,0.5,5,10,8,15,0.85,0.8,7,0.5,1,3,0.25,0.75,1,0.75,4,6,0.5,1,7,1,6,10,0.75,1.25,9,0.5,7500,NA,20,25,40,15,20,30,2050,25,35,10,12,15,70,75,80,2030,NA,NA,NA,2075,2030,12,11,11
"TRUE","Pk3F1vO3cVs",3,1,2,0,0,0,15,20,30,0,0,0,20,25,45,0,0,0,2,1,3,0,0,0,15,20,8,0,0,0,35,40,40,0,0,0,1,2,2,0,0,0,5,5,5,0,0,0,20,15,30,0,0,0,2,0,5,0,0,0,10,10,10,0,0,0,30,30,30,0,0,0,0,0,0,0,0,0,0,0,0,0,0,0,0,0,0,0,0,0,0,0,0,0,0,0,3,3,3,0,0,0,20,25,25,1,1,1,1,2400,NA,0,0,2,0,0,0,2045,0,1,10,11,13,70,73,78,2030,12,23,33,2060,2030,75,80,78
"TRUE","PpLNsKTS7im",10,10,20,5,5,5,15,15,15,5,5,5,20,20,20,10,10,10,8,8,8,5,5,5,10,10,10,7,7,7,20,20,20,10,10,10,2,2,2,0,0,0,5,5,5,2,2,2,10,10,10,5,5,5,5,5,5,5,5,5,8,8,8,5,5,5,10,10,20,8,8,8,2,3,3,0,0,0,5,5,5,3,3,3,8,8,8,5,5,5,20,20,20,5,5,5,25,25,25,8,8,10,30,30,30,8,8,10,10,2500,5e+08,0,5,5,0,10,15,2060,20,60,15,20,23,50,50,60,2050,6e+07,5e+07,1e+08,2060,2050,50,60,30
"TRUE","PhlZ8BiViPv",0,1,1,0,0,0,1,5,5,0,1,1,10,10,10,0,2,2,0,1,1,0,0.01,0.01,0,2.5,2.5,0,0.025,0.025,1,5,5,0.005,0.05,0.05,0,1,1,0,1,1,0,2.5,2.5,0,2.5,2.5,1,5,5,1,5,5,1,2.5,2.5,0,0.25,0.25,2,5,5,0,0.5,0.5,5,10,10,0.5,1,1,0,0.002,0.002,0,0.05,0.05,0,0.005,0.005,0,0.1,0.1,0,0.09,0.09,0,0.25,0.25,0,5,5,0,1,1,1,10,10,0,5,5,5,19,19,1,10,10,10,2120,8e+09,0,0,0,NA,NA,NA,2023,1,5,9,9,9,77,77,77,2030,NA,NA,NA,2115,NA,86,90,95
"TRUE","PCoequ1tizF",2,1,2,1e-04,1e-04,1e-04,3,2,3,1e-05,1e-05,1e-04,5,3,4,1e-05,1e-04,1e-04,1,1,2,1e-04,1e-04,1e-04,1.5,1,3,1e-05,1e-04,1e-04,2,1.5,3.5,1e-04,1e-04,1e-04,1e-05,1e-05,1e-05,1e-07,1e-06,1e-06,1,3,3,1e-04,1e-04,1e-04,3,6,5,1e-04,1e-04,1e-04,5,6,3,2,2,3,7,8,5,4,4,5,10,10,12,6,6,12,1,0.5,0.8,0.5,0.25,0.4,2,1,1.6,1,0.5,0.8,4,2,3.2,2,1,1.6,7,6.5,4,3.5,3.25,2,14,13,8,7,6.5,4,21,19.5,12,14,9.75,6,20,4000,2.5e+10,1,2,5,1,5,15,2050,0.5,1,9,10,15,80,85,85,2027,5e+07,2.5e+08,1e+10,2050,2040,60,60,60
"TRUE","Ppg4mzV854w",30,50,40,40,40,30,50,80,50,50,70,60,80,90,80,80,90,80,50,70,70,50,40,40,40,60,60,50,40,50,40,50,50,50,40,40,50,50,50,50,60,60,50,60,60,60,60,60,60,70,70,70,70,70,40,50,50,50,50,50,60,60,60,60,60,60,70,70,70,75,75,75,40,40,40,40,40,40,50,60,45,50,50,50,60,60,50,60,60,60,40,50,50,50,50,50,60,60,60,60,60,60,70,70,70,70,70,70,90,2100,5e+06,1,3,5,20,30,50,2065,5,15,9,10,11,60,45,35,2025,5e+06,1.5e+07,2.5e+07,2080,2085,65,55,40
"TRUE","PIb99H4Rv4g",5,3,6,0,1,1,8,5,7,0,1,2,10,7,8,0,1,1,2,1,3,0,2,1,2,2,4,1,3,2,2,2,5,1,7,3,3,1,1,0,0,0,4,2,2,1,0,1,6,4,4,1,1,2,5,2,2,5,5,5,6,2,2,15,10,10,6,2,2,50,12,12,2,0.6,0.3,0,0,0,3,0.9,0.5,1,0.3,0,5,1,0.7,2,0.5,0.2,15,15,14,10,3,3,20,16,16,15,10,10,30,19,18,20,19,19,30,2250,1.08e+10,12,10,9,0,1,2,2028,30,40,10,20,30,67,64,60,2030,5e+09,8e+09,1.5e+10,2120,2035,40,30,20
"TRUE","PYETbTdBjKd",10,10,10,10,10,10,20,10,10,20,10,10,30,10,10,30,10,10,10,5,5,10,5,5,20,5,5,20,5,5,30,5,5,30,5,5,30,5,5,10,5,5,40,5,5,20,5,5,50,5,5,30,5,5,10,10,10,5,5,5,10,10,10,5,5,5,10,10,10,5,5,5,5,2,2,2,2,2,5,2,2,2,2,2,5,2,2,2,2,2,15,10,10,10,8,8,15,10,10,10,8,8,15,10,10,10,8,8,20,2100,1e+10,2,5,10,2,5,10,2039,5,20,10,12,14,65,55,50,15,2e+10,2e+10,2e+10,NA,90,60,70,70
"TRUE","PXdlYYh2mvb",30,20,40,1,2,10,60,40,60,10,5,40,100,80,90,60,50,90,1,1,5,1,1,4,6,5,25,2,5,30,25,20,65,10,60,70,2,2,7,1,2,3,5,10,25,30,15,25,25,25,45,75,40,60,30,15,70,20,20,60,50,55,50,60,65,70,10,20,90,10,10,90,70,55,60,15,40,30,80,40,80,45,30,60,90,70,90,60,50,80,50,40,80,50,40,80,60,40,30,70,20,20,10,40,70,10,10,60,50,2070,2e+10,0,0,0,0,0,1,2039,10,50,9,9,9,79,81,83,2025,1,2,3,2043,2033,70,68,65
"TRUE","P80EKmlrlyF",2,1,2,2,3,1,5,7,3,8,4,4,8,5,5,1,2,7,5,8,1,7,7,3,2,1,1,4,1,2,6,5,5,8,9,9,5,5,6,8,8,8,4,5,7,7,4,5,20,25,20,30,25,20,4,4,6,7,6,4,2,2,2,1,2,1,17,19,19,17,16,10,5,5,6,5,7,5,4,1,1,1,2,1,10,19,19,18,19,10,5,6,5,5,4,6,7,6,6,2,3,2,1,2,2,2,3,1,0.5,2530,85,59,70,85,15,10,35,2025,20,25,14,10,8,76.1,78,80,2025,3e+12,5e+12,1.5e+13,2100,2031,81,86,90
"TRUE","PlO2nEzlDFn",0.035,0.025,2e-04,2e-05,2e-06,4e-09,0.045,0.03,3e-04,3e-05,4e-06,6e-09,0.066,0.035,6e-04,4e-05,6e-06,8e-09,8e-05,5e-04,4e-05,1e-05,2e-06,2e-07,1e-04,7e-04,6e-05,3e-05,4e-06,4e-07,2e-04,9e-04,8e-05,6e-05,6e-06,6e-07,2.5,0.05,0.003,0.004,2e-04,3e-05,4.5,0.07,0.005,0.006,3e-04,4e-05,6,0.09,0.007,0.008,4e-04,6e-05,0.005,0.001,5e-04,3e-04,1e-05,2e-06,0.007,0.003,7e-04,5e-04,4e-05,4e-06,0.01,0.008,9e-04,7e-04,6e-05,7e-06,2e-06,3e-06,3e-07,2e-07,5e-09,5e-09,4e-06,5e-06,4e-07,4e-07,8e-08,6e-09,6e-06,7e-06,6e-07,6e-07,1e-07,9e-08,0.2,0.08,0.008,0.02,0.004,8e-04,0.4,0.1,0.01,0.04,0.006,0.001,0.6,0.3,0.03,0.06,0.008,0.003,0.01,6025,8e+09,2,4,6,1,2,3,2100,4,10,13,16,22,78,76,73,2025,3.5e+07,4e+07,5e+07,2088,2030,12,18,25
"TRUE","PZk9lx0pOnk",0.04,0.05,0,0,0.001,0.003,0.01,0.02,0,0,0.001,0.005,0.1,0.1,0,0,0.001,0.01,0.05,0.07,0.07,0,0.001,0.03,0.03,0.05,0.05,0,0.001,0.02,0.1,0.02,0.1,0,0.001,0.01,0.001,0.001,0.002,0,0.001,0.006,0.002,0.002,0.003,0,0.002,0.007,0.003,0.003,0.04,0,0.003,0.009,0,0.03,0.05,0,0.07,0,0,0.02,0.03,0,0.05,0,0,0.01,0.01,0,0.03,0,0,0.1,0.2,0,0,0,0,0.1,0.1,0,0,0,0,0.1,0.05,0,0,0,0,0.02,0.5,0,0,0.001,0,0.01,0.4,0,0,0.001,0,0.01,0.3,0,0,0.001,0.02,5000,7e+09,0.001,0.001,0.001,0.003,0.003,0.003,2030,0.05,0.05,7,7,4,4,1,-10,2026,2.4e+11,2.75e+11,3.1e+11,2110,2027,46,58,80
"TRUE","P4ToEBMNbpT",1,3,3,0,0,0,5,5,5,0,0,0,15,10,10,0,0,0,1,1,1,0,0,0,3,3,3,0,0,0,10,5,5,0,0,0,1,1,1,0,0,0,2,2,2,0,0,0,5,10,10,0,0,0,30,25,25,1,1,1,35,30,30,5,5,5,20,15,15,0,0,0,1,1,1,0,0,0,5,3,3,0,0,0,5,5,5,0,0,0,1,1,1,0,0,0,3,5,5,0,0,0,5,10,10,0,0,0,3,2300,1e+10,0,1,1,0,1,1,2028,25,37,9,11,20,85,83,75,2025,2e+10,5e+10,2e+13,2065,2025,70,72,79
"TRUE","PrHY1Pl3Qea",10,5,5,0,1,1,30,10,15,0,1,1,50,20,30,0,2,2,5,20,15,0,0.1,0.1,10,40,30,0,0.5,0.25,15,60,60,0,1,0.5,5,2.5,2.5,5,1.32,1.25,5,5,5,5,2.5,2.5,5,10,10,5,5,5,5,5,5,0.1,0.125,0.25,10,10,15,0.25,0.25,0.5,20,20,30,0.5,0.5,1,3,2,2,0.15,0.25,0.25,7,5,5,0.25,0.5,0.5,13,10,10,0.5,1,1,5,5,5,0.5,0.5,0.5,10,10,10,1,1,1,15,20,20,1.5,2,2,0.5,7550,1.04e+10,0,1,2,0,0,1,2050,50,70,10,12,14,60,65,70,2030,2e+06,5e+06,1e+07,2030,2050,75,75,80
"TRUE","PRlEc5osllQ",2,1,2,0.1,0.5,0.75,4,2,3,0.3,0.6,0.8,6,3,3,0.5,0.8,0.9,1,1,1,0.1,0.2,0.2,2,1.5,2,0.15,0.3,0.3,3,1.85,2.8,0.25,0.4,0.5,3,2,3,2,2,3,4,3,4,3,3,4,6,4,5,5,4,4,3,2,2,0.5,0.8,0.9,5,2.5,3,1,1,1.2,6,3,4,1.5,1.8,2,0.8,0.5,0.4,0.05,0.08,0.08,1,0.8,0.7,0.08,1,1.2,1.5,1,1,0.1,1.2,1.5,4,3,4,1,1.5,1,6,3.5,5,1.5,2,1.5,9,5,8,2,2.5,2,2.5,2350,1.5e+10,0,0,1,0,0,1,2050,0.5,0.9,9,9,10,55.5,62.8,64.5,2050,1e+07,1.6e+07,3.2e+07,2085,2090,65,70,75
"TRUE","Pizg7Bo1u8K",5,10,20,0.2,0.001,0.002,10,20,30,0.5,0.002,0.003,20,30,40,1,0.003,0.004,1e-04,1e-04,1e-04,1e-05,1e-07,1e-04,2e-04,1e-04,2e-04,2e-05,1e-06,1e-04,3e-04,2e-04,3e-04,2e-05,1e-06,2e-04,1e-04,1e-05,1e-07,1e-04,1e-05,1e-04,1e-04,1e-05,1e-06,1e-04,1e-05,1e-04,2e-04,1e-04,1e-04,1e-04,2e-05,3e-04,0.001,1e-04,0.002,1e-04,1e-04,0.002,0.002,2e-04,0.003,1e-04,1e-04,0.003,0.01,3e-04,0.04,2e-04,2e-04,0.004,0.01,0.001,0.1,1e-04,1e-04,0.1,0.02,0.003,0.2,1e-04,1e-04,0.2,0.03,0.005,0.3,2e-04,1e-04,0.3,10,5,15,0.1,1e-04,0.2,20,10,25,0.2,4e-04,0.4,30,20,35,0.3,8e-04,0.6,0.1,2200,1.03e+13,2,2,4,0,0,0,2035,50,50,9,9,9,81.9,81.4,80.1,2026,2e+11,2.3e+11,2.5e+11,2085,2026,70,60,20
"TRUE","PIffP6Imktr",2,1,1,1,1,1,6,5,5,5,5,5,10,10,10,10,10,10,2,3,3,2,3,3,6,7,6,5,7,7,10,10,10,10,10,10,1,1,1,1,1,1,4,5,5,4,4,4,6,10,8,5,5,5,3,2,2,2,1,1,7,8,7,6,4,5,11,10,10,9,8,8,0.2,0.05,0.1,0.01,0.01,0.02,0.5,0.2,0.3,0.1,0.05,0.04,1,0.4,0.5,0.2,0.1,0.05,4,5,4,5,5,5,7,10,10,10,9,10,11,12,11,13,12,11,12,2110,3e+09,1,4,10,0,1,3,2050,8,20,10,15,30,65,64,60,2025,NA,NA,NA,2060,2035,65,64,60
"TRUE","PonW3lOpcCy",5,7,7,6,2,2,7,7,7,7,7,7,8,8,8,8,8,8,1,1,1,1,1,1,1,1,1,1,1,1,1,1,1,1,1,1,2,2,2,2,2,2,4,4,4,4,4,NA,6,6,6,6,6,6,1,1,1,1,1,1,6,6,6,6,6,6,9,10,10,10,10,10,1,1,1,1,1,1,1,1,1,1,1,1,1,1,1,1,1,1,1,1,2,2,2,2,4,4,4,4,4,4,10,10,10,10,10,10,6,2450,1.3e+10,0,0,1,0,2,3,2070,1,0.1,8,9,9,60,65,50,2030,3.6e+09,1.5e+10,4e+10,2075,2028,30,45,55
"TRUE","PxUOEMFirMl",0.001,0.001,0.001,1e-06,1e-06,1e-06,3,0.5,0.8,1e-05,1e-06,1e-06,7,3,5,1e-05,0.001,1e-04,0.001,1e-04,1e-04,1e-05,1e-05,1e-04,0.05,0.2,0.2,0.001,0.001,0.001,0.05,0.5,0.5,0.001,0.001,0.001,1,1,1,0.01,0.01,0.01,20,15,15,1,5,5,30,25,25,3,10,10,9,3,3,9,1,1,20,15,15,20,7,7,40,30,30,40,11,11,0.001,1e-04,1e-04,1e-05,1e-05,1e-04,0.01,0.1,0.07,1e-04,0.001,1e-04,0.1,0.1,0.1,1e-04,0.001,0.001,2,3,5,0.1,0.2,0.8,20,15,10,2,2,3,40,30,25,5,4,5,50,2500,7e+07,0,0,2,0,0,1,1e+210,1,4,9,11,15,73,60,40,2026,7e+10,5e+11,2e+12,2045,2028,80,69,59
"TRUE","P1diXXuZIcI",0.1,0.1,0.5,0.001,0.001,0.01,0.2,0.2,1,0.002,0.002,0.02,0.5,0.5,5,0.005,0.005,0.05,0.05,0.05,0.1,0.001,0.001,0.01,0.1,0.1,0.2,0.002,0.002,0.02,0.3,0.3,0.5,0.005,0.005,0.05,0,0,0.001,0,0,0.001,0,0.001,0.002,0,0.001,0.002,0.001,0.002,0.01,0.001,0.002,0.01,0.1,0.1,0.1,0.01,0.01,0.1,0.5,0.5,0.5,0.05,0.05,0.5,1,1,1,0.1,0.1,1,0,1e-04,1e-04,0,1e-04,0.001,0,2e-04,2e-04,0,2e-04,0.002,0.001,0.001,0.001,0.001,5e-04,0.01,0.1,0.1,0.5,0.01,0.01,0.02,0.5,0.5,1,0.05,0.05,0.1,1,1,2,0.1,0.1,0.2,1,3000,5e+10,0,0,3,0,0,3,2150,100,100,8,9,12,80,79,78,2040,2e+08,5e+08,1e+09,2080,2060,66,66,66
"TRUE","Pvebd7L4Vk2",0,0,0,0,0,0,0,1,1,0,0,0,0,1,1,0,1,1,0,0,0,0,0,0,0,0,0,0,0,0,0,0,1,0,0,1,0,0,0,0,0,0,1,3,3,0,1,1,2,5,5,0,2,2,0,0,1,0,0,0,0,1,2,0,0,1,1,5,5,0,0,1,0,0,0,0,0,0,0,1,1,0,0,0,0,2,2,1,1,1,0,0,0,0,0,0,0,0,0,0,0,1,0,1,1,0,1,5,NA,NA,NA,0,0,0,0,0,5,2150,0,1,9,11,15,75,75,75,2045,NA,1e+09,5e+09,2101,2150,68,60,40
"TRUE","PhRBubtEZI5",0.1,0.1,1,0.001,0.001,0.001,0.2,0.2,2,0.001,0.001,0.001,0.5,0.5,3,0.001,0.001,0.001,5,7,6,0.01,0.01,0.1,14,9,12,0.01,0.01,0.1,19,23,24,0.01,0.01,0.1,0.01,0.01,0.01,0.01,0.01,0.01,0.01,0.01,0.01,0.01,0.01,0.01,0.01,0.01,0.01,0.01,0.01,0.01,1,1,2,1,1,2,1,1,2,1,1,2,1,1,3,1.5,2,2,0.2,0.2,1,0.01,0.1,0.05,0.2,0.3,1.5,0.01,0.1,0.05,0.2,0.4,2.3,0.01,0.2,0.05,10,12,8,1,1,1,15,13,12,1,1,1,24,25,22,1,1,1,2,2556,1.38e+33,0,1,1,0,1,2,2120,1e-05,1e-06,9,10,11,75,73,74,2055,5e+06,6e+06,7e+06,2035,2134,55,60,65
"TRUE","PCHgDkKgXm0",45,20,10,2,10,5,20,10,5,5,15,10,10,30,4,3,30,35,45,30,10,20,15,10,35,4,15,30,25,35,10,15,20,15,35,40,5,20,35,40,20,25,10,35,40,20,30,10,25,20,35,30,20,15,49,10,15,35,30,20,33,20,15,25,40,35,29,15,20,15,35,25,5,35,20,30,40,55,10,45,25,20,30,60,15,55,35,15,25,65,10,10,20,15,20,1,12,15,22,10,15,2,15,19,25,5,19,2,30,2200,1e+09,30,40,45,30,40,60,2100,2,5,9,20,30,50,60,70,2123,10,20,30,2050,2073,30,20,10
"TRUE","PQQKAsNWko8",2.5,0.75,2,0,0,0,9,7.5,NA,0,0.9,7,15,15,NA,5,5,10,2,5,3.5,0,0.5,5,5.5,12,5,0,6,8,30,20,12,10,9,36,0.3,2,4,0,5.5,3,4,5,10,2,2,10,2,4,10,4.5,4.5,15,20,23,14,2,10,35,35,28,35,25,15,50,50,40,50,50,65,70,0.2,1.5,5,0,2,1.5,2,3.5,7.5,1.75,4,4,5,4,5,3.5,3,2,0,10,12,0,3,10,10,24,19,2,5,12,25,30,15,2.5,2,5,2,3500,NA,9,15,20,23,35,59,2040,30,45,9,12,20,65,68,75,2023,6e+06,1.2e+07,2e+07,2040,2024,75,60,45
"TRUE","PXTe7Ke9X8N",2,4,2,0,0,0,4,6,4,0,1,1,6,8,5,0,2,2,6,5,4,2,3,0.1,8,8,6,3,4,0.5,12,10,8,4,5,0.7,1,2,2,0,2,2,5,5,4,0,3,3,10,7,5,0,4,4,5,5,10,2,2,1,15,10,10,5,5,1,25,15,15,10,8,0.5,0.05,0.2,0.2,0.01,0.1,0.1,0.05,0.2,0.2,0.01,0.1,0.1,0.05,0.2,0.2,0.01,0.1,0.1,6,5,10,2,2,2,8,10,10,5,5,3,12,15,15,10,8,4,5,702024,NA,1,2,5,0,0,1,2035,2,2,9,10,12,82,85,80,2025,6e+06,8e+06,5e+07,2035,NA,75,80,85
"TRUE","PPYSQLBCrS7",3,5,10,0.01,0.05,0.2,5,10,20,0.5,0.1,0.5,30,30,40,0.75,0.3,0.8,2,3,3,0.001,0.001,0.02,6,10,5,0.03,0.004,0.05,10,12.5,10,0.05,0.01,0.08,2,2,3,0.5,0.05,1,8,3,4,1,1,1.5,10,5,5,5,1.5,2,10,15,20,0.2,0.5,1,12,18,26,0.5,1,1.5,15,25,32,1,1.5,2,0.6,0.54,0.6,0.03,0.07,0.05,0.65,0.58,0.8,0.06,0.08,0.085,0.7,0.6,1,0.09,0.09,0.08,12,15,15,1,1.5,5,18,26,23,9,5,12,25,34,28,18,11,21,25,2130,1.04e+10,0,0,0,0,0,1,2100,50,99,9,10,12,81,83,86,2024,1295,7775,34985,2091,2100,70,80,90
"TRUE","PUsPuXxXTge",10,10,30,1,1,1,20,30,50,10,1,1,70,60,90,25,2,1,20,10,5,2,2,5,30,20,10,5,6,10,70,50,50,30,7,14,5,1,2,1,0,0,10,3,5,3,1,1,20,5,10,5,2,2,10,5,5,25,5,10,20,10,12,50,30,38,50,20,40,75,50,80,10,5,8,5,2,3,50,10,40,17,4,4,80,50,60,50,6,5,50,30,20,30,20,25,66,50,40,50,40,50,100,90,80,69,66,70,90,2150,1.3,1,2,5,3,10,15,2100,80,95,5,7,10,55,60,70,2024,2e+10,1e+11,1e+12,2035,2035,75,80,90
"TRUE","PdTErp089wB",4,3,4,2,1,1,9,7,7,4,3,2,14,11,10,7,4,4,3,4,3,2,1,1,8,6,6,4,2,2,12,10,11,7,3,4,5,6,4,2,1,1,10,9,7,5,3,4,15,12,11,9,7,6,4,3,3,1,1,2,9,8,7,3,2,3,19,12,10,5,4,5,1,1,1,1,1,1,2,1,2,2,1,2,4,3,3,3,2,2,5,3,2,2,1,2,10,7,6,5,4,4,20,13,13,10,8,9,18,2130,6e+10,3,6,19,4,11,32,2045,10,25,14,19,52,30,50,85,2026,2e+07,3.5e+07,6e+07,2090,2030,20,38,58
"TRUE","P1OPPtCUnVy",2,1,10,0,0,0,4,2,15,1,2,1,1,1,5,1,1,1,0,1,0,1,1,1,1,1,0,0,0,0,0,0,0,0,0,0,0,0,0,0,0,0,0,0,0,0,0,0,0,0,0,0,0,0,8,12,3,0,0,0,1,2,1,0,0,0,0,0,0,0,0,0,1,1,1,0,0,0,0,0,0,0,0,0,0,0,0,0,0,0,2,1,2,0,0,0,0,0,0,0,0,0,0,0,0,0,0,0,5,2.5e+07,5.5e+10,1,1,2,1,3,1,2045,8,2,9,11,15,45,42,40,2028,3e+23,2e+25,2e+26,2095,2050,80,100,100
"TRUE","PEOMqt82fPB",10,20,5,1,2,1,30,30,40,1,5,1,60,50,55,10,20,30,10,5,10,1,2,1,30,30,30,10,10,10,50,40,60,30,20,30,0.01,0.01,0.01,0.001,0.005,0.007,0.02,0.03,0.03,0.002,0.006,0.008,0.07,0.15,0.08,0.005,0.008,0.01,5,3,5,1,1,1,10,15,15,2,4,3,30,50,30,5,10,8,0.5,0.3,0.4,0.01,0.03,0.04,1,0.6,0.8,0.02,0.04,0.05,5,4,6,0.05,1,0.09,0.05,0.08,0.06,0.005,0.009,0.01,0.07,0.15,0.1,0.008,0.015,0.02,0.7,0.8,0.4,0.01,0.05,0.07,0.05,2150,5e+09,0,1,5,0,1,1,2040,5,10,9,10,12,70,72,65,2028,1e+07,2e+07,5e+07,2040,2035,71,75,60
"TRUE","PsNdU2ixPgi",5,5,5,0,1,1,10,7,7,0,2,2,15,10,10,1,2,3,5,3,3,0,0.05,0.05,10,4,4,0,0.05,0.05,15,5,5,0,0.05,0.05,0,0.5,0.5,0,0.5,0.5,0,2,2,0,2,2,0,5,5,0,5,5,1,2.5,2.5,0,0.2,0.2,2,5,5,0,0.5,0.5,3,10,10,1,1,1,0,0.1,0.1,0,0.01,0.01,0,0.1,0.1,0,0.01,0.01,0,0.1,0,0,0.01,0.01,5,5,5,0,5,1,10,10,10,0,7,2,15,20,20,1,10,3,10,2123,1.4e+10,0,0,1,0,0,0,2500,100,100,9,9,10,62,62,62,2024,1e+07,1e+07,1e+07,2100,2030,60,60,65
"TRUE","PnZxB8WH0SC",0.5,1,1,0.01,0.01,0.01,10,13,12,0.5,0.5,0.5,30,32,30,0.75,0.75,0.75,0.1,0.1,1,0.001,1e-05,0.02,0.5,0.5,2,0.01,1e-04,0.1,1,1,5,0.1,0.1,1,0.1,0.1,0.5,0.001,1e-04,0.1,5,4.5,3,2,1,1,10,9,10,5,5,5,0.1,0.2,0.1,1e-07,1e-05,1e-08,0.5,1,2,0.001,0.1,0.01,1,4,2,0.03,0.03,0.03,1e-07,1e-04,1e-05,1e-05,0.011,2e-04,0.003,0.001,1e-04,0.003,0.003,0.002,0.09,0.009,0.09,0.002,0.001,0.001,0.4,0.2,0.2,0.1,0.01,1,2.4,3,3,2,2,2,12,22,14,10,19,10,3,2120,1e+05,0,0,1,0,1,2,2039,1.31,9.17,9,9,11,55,59,63,2040,2e+10,2.31e+11,8.91e+11,2090,2030,67,64,59
"TRUE","P5leRX5GxgY",0.01,2,1,1e-05,0.1,1,0.1,10,20,0.1,1,5,10,30,30,5,2,3,1,1,0.001,0.1,0.1,0.001,5,2,0.01,0.1,0.1,0.1,35,10,0.05,2,0.05,0.05,0.001,0.1,0.1,0.1,0.1,0.1,1,5,5,1,5,5,7,10,5,5,5,10,5,1,1,2,0.01,0.01,10,15,15,5,0.03,0.03,15,30,30,10,0.05,0.05,10,0.1,0.1,5,0.01,0.01,15,0.3,0.3,7,0.03,0.03,30,0.5,0.5,10,0.09,0.09,1,0.01,0.01,0.01,0.01,0.01,2,0.02,0.02,0.02,0.03,0.03,5,0.16,0.19,1,1,2,0.19,2200,2e+09,1,2,5,0.1,0.3,0.5,2035,10,15,8,10,12,64,61,59,2075,8,10,12,NA,2100,70,65,50
"TRUE","PUXSs9RHDOo",5,5,5,5,5,5,15,5,5,5,5,5,80,5,5,5,5,5,5555,5,5,5,5,5,5,5,5,5,5,55,5,5,5,5,5,5,5,55,5,5,5,5,5,5,5,5,555,5,5,55,5,55,5,55,5,5,5,5,5,5,5,5,5,5,5,5,5,5,5,5,5,5,5,5,5,5,5555,5,5,5,5,5,5,5,5,5,555,5,5,5,5,5,5,5,5,5,5,5,5,5,5,5,5,5,5,5,5,5,NA,2300,5600000,2,5,25,0,0,5,2040,5,50,9,15,40,10,30,50,2024,5e+06,259999999,1e+12,NA,NA,20,30,50
"TRUE","PAxSjato1xK",10,7,5,2,2,1,12,8,5,3,2,1,20,15,10,10,7,5,15,5,4,2,1,1,20,7,5,3,1,1,30,10,10,5,2,3,1,0,0,0,0,0,2,0,0,0,0,0,5,0,0,1,0,0,15,5,7,5,2,2,25,10,10,10,7,5,35,15,12,15,8,6,5,1,1,2,1,1,10,2,2,5,2,1,20,4,4,8,3,2,15,10,5,5,3,1,25,12,8,6,4,2,40,15,10,10,6,5,25,1e+09,1.2e+08,0,1,5,0,1,3,2200,15,25,9,10,13,70,75,80,2030,2e+07,2e+11,2e+13,2110,2040,60,50,45
"TRUE","PcVrDwBEJAW",0,0,0,0,0,0,1e-04,2e-04,5e-04,0,5e-06,1e-05,0.001,0.002,0.005,1e-05,1e-05,2e-05,0.01,0.02,0.05,0,0.005,0.01,0.05,1,2,0.005,0.01,0.02,2,3,5,0.02,0.03,0.05,0.5,1,1,0.2,0.5,0.5,1,4,4,0.5,1,1,2,8,8,1,3,3,0.05,0.05,0.1,0.001,0.005,0.01,0.5,0.5,1,0.05,0.01,0.1,3,3,5,0.2,0.3,0.5,5e-04,5e-04,5e-04,0.005,0.005,0.005,0.001,0.001,0.001,0.01,0.02,0.02,0.05,0.1,0.1,0.02,0.05,0.05,1,2,4,0.1,0.2,0.5,2,3,5,1,2,3,7,20,40,5,12,15,5,3000,NA,0,0,0,0,0,0,2050,0.5,1,9,10,12,80,78,75,2035,2e+07,3e+07,5e+07,2075,2070,68,65,55
"TRUE","Pce0g3WPqHT",20,25,25,5,5,5,15,20,20,1,3,5,10,15,20,1,2,3,40,25,30,2,0.2,2,30,15,20,1,0.1,1,25,10,15,1,0.05,0.5,1,0.5,0.5,0.1,0.1,0.05,3,4,5,1,2,3,7.5,8,9,5,5,5,10,10,15,0.1,0.1,0.3,20,15,18,1,0.5,0.6,25,20,23,1,1,1,10,5,10,0.01,0.01,0.05,6,3,6,0.1,0.09,0.15,2,1,1,0.5,0.56,0.7,50,40,30,0.1,0.5,1,50,45,40,0.5,1,2,50,50,50,1,2,5,5,2200,1e+10,0,1,2,1,1,2,2070,80,90,9,9,9,59,58,56,2035,1e+11,2e+11,3e+11,2080,2040,73,80,88
"TRUE","Ppncxaa8Fe6",20,15,10,10,10,12,40,30,20,20,20,26,60,50,30,40,30,35,15,10,5,15,10,5,25,22,10,20,15,10,45,30,20,25,25,15,5,5,2,8,3,2,8,7,5,15,6,5,10,12,10,18,10,10,5,5,3,5,3,12,10,12,5,10,5,15,20,25,10,15,8,20,20,12,15,2,5,3,30,18,18,5,8,6,40,20,25,10,12,9,2,6,5,3,2,3,4,8,7,6,4,6,5,10,9,9,6,9,30,2300,2e+09,0,5,10,0,1,5,2040,0,5,10,20,50,70,60,50,2045,40,60,75,2060,2045,70,50,40
"TRUE","PHnjPpx8QpB",1,0.5,5,0.001,0.001,1,2,1,5,0.001,0.001,1,2,1,5,0.001,0.001,1,1,1,1,0.5,0.01,1,3,3,5,0.5,0.05,2,5,5,7,1,0.1,3,0.001,0.001,1,1e-04,1e-04,0.5,0.002,0.001,1,1e-04,1e-04,0.5,0.003,0.001,1,1e-04,1e-04,0.5,1,1,2,0.1,0.1,0.5,3,2,4,0.2,0.5,0.8,5,3,6,0.3,0.5,1,0.5,0.5,1,0.001,0.01,0.5,2,3,3,0.1,0.9,1,8,6,5,0.5,1,2,1,1,1,0.1,0.1,0.5,5,3,4,0.5,0.5,1,8,6,7,1,1,1.5,1,2500,140500000,10,18,28,0,0,1,2039,1,3,9,9,10,78.9,81,83,2032,1.8e+11,8e+11,2e+12,2100,2040,48,40,30
"TRUE","Psp3J8DeFqz",0.2,0.3,0.4,0.01,0.03,0.04,0.5,0.6,0.7,0.04,0.05,0.09,1.1,1.4,1.5,0.09,0.1,0.3,0.4,0.5,0.6,0.02,0.009,0.01,0.9,1.2,1.1,0.03,0.02,0.025,2.5,3,3.5,0.06,0.045,0.05,0.5,0.3,0.4,0.01,0.01,0.01,2,1.5,1.5,0.01,0.7,0.06,6,4.5,4.7,0.8,0.5,0.6,0.4,0.3,0.3,0.01,0.01,0.01,0.6,0.5,0.4,0.1,0.05,0.04,1.1,1,0.9,0.5,0.4,0.3,0.01,0.01,0.01,0.05,0.04,0.04,0.08,0.06,0.04,0.06,0.05,0.05,0.15,0.12,0.1,0.09,0.08,0.08,0.6,0.7,0.5,0.08,0.05,0.05,1.7,1.5,1.4,0.7,0.3,0.2,7,6,6,1,0.8,0.7,2.5,4275,1.25e+11,0,1,1,1,3,7,2059,0.9,1.6,9,9,9,83.1,78.8,70.1,2026,1.2e+07,2.6e+07,7.6e+07,2076,2024,70,68,61
"TRUE","PPebVkRuOMU",3,2,5,0,1,0.05,2,1,5,0,2,0.03,1,0.5,10,0.5,2,0.01,0,2,2,2,1e-04,0.02,0,5,5,2,1e-04,0.05,1,5,5,2,1e-04,0.05,1,10,5,0,5,5,1,5,5,0.5,5,5,1,5,5,1,5,5,5,10,10,2,1,0.005,15,10,10,2.5,1,0.005,25,10,10,2.5,1,0.005,0.02,0.01,0.01,0.05,0.56,0.09,0.02,0.01,0.01,0.05,0.56,0.09,0.03,0.01,0.01,0.05,0.56,0.09,2,5,5,1,5,2,2,10,5,1.5,19,2,3,15,5,2,19,2,2,2600,2.43e+09,1,2,2,15,25,30,2035,50,50,9,11,14,74,70,65,10,NA,NA,NA,2082,2100,70.55,85,90
"TRUE","PJgHqwBi2Xu",30,30,25,10,10,5,15,10,5,2,2,2,10,2,1,1,1,1,40,35,30,30,25,20,25,20,15,20,10,5,10,5,2,5,2,1,45,40,35,45,30,25,30,20,15,35,10,5,15,10,5,20,2,1,50,20,15,40,10,5,40,10,5,30,5,2,30,5,2,20,2,1,10,5,2,5,1,0.05,2,1,0.01,1,0.01,0.005,0.05,0.01,0.001,0.05,0.001,0.005,25,15,10,20,10,15,15,10,5,10,5,5,10,5,2,5,2,2,10,2190,8e+09,0.005,0.05,2,0.03,2,5,2070,25,30,10,12,15,61,60,55,2035,3.5e+07,5e+07,2e+09,2055,2070,40,35,20
"TRUE","Px5jlFbWOHG",0.6,0.6,0.6,0.01,0.01,0.01,0.8,0.8,0.8,0.03,0.03,0.03,2,2,2,0.05,0.05,0.05,2,2,2,0.5,0.5,0.5,4,4,4,1,1,1,7,7,7,2,2,2,0.01,0.01,0.01,0.005,0.005,0.005,0.05,0.05,0.05,0.02,0.02,0.02,0.1,0.1,0.1,0.05,0.05,0.05,4,4,4,4,4,4,4,4,4,4,4,4,4,4,4,4,4,4,1.5,1.5,1.5,1,1,1,2,2,2,1.5,1.5,1.5,4,4,4,2,2,2,3,3,3,1,1,1,4,4,4,1.5,1.5,1.5,5,5,5,2,2,2,8,6000,5e+12,0,0,1,0,0,1,2060,1,1,8,9,9,70,70,45,2030,4e+07,5e+07,8e+07,2040,2026,28,38,55
"TRUE","PyQ1nm0OscF",1,1,0.05,0.05,0.1,0.1,2,5,0.25,0.2,1,1,3,10,0.6,0.5,2,2,0.5,0.1,1,0.005,0.01,2e-05,2,2,2.5,0.01,0.02,5e-05,5,5,5,0.02,0.05,1e-04,1,1,1,0.1,1,2,2,2,2,0.25,2,5,5,5,5,0.5,5,7,2,1,1,0.1,0.01,0.1,5,5,5,0.25,0.02,0.3,10,10,10,0.5,0.03,1,0.0025,0.001,0.001,0.01,0.01,0.01,0.005,0.003,0.0025,0.05,0.05,0.03,0.01,0.01,0.01,0.1,0.1,0.09,0.05,0.045,1,2,5,5,1,1,2,5,10,10,5,5,5,10,19,19,10.25,3.3e+08,3e+08,0,0,1,1,2,5,2039,23.6,26,1,2,4,968760000,1009447920,1085156514,2055,1e+07,2e+10,3e+10,2055,2034,70.55,56,45
"TRUE","P5gINAmxjmu",12,3,23,23,77,11,34,22,64,54,80,21,44,57,77,66,90,56,23,45,65,34,25,45,55,77,89,57,67,77,68,80,99,87,34,87,23,1,24,25,34,43,45,22,54,46,56,54,88,25,73,66,34,67,43,76,12,12,21,22,54,88,34,56,28,45,54,97,56,69,68,66,23,43,23,34,66,NA,34,57,44,50,78,NA,88,67,76,87,99,NA,33,44,12,32,43,33,45,53,84,54,76,56,88,90,94,70,88,75,50,5000,1e+11,22,25,30,2,3,8,2045,1,5,10,12,14,50,60,88,2030,2e+11,2.1e+11,3e+11,2170,2040,20,30,35
"TRUE","PU7t4ACvZYH",10,5,10,5,15,20,20,7,10,5,25,30,35,10,10,5,40,35,15,10,10,10,15,12,20,30,10,17,20,15,25,50,15,20,25,20,5,30,29,3,5,19,5,35,25,7,10,24,10,40,30,15,15,35,15,10,15,20,20,NA,20,15,15,25,20,NA,30,25,15,30,25,NA,2,10,5,5,10,10,5,10,10,10,11,10,10,10,14,12,18,10,20,15,15,10,10,15,23,15,30,10,12,15,30,30,35,10,15,35,15,2200,5e+05,0,2,15,2,15,2500,2070,20,75,10,15,35,25,30,40,2050,1e+07,2e+07,5e+07,2050,2035,85,60,50
"TRUE","PrkDZuA2BNZ",10,20,5,0.5,1,0.2,20,30,10,1,5,4,30,40,15,3,10,8,30,25,5,0.6,1,1,35,35,10,2.4,5,4,40,45,15,3,7,6,0.1,0.2,5,0.01,0.01,0.1,1,2,6,0.1,0.1,1,2,3,8,1,2,2,30,35,10,1,1,1,35,45,15,1.5,1.5,1.5,45,50,17,2,2,2,0.5,0.5,0.5,0.05,0.05,0.05,1,1,1,0.1,0.1,0.1,1.5,1.5,1.5,1,1,1,5,5,5,0.5,0.5,0.5,10,10,10,1,1,1,20,20,20,1.5,1.5,1.5,17.5,2099,8.97e+09,1,5,7,2,5,10,NA,10,25,26,28,32,30,33,10,2050,1e+07,5e+06,3e+06,2050,75,50,75,100
"TRUE","PjOMncdM9Cy",0.01,0.0075,0.008,1e-07,7e-08,8e-08,0.02,0.014,0.016,2e-07,1.4e-07,1.6e-07,0.04,0.028,0.032,4e-07,2.8e-07,3.2e-07,0.005,0.003,0.004,5e-08,3e-08,4e-08,0.01,0.006,0.008,1e-07,6e-08,8e-08,0.02,0.012,0.016,2e-07,1.2e-07,1.6e-07,1e-04,7e-05,8e-05,1e-06,7e-07,8e-07,2e-04,0.00014,0.00016,2e-06,1.4e-06,1.6e-06,4e-04,0.00028,0.00032,4e-06,2.8e-06,3.2e-06,1e-04,7e-05,8e-05,1e-05,7e-06,8e-06,2e-04,0.00014,0.00016,2e-05,1.4e-05,1.6e-05,4e-04,0.00028,0.00032,4e-05,2.8e-05,3.2e-05,1e-04,7e-05,8e-05,1e-05,7e-06,8e-06,2e-04,0.00014,0.00016,2e-05,1.4e-05,1.6e-05,4e-04,0.00028,0.00032,4e-05,2.8e-05,3.2e-05,0.015,0.01,0.012,0.0015,0.001,0.0012,0.03,0.02,0.024,0.003,0.002,0.0024,0.06,0.04,0.048,0.006,0.004,0.0048,0.006,2800,1.6e+10,2,5,11,2,5,20,2050,5,10,9,11,18,60,63,62,2040,2e+07,1e+08,5e+09,2080,2050,73,80,90
"TRUE","PjxXbkg074N",5,3,2,1,1,1,20,30,15,3,10,5,40,50,30,8,20,10,2,4,1,1,3,1,10,15,8,4,10,2,15,35,14,10,30,8,0,2,1,0,1,0,12,15,7,8,10,3,30,40,25,25,30,20,8,10,5,3,5,3,15,20,10,8,10,7,15,20,15,6,20,10,2,4,1,1,3,1,15,20,12,8,12,6,30,40,20,18,25,15,8,10,8,1,5,3,20,40,15,8,30,10,40,50,30,25,40,20,14,2150,1e+10,1,5,10,2,8,20,2060,20,30,6,6,8,60,28,18,2026,4e+08,8e+10,3e+11,2040,2026,71,73,78
"TRUE","PrW9ghLEuh5",0.5,0.01,0.1,0.2,0.3,0.2,2,4,1,1,0.02,0.1,5,5,2,0.05,0.001,0.05,0.002,0.01,0.015,0.001,1e-04,0.01,0.01,0.02,0.02,0.01,0.02,0.2,0.03,0.03,0.01,0.02,0.04,0.5,0.001,5e-04,2e-04,3e-04,4e-04,2e-04,2,1.5,1.6,3.5,3.75,4,6,4.6,4,5,5.5,5.5,5,3,2,0.1,2.6,1.75,12,9,8,3,3.4,4,20,19,15,5,8.9,9,0.05,0.01,0.5,0.05,0.02,0.25,2,1,1,2,0.85,0.75,5,3,2,3,3,3,1,1,1,1,1,1,1.5,2,1.5,1.5,2,2.5,2,5,4,3.5,3.75,4.25,3,3100,1350000,1,1,3,1,2,2,2070,25,10,9,10,12,84,83,75,2030,2e+07,1.6e+07,1e+07,2050,2062,70,67,62
"TRUE","PONFw0xdZo7",1e-04,0.001,0.001,1e-10,1e-09,1e-10,1e-04,0.001,0.001,1e-15,1e-10,1e-10,1e-04,0.001,0.001,1e-18,1e-10,1e-10,5,5,5,0.005,0.005,0.005,5,5,5,0.005,0.005,0.005,5,5,5,0.005,0.005,0.005,5e-04,5e-04,10,5e-06,5e-06,5e-06,0.005,0.5,15,5e-07,5e-07,5e-07,5,5,20,5e-07,5e-07,5e-07,0.05,0.05,10,0.001,0.001,0.001,1,1,25,0.001,0.001,0.001,1,1,50,0.001,0.001,0.001,2,0.5,5,0.1,0.09,1,50,1,10,0.1,0.09,1,50,5,15,0.1,0.09,1,0.09,0.09,0.09,0.09,0.09,0.09,0.09,0.09,0.09,0.09,0.09,0.09,0.09,0.09,0.09,0.09,0.09,0.09,0.2,4000,5e+08,0,1,3,1,3,3,2070,1,3,9,9,11,70,65,65,2035,5e+06,7500000,9e+06,2090,2025,70,70,70
"TRUE","PJcP9uQ0OHK",30,25,55,4,15,20,45,30,65,11,22,30,50,35,60,20,34,40,40,26,50,25,10,13,50,36,60,30,12,17,60,40,70,36,15,21,10,20,35,10,18,25,15,25,40,15,24,35,20,30,45,20,30,45,5,3,20,7,15,NA,9,7,25,15,20,NA,13,11,30,20,25,NA,60,40,70,85,60,85,65,50,70,90,65,90,70,60,70,95,70,95,90,70,90,75,50,70,95,75,95,80,60,80,99,80,97,85,70,90,60,2140,6e+06,0,0,0,0,0,0,2200,5,15,25,40,70,65,70,75,2025,5e+07,1e+08,5e+08,2046,2250,50,70,80
"TRUE","PfgcpKdXUUQ",5,10,14,5,5,6,30,35,28,10,10,14,50,55,45,15,15,28,30,30,35,35,5,5,45,50,55,55,10,10,50,55,65,60,35,35,1,1,1,1,1,1,30,30,30,30,30,30,55,55,55,55,55,55,80,85,80,80,80,80,90,90,90,90,90,90,45,45,45,45,45,45,20,20,20,20,20,20,35,45,35,35,5,5,5,5,5,5,5,3,20,25,25,20,8,5,25,25,35,35,8,5,35,35,35,35,8,4,45,2196,3e+10,1,4,10,8,19,49,2090,95,90,25,15,10,65,35,10,2035,6e+10,1.5e+11,2.5e+11,2040,2030,50,40,20
"TRUE","PloaH2SSIhf",5,2,2,0,0,0,8,5,5,0,0,0,10,7,8,1,1,1,1,0.5,0.5,0,0,0,2,0.5,0.5,0,0,0,3,1,1,0,0,0,0,0,0,0,0,0,1,0,0,0,0,0,5,1,1,0,0,0,10,5,8,0,0,0,15,8,10,2,2,1,30,15,15,5,5,3,0,2,3,0,2,3,12,5,6,0,5,5,20,10,10,5,10,12,2,1,1,0,0,0,3,1.5,1.5,2,0,1,4,2,2,2,2,2,2,2200,1.4e+08,0,0,2,0,1,4,2045,0,1,9,9,9,57,60,64,2025,2.5e+10,5e+10,1e+11,2130,2075,25,25,30
"TRUE","P5bFL6MscPG",2,2,3,1,1,2,5,5,6,2,2,4,7,7,9,4,5,6,3,3,3,1,1,1,7,7,8,3,3,4,9,9,10,5,6,6,1,1,1,0.5,1,1,3,2,2,1.5,2,3,6,4,3,3,3,5,7,8,7,2,2,1,10,11,12,4,4,4,15,17,18,7,8,9,2,1,1,0.5,0.5,0.5,4,5,3,1,1,1,7,7,8,2,3,3,4,5,4,1,1,2,10,12,13,6,6,8,15,15,18,13,12,14,23,2300,1.3e+08,2,10,20,2,10,40,2060,15,30,6,7,10,75,70,45,2027,3100000,2500000,2300000,2150,2026,34,30,22
"TRUE","PXqGWSxUXUO",2,2,5,0,1,2,10,8,10,1,1,3,2,8,10,1,2,3,0,0.2,1,0,0.1,1,0,0.2,1,0,0.1,1,0,0.2,1,0,0,1,0.1,0.1,1,0,0,1,0.1,0.1,1,0,0,1,0,0.1,1,0,0,1,5,1,5,0,0.1,2,2,1,5,0,0.1,2,2,0.5,10,0,0.1,2,5,3,10,1,1,5,5,3,10,1,1,10,2,1,10,1,1,10,5,5,10,0.1,0,1,5,2,10,0.1,0,1,5,2,15,0.1,0,1,0.1,2300,3e+09,0,0,0,1,3,0,2040,1,0,9,8,6,60,50,70,2024,30,15,10,2050,2024,65,60,60
"TRUE","P4V78EQ8CUm",1,1,1,1,1,1,3,2,2,2,2,5,7,4,3,4,3,10,1,1,2,1,1,1,2,2,3,2,2,3,3,3,5,4,4,5,3,3,5,2,2,4,10,7,10,5,5,5,15,12,20,7,7,6,10,5,1,1,1,1,20,10,4,3,3,2,30,18,17,7,7,3,1,1,1,1,1,1,2,2,3,1,1,1,3,3,5,1,1,1,10,5,1,1,1,1,20,10,4,3,3,2,30,18,7,7,7,3,7,10000,1e+13,0,2,4,1,10,30,2070,10,50,9,13,15,65,50,40,2030,1e+10,2e+11,6e+11,2030,2040,15,10,5
"TRUE","PLF7Qq8lgAY",0,0,0,0,0,0,0,0,0,0,0,0,2,2,2,1,1,2,0,0,0,0,0,0,0,0,0,0,0,0,0.005,0,0,0.05,0.06,0.05,0,0,0,0,0,0,0,0,0,0,0,0,10,10,10,10,10,10,0,0,0,0,0,0,0.01,0,0,0,0,0,0.5,0.5,2,0.03,1,1,0,0,0,0,0,0,0,0,0,0,0,0,0,0.1,0.05,0,0.1,0.1,0,0,0,0,0,0,0,0,0,0,0,0,1,1,5,5,2,1,2,2223,2e+09,0,0,0,0,0,0,2060,0,2,9,10,9,70,67,56,2025,2e+10,1e+11,1e+13,NA,2025,71,80,65
"TRUE","PMdeUrwfM44",1,5,10,0.01,10,5,1,3,10,0.5,1,0,3.33,2,10,2,2,2e-06,0.05,1,2,0,0.05,0.05,1,3,5,0.001,0.05,0.05,5,5,10,0.01,0.05,0.05,30,30,5,30,5,5,40,5,5,10,5,2.4,20,2.4,5,5,5,0.05,2,10,10,1,1,1,4,10,5,0.01,1,0.01,2,10,1,0,1,0.03,1,0.56,0.5,0.5,0,0,0.5,0.3,0.3,0.01,0.01,0.01,0.1,0.09,0.09,0.01,0,0.01,0.5,0.05,0.05,5,19,2.5,1,0.5,0.5,5,19,2,2,19,2,2,19,1.5,16.67,7802023,1.04e+10,1,1,2,0,0,1,1e+210,100,100,7,9,11,70,80,90,2050,2.5e+10,3e+10,3.5e+10,2021,2100,41,60,80
"TRUE","PASV25QLT4f",10,10,10,10,10,10,5,5,5,5,5,5,1,1,1,1,1,1,10,10,10,10,10,10,5,5,5,5,5,5,1,1,1,1,1,1,10,10,10,10,10,10,5,5,5,5,5,5,1,1,1,1,1,1,10,10,10,10,10,10,5,5,5,5,5,5,1,1,1,1,1,1,10,10,10,10,10,10,5,5,5,5,5,5,1,1,1,1,1,1,10,10,10,10,10,10,5,5,5,5,5,5,1,1,1,1,1,1,5,2120,2.5e+07,0,1,2,1,2,3,4798,1,2,9,10,10,67,78,78,2031,2e+06,4e+06,8e+06,2076,2025,70,68,66
"TRUE","P7Xw8fDrVzZ",15,20,10,1,1,5,17,25,15,3,3,10,24,35,22,5,5,15,20,20,15,10,2,15,25,22,20,15,6,17,30,32,25,12,14,21,2,4,20,24,23,20,5,10,22,21,12,27,5,12,24,20,13,32,20,25,20,20,20,30,25,26,23,25,25,25,32,29,25,28,30,40,2,4,3,2,4,10,2,6,1,10,2,15,2,3,7,13,4,5,20,15,20,13,14,23,20,18,25,20,25,12,26,22,30,15,6,31,1,2200,5e+08,0,1,1,4,5,5,2040,65,90,3,3,2,65,70,77,2028,5,10,12,2026,2020,10,12,15
"TRUE","P1B7umIbdbx",5,2,5,1e-08,1e-07,1e-07,15,3,10,1e-07,1e-07,1e-07,35,5,20,1e-06,1e-06,1e-07,1,1e-05,1,1e-06,0.01,0.01,2,1e-05,5,1e-05,0.02,0.02,5,1e-04,10,1e-05,0.05,0.05,1,1,2,1e-05,1e-04,1e-04,10,8,10,5e-04,0.001,0.01,15,15,20,0.1,0.1,2,10,2,3,0.1,0.005,0.005,15,5,5,0.5,0.005,0.005,20,10,10,0.9,0.005,0.005,1,1,1,1e-06,5e-04,3e-04,5,7,4,1e-06,5e-04,4e-04,8,15,16,1e-05,0.005,8e-04,2,1,1,0.005,0.005,0.05,15,12,10,0.05,0.05,0.5,22,20,18,0.5,0.5,1,0.01,NA,4e+09,0,1,14,1,5,20,2035,10,80,9,10,12,72,71,55,2030,2.5e+10,9e+10,5e+11,2034,2028,74,82,85
"TRUE","PzyuMiWY4Jq",0.05,0.05,0.09,0,0,0,0.01,0.07,0.1,0,0,0,0.02,0.5,0.2,0,8e-04,0.01,0.5,0.5,0.7,0.01,0.07,0.1,0.7,0.8,0.9,0.02,0.09,0.2,0.9,1,1.1,0.02,0.1,0.5,0.08,0.01,0.07,0.01,0,0.01,0.09,0.03,0.08,0.05,0.01,0.02,0.09,0.05,0.1,0.05,0.01,0.03,1,0.05,0.008,0,0,0.09,1,0.1,0.07,0.01,0,0.1,1,0.1,0.07,0.01,0.01,0.3,0.08,0.4,0.05,0.01,0,0,0.1,0.8,0.08,0.02,0.01,0,0.5,1,0.09,0.08,0.01,0,0.5,0.2,0.4,0.01,0,0.05,0.8,0.9,0.9,0.04,0.02,0.1,3,1.5,1,0.5,0.5,0.9,0.7,4040,3e+10,0,0,0,0,1,2,2050,0.5,1,9,10,12,73,75,70,2027,1e+07,5e+07,7e+07,2050,2025,65,70,70
"TRUE","PKiXMstmOmq",20,15,25,1,0.03,0.04,15,10,20,0.5,0.02,0.03,10,5,15,0.1,0.01,0.02,1,0.05,2,0.05,0.03,0.04,0.05,0.03,1,0.04,0.02,0.03,0.02,0.005,0.05,0.02,0.01,0.001,0.003,0.005,0.05,1e-04,0.001,0.002,0.002,0.03,0.03,6e-04,0.003,0.004,0.001,0.05,0.02,7e-04,0.008,0.01,5,3,4,2,3,3,6,5,6,4,5,4,10,7,8,5,8,6,2,1,3,0.05,0.03,0.003,2.5,0.05,1,0.03,0.02,0.001,1,0.07,0.05,0.01,0.001,1e-04,5,4,4.5,1,1.6,1,8,6,7,1.5,2,1.8,10,8,9,2,3,2,20,2300,3e+09,1,3,5,1,3,5,2100,0.05,1,8,4,5,35,40,45,2028,100,200,400,2099,2026,15,10,8
"TRUE","PuZdVVBv8tc",10,10,10,5,5,5,20,20,20,10,10,10,35,35,35,15,15,15,15,15,15,5,5,5,30,30,30,5,5,5,15,15,15,5,5,5,2,2,2,1,1,1,5,5,5,1,1,1,5,5,5,1,1,1,5,5,5,3,3,3,20,20,20,12,12,12,30,30,30,18,18,18,30,30,30,12,12,12,35,35,35,20,20,20,40,40,40,25,25,25,10,10,10,5,5,5,10,10,10,5,5,5,10,10,10,5,5,5,37,2300,10400000,0,1,5,0,1,1,2037,7,15,9,9,11,73,65,50,2035,5e+09,7e+09,2.5e+10,2105,2032,70,50,30
"TRUE","P849mqKynDs",1,2,3,0,2,4,6,8,10,1,4,10,17,26,34,4,10,25,1,2,2,0,0,1,2,4,6,1,3,3,3,9,12,2,5,8,1,2,3,0,1,2,5,11,15,4,6,8,17,29,41,7,13,18,1,4,7,1,1,3,3,11,23,1,3,6,6,18,44,4,8,12,1,2,2,0,1,1,3,7,8,2,3,4,4,9,12,3,5,10,3,5,7,1,2,4,8,12,16,5,12,17,16,23,33,8,17,27,13,2247,1.37e+10,1,3,5,0,1,2,2037,3,7,10,14,20,78.7,76.3,71.8,2026,44,81,92,2033,2024,74.8,79.9,78.7
"TRUE","PzlqRdsHWN4",1,0,1,0,0,1,10,2,1,1,0,1,30,10,1,10,2,1,0,0,0,0,0,0,1,1,0,0,0,0,5,5,1e-04,0,0.005,1e-04,1,1,1,1,0,0,20,2,2,2,2,2,50,5,5,5,5,5,5,1,1,1,0,0,30,5,5,2,0.015,0.001,50,10,10,5,0.03,0.005,1,0,0,0,0,0,2,0.045,0.045,0,0.045,0.045,5,0.09,0.09,1,0.09,0.09,1,2,1,0.05,0,0,5,10,2,2,5,0,10,20,5,5,19,1,20,3100,NA,1,5,10,1,5,10,2039,5,20,7,7,10,80,72,68,2024,1e+09,2e+11,4e+11,2030,2025,65,55,25
"TRUE","PbkpYLBN0BX",5,4,6,0.01,0.03,0.01,10,9,11,0.02,0.04,0.02,20,18,23,0.02,0.04,0.02,9,8,10,0.05,0.04,0.06,18,16,18,0.07,0.05,0.08,27,25,27,0.07,0.05,0.1,0,0,0,0,0,0,0,0,0,0,0,0,0,0,0.5,0,0,0.5,2,3,2,0.05,0.04,0.06,4,9,5,0.06,0.05,0.09,6,12,7,0.08,0.07,0.12,60,40,70,0,0,0,70,50,80,0,0,0,80,60,90,0,0.01,0,60,50,70,0,0,0,70,60,80,0,0,0,90,70,90,0,0.01,0,3,4500,1.4e+08,0,1,2,0,1,5,2035,2,15,9,11,16,75,70,55,2030,NA,NA,NA,2024,2030,60,50,40
"TRUE","PzEROqVPlJa",1,1,1,1,1,1,5,5,5,5,5,5,5,5,5,5,5,5,1,1,1,1,1,1,5,5,5,5,5,5,5,5,5,5,5,5,2,2,2,2,2,2,3,3,3,3,5,2,10,5,6,5,7,5,11,11,1,1,1,1,5,5,5,5,5,5,6,6,6,6,6,6,1,1,1,1,1,1,5,5,5,5,5,5,0,9,9,9,9,9,1,1,1,1,1,1,5,5,5,5,5,5,9,9,9,9,9,9,NA,2093,2e+07,0,0,0,0,0,0,2040,0,0,5,5,5,10,10,10,2030,100,1000,1000,2090,2043,20,50,100
"TRUE","Pzvnj39pW56",1,1,3,0,0,1,2,1,5,0,0,2,2,1,6,0,0,2,0,0,1,0,0,0,1,2,3,0,0,1,1,2,4,0,0,1,3,4,7,0,0,0,5,6,9,0,0,2,10,9,12,0,1,4,14,12,20,2,3,5,25,20,30,4,6,7,30,25,40,9,10,11,1,2,3,0,0,3,2,4,5,1,0,6,4,7,9,2,2,10,20,23,27,2,4,6,27,29,33,5,7,9,37,42,50,9,11,14,24,3999,1.2e+10,1,4,10,0,0,15,2035,15,23,25,35,60,80,70,45,2028,5e+08,9e+08,6e+09,2025,2029,40,40,45
"TRUE","PIhwuBSzSNx",2,1,0.1,0.1,0.5,0.5,5,4,2,1,1,1,10,9,5,3,4,2,1,1.5,1,0.1,0.1,0.1,3,2,1.5,1,1,0.5,6,4,3,3,2,1.5,0.1,0.1,0.1,0.1,0.1,0.1,11,2.5,5,2,1,3,13,5,8,4,3,5,4,3,2,2,1,1,7,5,6,6,4,4,16,10,11,14,9,10,0.05,0.01,0.01,0.05,0.01,0.01,0.1,0.5,0.25,0.1,0.5,0.25,0.2,1,0.5,0.2,1,0.5,1.5,1,1,0.1,0.1,0.1,6,4,5,1.5,1,2,10,8,9,4,2,3,6,12000,4.4e+10,0,0,0,0,0,0,2040,2,5,9,11,13,78,77,74,2040,2.5e+07,1.5e+09,6e+09,2090,2045,54,50,45
"TRUE","Pm2gfxLr6jR",0.01,0.38,5,0.05,0.75,5e-04,2.5,0.75,7,1,1.5,0.05,5,1.5,10,2,3,1,3,0.5,10,0.04,0.01,0.05,8,1,20,0.25,0.05,0.5,20,2,40,0.5,0.01,1,1,1,1,3,3,3,5,5,5,8,8,8,10,10,10,10,10,10,1.5,1.75,2,0.115,0.05,0.25,3,2.5,4,0.25,0.175,0.5,6,5,8,0.5,0.25,1,0.3,0.2,0.56,0.25,0.01,0.56,0.3,0.2,0.56,0.25,0.01,0.56,0.3,0.2,0.56,0.25,0.01,0.56,20,20,20,12,9,12,30,30,30,14,11,15,40,40,40,15,13,19,15,2400,9e+09,0,0,1,40,45,50,2048,25,28,9,9,10,71,69,69,2038,60000,2.7e+07,5e+07,2215,2053,56,57,59
"TRUE","P98IG8qbTIO",5,5,5,1,1,1,10,10,20,2,2,2,40,30,30,15,10,10,1,1,1,1,1,1,2,2,2,2,2,2,10,10,15,15,10,10,1,1,1,1,1,1,10,10,20,20,20,20,40,40,40,40,35,35,1,1,1,5,5,5,20,20,20,25,25,25,80,80,80,80,80,80,1,1,2,1,1,1,4,5,8,4,4,4,35,35,35,30,30,30,2,2,1,1,1,1,20,20,10,10,10,10,45,45,45,40,40,40,30,2150,1.5e+09,0,2,6,0,1,4,2080,5,20,8,12,18,80,65,30,2035,1e+06,5e+06,8e+06,2080,2045,1,10,30
"TRUE","PiBELvmz2z3",0,5,10,0,0,5,5,10,15,0,5,10,15,15,20,5,10,15,10,5,15,0,0,5,20,10,25,0,5,10,30,20,30,20,20,25,0,0,0,0,0,0,5,15,15,0,5,10,10,25,30,0,10,15,15,15,20,0,5,10,30,35,40,15,15,20,60,60,65,60,50,70,5,10,15,0,5,10,40,50,50,15,15,20,75,75,80,40,45,50,5,10,15,0,10,15,20,30,40,20,40,60,85,85,90,60,75,90,75,7050,7e+09,0,5,10,0,0,0,1e+05,50,80,9,9,9,80,83,90,2050,35,3500,350000,2103,2035,60,50,40
"TRUE","PfxvYZFtasZ",2,1,1,0,0,1,7,3,5,0,1,1,15,9,12,0,2,3,0,1,0.02,0,0.001,0,1,2,1,1,0.05,0.001,5,5,2,3,0.1,0.005,0,0.1,0.05,0,0.5,1,0.5,2,2,0.001,1,4,3,5,4,1,4,10,3,2.5,1,0,0.001,0.001,8,7,5,2,0.025,0.05,15,15,15,5,1,1,1,0.001,0.001,0.001,1,0.01,2,0.05,0.001,0.001,0.05,0.07,5,1,0.001,0.05,0.08,0.09,3,2.5,1,0,0.001,0.02,8,7,7,0.5,0.005,0.05,15,18,13,2,1,1,0,3500,1e+14,0,0,0,0,0,1,2170,0.001,0.75,8,8,9,167200000,167.3,167.7,1e+210,7e+09,1e+10,1.7e+10,2100,2090,69,70,72
"TRUE","PMNB4FmJgGC",1,1,1,0,0,0,2,3,3,0,0,0,3,5,4,1,3,3,1,1,1,0,0,0,2,3,3,0,0,0,3,5,4,1,3,3,0,2,3,0,0,0,1,3,3,0,1,1,2,5,4,2,3,5,2,1,2,2,1,1,4,3,3,4,2,3,7,10,8,5,12,8,1,0,1,0,0,0,3,3,4,1,1,1,6,8,10,7,12,8,1,1,1,1,1,1,2,4,3,2,3,3,10,12,11,5,8,6,5,3330,6.5e+10,0,2,4,0,0,0,2040,35,40,9,9,8,68,72,75,2033,1.2e+07,1.8e+07,4e+07,2070,1e+210,25,20,15
"TRUE","PnCe91O6KKD",0.2,0.3,0.5,0,0,0,0.3,0.4,0.6,0,0,0,0.5,0.7,0.9,0,0,0,1.5,2,2.1,0,0,0,1.8,2.1,2.3,0,0,0,2.2,2.3,2.5,0,0,0,0.6,0.9,0.5,0,0,0,0.8,1,0.6,0,0,0,1,1.2,0.9,0,0,0,0.6,0.8,0.5,0,0,0,0.8,1,0.7,0,0,0,1,1.2,0.9,0,0,0,0.1,0.3,0.1,0,0,0,0.2,0.4,0.15,0,0,0,0.4,0.6,0.2,0,0,0,2.1,3,2.5,0,0.01,0,2.5,3.2,2.9,0,0.01,0,2.8,3.9,3.2,4e-04,0.01,0,1.5,3100,3.4e+08,1,2,4,2,3,5,2100,0,0,9,9,11,70,60,55,2030,4.5e+07,3.8e+07,3e+07,2030,2050,65,60,55
"TRUE","P6SF1wvasYK",0.05,0.25,0.3,0.01,0.1,0.08,0.1,0.4,0.45,0.05,0.2,0.15,0.15,0.55,0.6,0.1,0.35,0.3,0.02,0.15,0.2,0.005,0.05,0.04,0.05,0.25,0.3,0.01,0.1,0.08,0.09,0.4,0.45,0.05,0.2,0.18,0.5,1,1,0.1,0.2,0.2,1,4,4,0.4,0.7,0.7,4,8,8,0.9,1.2,1.2,0.15,0.5,0.5,0.07,0.2,0.2,0.4,0.75,0.75,0.2,0.5,0.5,0.75,1,1,0.5,0.75,0.75,0.1,0.25,0.25,0.1,0.25,0.25,0.2,0.35,0.35,0.2,0.35,0.35,0.4,0.5,0.5,0.4,0.5,0.5,0.2,0.5,0.5,0.1,0.3,0.3,0.3,0.7,0.7,0.17,0.4,0.4,0.5,1.1,1.1,0.35,0.9,0.9,0.35,4350,2.5e+11,0,0,0,0,0,0,2200,5,6,10,10,10,80,78,74,2026,6e+06,1.5e+07,2.5e+07,NA,2050,70.65,71,73
"TRUE","POwX2LPx2pj",20,25,20,5,10,5,30,35,30,15,30,15,50,40,50,80,60,80,5,10,5,5,5,5,35,25,30,10,10,15,60,55,65,85,85,80,5,10,5,5,5,5,45,40,35,30,30,30,50,50,60,65,65,65,10,5,20,10,5,5,40,35,50,40,45,45,50,60,30,50,50,50,5,10,5,10,10,10,25,40,35,40,40,40,70,50,60,50,50,50,5,5,5,5,5,5,35,40,30,25,25,25,60,55,65,70,70,70,55,2250,1e+10,20,50,25,25,50,75,2030,20,10,8,8,5,79,85,80,2030,1e+07,1.5e+07,4e+07,2101,2035,75,85,80
"TRUE","PMaQQX8GD9q",4,7,3,0,0,0,5,8,6,0,0,0,7,9,10,0,0,0,1,2,2,0,0,0,2,4,5,0,0,0,4,6,6,0,0,0,0,1,1,0,0,0,0,2,1,0,0,0,0,4,2,0,0,0,3,5,5,0,0,0,4,8,7,0,2,1,4,9,8,1,6,2,0,0,0,0,0,0,0,0,0,0,0,0,1,1,1,0,0,0,0,0,0,0,0,0,0,0,0,0,0,0,2,4,3,0,0,0,1,3890,7e+09,1,2,3,0,1,2,2050,3,6,9,9,10,79,80,83,2025,1e+10,3e+10,5e+10,2090,2040,40,45,50
"TRUE","Pelrn5FZLse",0.1,0.2,0.75,0,0,0,0.5,0.6,1,0,0,0,1,1,2,0.1,0.1,0.2,0.1,0.2,0.75,0,0,0,0.5,0.6,1,0,0,0,1,1,2,0.01,0.01,0.02,0.01,0.02,0.02,0,0,0,0.1,0.1,0.2,0.01,0.01,0.2,2,2.5,3,0.1,0.5,0.8,0.5,0.8,0.9,0,0.05,0.06,1,1.2,2,0.01,0.02,0.03,1.5,1.8,2.5,0.1,0.5,0.75,0,0,0,0,0,0,0.01,0.01,0.02,0,0,0,0.2,0.2,0.5,0.1,0.1,0.15,0.05,0.05,0.1,0.03,0.5,0.75,0.1,0.1,0.5,0.2,0.7,1,1,15,18,1,2,5,7,2350,1.8e+10,0,0,0,0,0,1,2080,5,10,9,9,10,61,60,58.5,2030,8e+08,1e+10,4e+10,2050,2055,58,60,70
"TRUE","PZM580b9bs7",1,5,5,1,1,2,2,7.5,7.5,1,2,2,2,10,10,2,2,2,5,3,5,0.1,0.03,1,5,4,5,0.3,0.04,1,10,5,10,0.5,0.05,2,3,3,3,2,2,2,5,5,5,3,3,3,10,8,10,5,5,5,2,3,2,1,0.25,1,4,5,5,2,0.5,2,8,10,10,3,1,4,0.5,0.003,1,0.1,0.1,1,0.75,0.005,2,0.2,0.1,1,1,0.01,2,0.5,0.2,1.5,5,10,10,7,5,12,10,12.5,15,9,7.5,18,15,15,20,15,10,25,5.25,12,2.4e+09,0.15,0.5,1,0,1,3,2039,2.21,15.47,9,9,10,75,75,75,2025,5e+07,6e+07,8e+07,2038,2040,45,40,35
"TRUE","PY7HOlTvByM",10,5,9,11,0.002,0,29,35,20,0,1,0,40,19,40,0,1,0,0,0,0,0,0,0,0,0,0,0,0,0,0,0,0,0,0,0,5,6,7,11,9,8,10,15,5,14,12,6,6,8,2,3,2,1,6,3,0.02,3,0.01,1e-04,17,6,0.06,7,0.012,0.00025,30,10,1,15,0.03,0.005,1,1,1,2,1,0.02,5,4,5,4,2,0.05,3,7,2,0.08,0.8,0.001,0.3,0.2,6,1,0.7,0.06,0.4,0.7,12,4,1.2,0.08,19,1,19,3,2,2,19,0.05,22,0,0,1,1,2,7,NA,100,100,60,60,76,65,79,80,2025,NA,NA,NA,2050,2035,100,100,100
"TRUE","PigRGwrg4dh",2,3,1,1,2,2,3,5,3,3,3,4,4,7,5,4,5,6,2,5,2,1,1,2,3,8,2,2,1,2,6,10,4,2,2,2,0,5,0,0,5,0,1,5,1,1,5,1,2,10,1,1,10,1,2,1,3,2,1,2,3,1,3,3,1,2,3,10,4,3,10,4,0.5,0.5,1,1,0.5,1,0.55,0.54,1,1,0.5,1,1,1,2,2,1,2,1,1,1,1,1,1,1,5,1,1,1,1,1,19,2,1,19,2,2,2100,1e+10,0,4,5,0,0,0,2045,1,1,6,6,5,60,58,55,2025,4.2,4,2,2047,2100,70,75,75
"TRUE","PWjACA9YHuN",5,2,2,0.5,0,1,8,10,3,0.5,0.01,2,10,30,5,1,2,3,1,0.5,1,0.5,0.001,0.01,2,1,1,1,0.001,0.001,2,5,4,1,0.05,0.02,0.5,2,3,0.01,1,0.5,2,5,3,0.5,3,2,5,5,5,2,5,4,1,1,2,0.5,1,1,4,1,4,1,1,1,10,10,10,1,0.03,1,1,0.5,0.4,0,0.01,0,1.5,0.7,0.8,0.03,0.09,0.01,2,0.9,1.2,0.05,0.56,0.1,3,1,1,1,1,1,4,2,5,3,2,5,10,5,8,7,19,10,2.5,2119,NA,1,1,2,0,1,1,2030,50,75,9,11,15,70,72,75,2035,1.1e+07,2e+11,6e+11,2080,2035,46,56,62
"TRUE","PVosmGZv9pj",3,5,7,1,2,4,10,10,14,2,4,8,15,15,18,3,8,10,1,2,2,1,1,1,1,4,6,2,2,2,2,6,8,2,1,3,0,1,2,0,0,1,0,2,4,0,1,2,1,2,8,0,1,4,3,4,4,1,2,3,5,7,8,1,3,4,8,10,11,2,4,8,1,1,2,0,1,2,2,3,4,1,2,4,3,6,8,2,4,8,3,4,5,2,4,5,7,10,12,3,6,15,12,15,17,6,12,22,12,3030,5e+10,0,0,1,2,4,8,2036,20,20,9,10,13,79,80,80,2031,1e+09,2e+09,4e+09,2046,2029,21,21,20
"TRUE","P6QlZ1K0b7e",1,2,2,1,2,2,5,5,5,5,5,5,10,8,15,10,10,10,2,5,2,1,2,2,5,10,5,2,4,4,7,15,10,4,5,5,2,5,5,2,5,2,5,5,5,5,5,5,8,10,10,10,10,15,2,1,1,2,1,2,10,10,5,10,10,8,20,30,10,20,30,15,0.5,0.5,0.5,0.5,0.5,0.5,0.6,0.7,0.7,0.8,0.7,1,0.7,0.8,1,1,0.8,2,2,5,5,2,2,3,10,9,10,10,6,9,15,19,15,19,15,16,3,2200,1e+08,5,10,20,1000,2000,3000,2050,2,5,10,12,15,75,78,80,2030,5e+10,1e+11,2e+11,2095,2040,68,65,64
"TRUE","PMwMR3OzZy4",0,0,0,0,0,0,10,10,10,0,0,0,90,90,90,0,NA,0,0,0,0,0,0,0,10,10,10,0,0,0,20,20,20,10,10,10,0,0,0,0,0,0,20,5,5,10,5,5,100,15,15,50,10,10,0,0,0,0,0,0,5,5,0,5,5,5,15,15,5,5,5,5,10,10,10,5,5,5,20,10,10,10,10,10,50,10,10,20,15,15,10,10,10,5,5,5,50,20,20,10,5,5,100,30,30,15,5,5,50,2222,5e+12,0,1,3,0,1,3,NA,5,10,9,9,14,76,70,45,2030,3e+11,3e+11,0,2030,2024,60,55,50
"TRUE","PY3FL516EZq",0.5,1.6,0.8,0,0,0,5,6.5,6.5,1,0.6,0.7,35,55,65,5,3.2,4.3,15,25,20,0,0,0,75,65,50,0.2,0.1,0.4,90,80,75,5,8,16,4,3,2,0,0,0,40,35,25,0,0,0,80,95,75,55,80,80,5,7,5,0,0,0,25,33,37,0.4,0.8,0.6,45,76,77,18,28,37,3,4,4,0,0,0,34,44,25,0.2,0.6,0.5,54,65,35,1.5,2.4,2.6,10,13,12,0,0,0,21,23,31,0.5,1,1,44,47,53,45,55,65,43,2525,7e+10,4,40,200,1,3,7,2175,50,70,9,9,11,64,54,26,2030,1e+07,7e+06,4e+06,2035,NA,50,45,35
"TRUE","PAcqC2HHaqX",0,0,2,0,0,0,1,1,10,0,0,5,5,10,20,1,1,10,0,0,0,0,0,0,0,0,0,0,0,0,1,1,1,0,0,0,0,5,10,0,0,0,10,15,20,0,0,5,20,25,40,5,5,10,5,0,5,0,0,0,10,0,10,0,0,5,30,1,15,5,0,10,1,0,5,0,0,1,10,1,10,0,0,5,30,5,20,1,0,10,10,10,15,0,1,5,30,30,35,1,5,10,90,90,90,5,10,20,20,5e+05,1e+09,1,2,5,0,1,5,2060,1,10,10,20,50,80,85,50,2030,1e+08,1e+10,1e+12,2050,2050,75,90,95
"TRUE","PdXrlvslrqe",0.03,0.05,0.06,0.01,0.01,0.02,1,0.8,2,0.04,0.05,0.05,3,3,5,1,2,2,0.09,0.12,0.15,0.04,0.05,0.08,2,2,2,0.06,0.08,0.1,4,5,5,1,2,2,0.05,0.04,0.08,0.01,0.01,0.02,0.6,1,2,0.05,0.05,0.07,7,8,8,2,3,2,0.5,2,2,0.01,0.01,0.01,4,9,10,0.05,0.08,0.04,18,30,25,1,2,1,0.001,0.001,0.003,1e-04,1e-04,6e-04,0.006,0.005,0.005,5e-04,3e-04,8e-04,2,1,2,0.4,0.9,0.7,0.7,2.5,2.5,0.06,0.08,0.12,5,5,6,0.09,0.14,0.3,9,10,10,2,2,3,1.6,100136,6437212000,0,1,3,0,0,2,2070,0.1,1,9,10,15,74,71,60,2035,1.2e+07,4e+07,6e+09,2058,2051,71,76,85
"TRUE","Peh2uqLiBWf",0.2,0.03,0.5,0.01,0,0.1,0.3,0.3,0.6,0.04,0.01,0.2,0.5,0.4,10,5,8,4,5,2,3,0.4,1,1,6,3,4,0.5,2,4,7,4,5,0.7,5,7,1,10,12,0.5,6,7,2,11,15,0.6,7,8,4,11,16,0.8,7,6,25,20,30,18,15,19,17,19,35,20,17,20,15,17,35,20,20,18,0.5,0.02,2,0.04,0.003,2,0.6,0.03,2,0.05,0.004,3,0.1,0.004,1,0.04,0.005,3,25,20,35,10,18,20,30,22,35,15,14,23,30,19,35,10,17,20,14,2200,3e+09,0,1,1,1,0,0,2050,20,21,10,12,9,60,70,74,2024,5e+06,3e+06,3e+06,2101,2026,65,50,40
"TRUE","Pv2PJIDmzbi",10,5,10,5,15,5,15,10,10,10,15,20,15,10,10,25,15,25,10,10,10,10,15,15,15,10,20,15,15,20,25,15,30,20,25,25,15,5,5,5,10,10,20,10,5,5,10,15,25,10,5,5,20,25,10,10,15,5,5,10,15,15,20,15,10,15,15,20,25,15,15,20,10,1,5,5,5,5,10,5,10,10,10,5,15,10,15,15,15,10,5,5,10,5,5,5,5,5,10,10,10,10,10,5,15,15,15,15,25,12023,50,5,20,30,183,193,200,2024,60,75,10,15,20,65,69.5,71.5,2100,10,20,25,2040,NA,15,50,55
"TRUE","PlwyHQCC0tO",0.1,0.1,0.2,0,0,0.01,7,7,8,0,0,0.01,15,15,20,0.01,0.01,0.02,0,0,0,0,0,0,0,0,0,0,0,0,0.01,0.01,0.02,0,0,0,0,0,0,0,0,0,0.05,0.05,0.1,0,0,0.2,0.1,0.1,0.2,0.2,0.2,0.5,1,1,2,0.2,0.2,0.4,6,6,8,1,1,2,10,10,15,5,5,7,0.01,0.01,0.05,0.01,0.01,0.05,0.1,0.1,0.2,0.1,0.1,0.2,1,1,2,1,1,2,0.01,0.01,0.05,0.01,0.01,0.05,0.1,0.1,0.2,0.1,0.1,0.2,1,1,2,1,1,2,0.5,7e+06,7e+09,0,0,0,0,0,0,2073,0,0,9,11,11,77,75,70,2028,1e+07,5e+07,1e+09,2051,2030,50,55,60
"TRUE","P95S2Bfl4FS",2,1,3,0,0,0,9,4,8,0,0,0,15,6,12,0,0,0,1,1,3,0,0,0,4,3,10,0,0,0,10,7,15,0,0,0,1,1,1,0,0,0,3,3,4,0,0,0,5,5,8,0,2,5,5,5,6,0,0,0,8,10,16,0,0,0,15,12,25,2,3,6,0,0,0,0,0,0,2,2,5,0,0,0,4,5,8,0,2,5,0,0,1,0,0,0,0,1,2,0,1,2,2,2,5,1,2,5,3,8000,8.6e+10,1,2,2,0,0,1,2040,1,10,10,15,20,75,70,68,2026,2.5e+07,2.5e+07,1.3e+08,2050,2045,50,51,52
"TRUE","P0ny1TCAvKB",0.01,1e-04,1e-04,1e-04,1e-05,1e-04,0.02,2e-04,0.002,2e-04,1e-05,1e-04,0.2,5e-04,0.005,0.002,1e-04,1e-04,1e-04,1e-04,0.001,1e-04,1e-04,1e-04,0.001,1e-04,0.001,0.001,0.001,1e-04,0.01,0.002,0.01,0.1,0.001,0.01,1e-07,1e-07,1e-07,1e-06,1e-06,1e-06,1e-04,1e-05,1e-05,0.001,1e-06,1e-06,0.002,1e-06,1e-06,0.004,1e-06,1e-06,0.1,0.05,0.05,0.15,0.1,0.07,0.2,0.2,0.25,0.25,0.25,0.3,0.5,0.25,0.25,0.6,0.4,0.35,1e-04,1e-05,1e-06,0.001,0.001,0.001,1e-04,1e-05,1e-06,0.001,0.001,0.001,1e-04,1e-05,1e-06,0.001,0.001,0.001,0.001,1e-04,1e-05,0.001,0.001,0.001,0.1,0.01,0.05,0.05,0.03,0.025,0.2,0.15,0.2,0.3,0.25,0.25,0.5,2250,3.5e+09,0,0,2,1,2,5,2050,0.01,0.06,10,20,35,75,70,70,2090,NA,NA,NA,2120,2055,45,50,65
"TRUE","PNl5wL64TFX",NA,NA,NA,0,0.01,NA,NA,NA,NA,1e-04,2,NA,NA,NA,NA,2,10,10,0,NA,0.05,1e-04,5,0,0.05,NA,5,0.003,7,3,5,NA,60,10,60,5,5,5,0.05,0,5,14,30,14,5,0,10,30,40,30,NA,0.01,14,40,0.1,0.03,1,0,0.01,1,5,1,10,0,10,10,20,10,30,15,15,30,1,0.56,14000,0,3,0.9,4,0.9,87000,0,5,0.56,10,NA,NA,5,15,10,0.3,1,1,0.01,1,1,2,2,2,3,2,2,10,19,19,20,19,19,NA,NA,1.05e+10,5,10,45,3,5,13,2025,2,20,9,12,20,81.6,85,87,2030,2e+07,3.5e+07,3.8e+07,2035,2025,86,46,56
"TRUE","PGB68Rs9d9y",60,40,30,5,1,0.5,70,55,40,15,2.5,1,85,70,65,33,5,3,12,2,1,0.5,0.1,0.01,33,15,7.5,2.5,1,0.5,65,50,15,8,2.5,1,0.1,2,0.25,0.01,0.5,0.01,7.5,10,15,2.5,7,0.5,20,33,40,7.5,15,3.5,33,10,4,20,3,2,15,3,2,7,1,0.5,5,1,0.5,2,0.1,0.1,60,40,30,5,1,0.5,70,55,40,15,2.5,1,85,70,65,33,5,3,60,40,30,5,1,0.5,70,55,40,15,2.5,1,85,70,65,33,5,3,41,3530,3e+09,1,3,1,12,30,40,2050,0.01,0.05,9,11,14,55,60,65,2034,5500000,7e+06,1.1e+07,2060,2065,70,65,80
"TRUE","PBA5i64MmOZ",2,2,1,0,1,1,3,3,2,0,1,1,8,8,7,0,1,1,3,3,2,1,2,2,4,4,3,1,2,2,9,9,8,1,2,2,1,2,1,1,1,1,2,3,2,1,1,1,4,8,7,1,1,1,5,5,6,0,1,1,6,6,6,1,1,1,8,8,8,1,1,1,1,1,1,1,1,1,1,1,1,1,1,1,1,1,1,1,1,1,5,5,6,6,5,5,10,10,11,11,10,10,15,15,16,16,15,15,5,2300,10,2,4,6,2,4,6,2030,80,90,12,14,16,60,70,80,2028,45000,50000,80000,2025,2030,25,20,15
"TRUE","Pzwk6Ytthzh",1,1,1,2,2,1,2,2,2,5,4,3,3,2,4,7,6,8,1,0.5,2,1.5,2,1.8,2,1,3,2,4,2.7,4,2,5,3,9,6,1,0.5,1,1,2,1,1.5,2,2,3,4,3,3,4,5,6,8,8,5,12,10,9,5,2,8,13,15,11,8,5,10,18,18,13,10,8,3,4,8,6,2,5,5,6,10,8,3,7,8,10,15,9,6,9,2,3,3,10,14,11,10,5,6,12,20,13,9,6,8,13,22,15,5,NA,2.5e+07,1,3,5,2,4,8,2056,5,10,9,11,13,76,77,80,2026,5e+07,2.5e+08,9e+08,2055,2031,70,67,60
"TRUE","PPOlG9fxwDP",0,0,0,0,0,0,0,0.001,0.01,0,0,0.1,0.01,0.01,0.1,0.01,0.001,1,0,0,0,0,0,0,0.01,2,1,0.001,0.01,0.001,0.1,4,3,0.1,0.04,0.02,0,0,0,0,0,0,0,2,1,0,3,2,0.01,5,3,0,4,3,0.01,0,0,0,0,0,0.1,3,2,0,0.03,0.02,0.2,9,6,0.01,1,0.05,0,0,0,0,0,0,0,0.06,0.04,0,0.04,0.03,0.07,0.09,0.07,0.05,0.08,0.06,0,0,0,0,0,0,0,0.01,0,0,1,0.05,1,4,2,0.05,2,1,0.05,3025,2.43e+09,0,0,1,0,0,0,2039,0,0,10,15,30,685500000,715500000,825500000,2035,NA,NA,NA,2125,2033,60,40,20
"TRUE","PfMktC80jHN",5,10,10,1,5,3,10,30,25,4,30,12,25,40,30,16,55,24,2,14,12,2,18,23,8,20,16,12,26,32,12,30,28,20,38,42,1,4,5,1,12,10,3,7,7,2,18,14,6,12,18,6,20,15,20,22,22,2,5,7,25,25,26,5,8,9,25,28,29,8,14,18,3,8,7,2,6,10,8,14,20,5,12,16,9,18,23,6,17,28,4,6,7,2,7,7,9,17,19,5,18,19,18,23,23,12,20,22,6,2150,1.5e+08,1,10,22,1,5,15,2030,3,8,9,10,12,80,82,83,2042,1.2e+07,2e+07,5e+07,2102,2032,68,65,64
"TRUE","PZ1ninjJMzo",0,0,0,0,0,0,0,0,0,0,0,0,4,3,8,0,0,0,0,0,0,0,0,0,0,0,0,0,0,0,3,2,3,0,0,0,2,3,4,0,1,2,4,5,8,2,3,3,15,25,20,15,20,15,1,5,8,1,5,6,2,10,15,2,8,12,10,30,35,8,25,28,0,0,0,0,0,0,0,1,0,0,0,0,2,2,2,1,1,1,1,1,1,0,0,0,3,2,2,0,0,0,10,6,7,3,3,2,10,10000,8e+09,0,0,1,0,0,1,2040,0,3,10,12,20,75,78,82,2040,2e+10,2e+11,2.5e+11,2061,2050,72,76,80
"TRUE","PcKcSuYZSFL",60,50,35,40,35,20,70,45,40,45,40,25,50,40,30,35,30,15,10,5,15,5,4,3,15,10,10,10,3,5,5,3,5,2,1,1,30,20,30,25,15,5,40,25,35,30,20,10,50,30,30,35,25,5,50,10,30,25,1,1,45,5,25,20,1,1,40,1,20,15,1,1,10,2,1,1,1,1,5,3,1,2,1,1,1,1,1,3,1,1,50,20,10,10,5,1,55,25,15,15,10,8,60,30,20,20,15,19,20,5000,NA,0,1,1,0,0,0,102023,40,20,9,9,9,80,83,78,2026,3e+07,1e+08,3e+08,2040,2026,70,65,50
"TRUE","PpQ3yGUCPuz",10,20,20,0,0,0,20,30,30,10,10,10,50,60,60,25,25,25,20,25,25,0,0,0,35,45,45,0,10,10,60,65,70,50,50,50,10,15,20,10,10,10,20,25,30,10,10,10,30,35,40,20,25,20,50,60,70,65,65,65,60,65,70,65,65,65,65,70,75,65,65,65,10,10,10,0,0,0,10,10,10,0,0,0,10,10,10,0,0,0,35,35,35,0,0,0,45,50,50,10,10,10,50,55,60,25,25,25,45,2100,2e+09,10,10,10,30,40,50,1e+210,30,30,9,12,15,70,70,70,2050,460,552,3000,2029,2100,100,100,100
"TRUE","PhUdns6O9Fp",0,0,0,0,0,0,0,0,0,0,0,0,2,5,2,2,5,2,0,0,0,0,0,0,0,0,0,0,0,0,0.05,0.1,0.05,0.05,0.1,0.05,0,0,0,0,0,0,0,0,0,0,0,0,5,5,5,5,5,5,0,0,0,0,0,0,1,1,1,1,1,1,0.03,1,0.03,0.03,1,0.03,0,0,0,0,0,0,0,0.09,0.1,0,0.09,0.1,0,0.09,0.1,0,0.09,0.1,0,0,0,0,0,0,0.5,0.05,0.5,0.05,0.05,0.5,1,1,19,1,1,19,NA,NA,NA,0,2,10,0,0,0,2075,0,0,10,10,10,70,76,82,2100,NA,NA,NA,2111,NA,44,56,70
"TRUE","PezBnBVZmzw",0.5,1,0.01,0.1,0.5,0.6,1,5,0.01,0.2,5,5,5,10,0.01,0.8,10,10,0.2,2,1,0.1,0.01,0.001,0.5,4,5,0.2,0.01,0.001,1,60,60,4,0.05,0.05,0.1,1,0.5,0.5,5,10,0.8,5,1,1,5,5,4,5,10,3,5,5,3,5,2,1,0.4,0.1,9,10,5,2,0.8,0.5,15,30,10,4,2,1,2,0.9,0.5,1,0.7,0.9,4,0.16,0.6,2,0.8,0.16,10,0.56,1,3,0.7,0.56,0.3,3,0.5,0.5,0.1,2,0.6,6,1,0.5,0.1,6,3,19,2,1,2,19,1,2760,1e+10,12,24,45,1,1,2,2060,0.4,2.21,9,10,15,79,81,85,2030,5e+06,7e+06,1e+07,2091,2065,10,12,15
"TRUE","PrF4izfPZSs",1,2,1,1,1,1,5,3,2,1,1,1,10,20,10,1,2,1,2,1,1,1,1,1,2,2,1,1,1,1,5,10,2,1,2,1,1,1,1,1,1,1,1,2,1,1,1,1,3,10,5,1,3,3,1,1,1,1,1,1,2,5,5,1,1,1,5,10,5,1,1,3,1,0.5,1,0.5,0.5,0.9,1,0.5,1,0.5,0.5,0.9,1,1,2,0.5,0.5,1,1,1,1,1,1,1,2,5,3,1,2,3,5,10,5,2,5,3,1,2200,1.2e+09,0,0,1,0,1,2,2050,0,0,9,10,12,75,73,70,2025,1.2e+07,3.5e+07,4e+07,2100,2060,70.55,80,85
"TRUE","PmxOzeNHPn6",0,0,0,0,0,0,3,3,3,0,0,0,10,10,10,2,2,2,0,0,0,0,0,0,1,1,1,0,0,0,5,5,5,0.05,0.05,0.05,0.5,0.5,0.5,0.5,0.5,0.5,3,3,3,3,3,3,5,5,5,5,5,5,2,2,2,0,0,0,5,5,5,0.5,0.5,0.5,10,10,10,1,1,1,0,0,0,0,0,0,0,0,0,0,0,0,0.1,0.1,0.1,0.01,0.01,0.01,2,2,2,0.5,0.5,0.5,10,10,10,2,2,2,25,25,25,5,5,5,25,2200,3e+10,0,0,0,0,0,0,2100,0.2,1.2,9,9,10,78,80,77,2030,1e+08,2e+10,4e+10,2025,2100,55,50,40
"TRUE","PRHEjWp63MD",20,5,10,0,0,0,50,10,30,0,0,0,100,30,50,0,0,0,5,2,5,0,0,0,10,5,10,0,0,0,10,5,10,0,0,0,0,5,1,0,0,0,1,6,2,0,0,0,2,10,5,0,0,0,0,5,5,0,0,0,5,15,10,0,0,0,10,20,10,0,2,0,0,0,0,0,0,0,0,2,0,0,0,0,2,5,0,0,0,0,100,100,100,0,0,0,100,100,100,0,0,0,100,100,100,0,0,0,100,2200,NA,1,3,5,1,2,2,2030,50,60,9,10,10,50,40,30,2023,1e+11,3e+11,5e+11,2098,2026,2,4,5
"TRUE","Pl3htoWWyJN",1,0.1,2,0.1,1,0.01,5,3,6,1,3,1,15,10,0,5,5,4,1,1,2,0.1,2,1,5,5,10,2,6,10,10,10,20,5,10,20,0,0.1,1,0.1,1,5,0.1,2,5,1,5,10,1,5,10,3,10,15,5,2,5,10,5,15,15,5,10,15,15,20,25,15,20,30,20,40,2,5,1,5,2,3,5,10,6,10,15,15,10,15,10,15,25,30,20,20,30,80,80,60,40,60,60,50,60,40,60,80,70,10,20,20,80,16.67,NA,12,5,0,5,3,1,2025,20,30,9,5,2,67,68,69,2025,5,10,20,2047,NA,80,60,40
"TRUE","Pga0JPs25H2",5,15,20,20,0,30,15,25,40,30,20,40,80,60,75,50,50,60,0,0,0,0,0,0,0,0,0,0,0,0,0,5,5,1,6,6,20,40,10,0,0,0,50,50,20,0,0,0,70,60,50,0,5,5,5,3,20,2,0,5,10,10,40,7,10,15,40,40,70,50,15,20,10,5,10,0,0,0,15,10,15,0,0,0,20,15,20,0,0,0,5,1,1,0,0,0,10,5,10,0,0,0,15,10,20,0,0,0,0,2150,3e+06,1,2,5,0,1,2,2022,30,50,9,10,10,78,81,85,2030,8e+06,1e+07,1.5e+07,2085,2043,70,60,30
"TRUE","PlcpCISuhXg",1,1,1,0.05,0.05,0.05,4,4,4,0.1,0.1,0.1,10,10,10,1,1,1,0.5,0.5,0.5,0.01,0.01,0.01,2,2,2,0.02,0.02,0.02,5,5,5,0.05,0.05,0.05,0,0.01,0.01,0,0.01,0.01,0.2,0.2,0.2,0,0.01,0.01,1,1,1,0.1,0.1,0.1,2,2,2,0.1,0.1,0.1,5,5,5,0.5,0.5,0.5,10,10,10,1,1,1,1,1,1,0.001,0,0.01,5,5,5,0.01,0.01,0.05,10,10,10,0.05,0.05,0.1,5,5,5,0.5,1,1,6,6,6,1,1.5,1.5,10,10,10,1.5,2,2,1.5,10000,1e+11,0,0,0,0,0,0,2060,0.1,0.2,9,10,12,78.5,78.7,79,2035,1.2e+10,1.5e+10,2.5e+10,2070,2030,60,50,40
"TRUE","P61hIJf7NIC",0,20,15,0,0,22,20,25,18,0,5,28,40,35,22,0,15,35,12,12,35,3,4,25,40,30,45,28,25,28,60,45,70,74,42,32,0,15,5,0,5,15,5,25,12,0,12,18,15,35,18,5,20,22,12,10,25,0,5,15,75,45,28,15,7,22,90,50,45,18,10,35,0,15,5,0,5,10,3,15,10,0,12,25,5,15,12,0,18,70,12,5,12,0,5,12,24,12,18,5,110,15,75,18,25,7,12,22,NA,NA,NA,3,10,12,1,1,5,NA,30,30,10,11,18,95,78,45,NA,NA,NA,NA,NA,NA,24,45,60
"TRUE","PpZsji3qrTS",1,2,8,0,0,0,8,9,14,0,0,1,15,14,17,0,2,4,0,0,1,0,0,0,2,2,3,0,4,6,4,5,6,8,7,8,0,2,5,0,0,0,0,5,10,0,0,4,1,8,15,0,5,8,10,15,15,0,2,3,15,20,25,0,5,5,20,30,32,5,7,8,2,4,8,0,0,0,10,15,10,1,1,2,30,25,30,15,25,30,10,18,15,0,0,0,15,30,20,5,5,5,50,45,55,10,15,15,55,2160,150000,0,3,7,0,1,3,2120,35,75,7,7,11,85,82,79,2026,5e+06,2.5e+07,1e+08,2055,2045,75,82,89
"TRUE","PSPwV4t9jvx",10,5,10,5,10,5,15,10,15,10,20,15,30,25,20,30,30,25,5,10,5,10,5,10,10,15,10,15,10,20,25,20,30,25,30,25,10,5,5,5,10,5,25,15,10,15,15,10,30,25,30,30,25,25,10,5,10,5,10,5,15,15,20,15,15,15,30,25,30,30,30,30,5,10,5,10,8,5,15,25,15,15,12,10,25,30,25,30,20,25,5,10,8,5,10,5,10,15,12,10,15,10,25,20,20,25,20,25,5,2122,500,50,30,20,100,50,20,2030,40,60,10,15,30,35,37,28,2080,8e+06,1e+07,1.5e+07,2050,2090,50,30,20
"TRUE","PhYQIb4XzOA",2,5,7,20,10,11,9,13,8,27,15,17,16,11,4,55,20,24,1,4,5,7,5,7,7,6,7,10,20,22,19,17,26,21,28,27,1,5,5,7,4,3,6,9,10,11,15,19,14,15,19,19,19,23,20,9,10,7,8,1,31,15,12,16,11,5,35,19,17,21,14,7,2,5,9,4,3,5,5,6,12,9,9,7,17,9,13,13,12,13,8,4,2,1,1,1,9,8,5,4,4,4,12,13,7,6,5,6,5,2097,3e+09,1,0,4,1,0,2,2027,5,8,8,10,13,65,72,80,2031,3.5e+07,4.2e+07,7e+07,2075,2052,71,74,81
"TRUE","PreIldCq881",5,3,1,0,0,0,20,27,25,1,1,1,40,38,30,2,2,2,1,0.8,1.5,0,0,0,10,11,8,0,0,0.01,30,27,29,0.05,0.06,0.03,1,0.5,1,0,0,0,4,5,4,2,1,1,18,20,20,8,7,5,1,1,1,0,0,0,4,6,2,0,0.01,0.02,5,10,8,0.03,0.05,0.04,0,0,0,0,0,0,0.01,0.12,0.02,0,0,0,0.2,0.3,0.2,0.01,0.01,0.01,1,0,0.5,0.5,0,0.12,3,2,2,2,2,2,7,12,16,2,6,8,11,12200,1.1e+11,3,5,12,0,0,1,2070,0.5,0.8,9,10,13,66,68,67,2028,6e+06,1.5e+07,7.7e+07,2045,2040,20,18,5
"TRUE","Pp5GE31PfhI",50,60,40,30,60,80,125,120,90,120,100,120,200,150,170,210,130,230,50,70,30,60,80,50,80,120,80,50,90,80,150,200,180,140,190,210,30,20,50,80,70,40,50,90,70,60,50,90,100,120,140,170,200,160,50,40,30,60,20,80,80,70,60,40,50,30,100,130,150,120,110,160,70,30,40,80,30,20,100,60,90,60,80,80,130,100,150,140,160,200,90,40,50,20,60,80,180,160,100,110,140,150,240,200,200,250,220,300,5,NA,NA,3,5,6,5,10,12,2030,20,30,9,15,19,30,50,70,2025,NA,NA,NA,2030,2030,8,11,14
"TRUE","PbWib0O2fTq",1,3,2,0.1,0.1,0.1,5,12,10,0.5,1,1,10,15,15,1,1,1,20,10,10,1,5,5,30,15,15,1,5,5,33,20,20,5,10,10,1,2,2,0.1,0.1,0.1,5,5,5,1,0.5,0.5,10,10,10,2,1,1,10,15,12,2,3,3,25,40,33,5,5,5,33,50,40,10,10,10,25,20,20,10,5,5,33,25,25,12,10,10,50,33,33,20,15,15,20,15,15,15,10,10,33,20,20,20,15,15,40,25,25,25,20,20,10,3000,1e+10,0,5,20,1,1,1,2060,25,25,7,10,20,75,70,60,2030,5e+07,7.5e+07,2e+08,2040,2040,50,60,70
"TRUE","PWgpknKoS8L",1,1,1,1,1,1,2,3,2,1,2,2,5,4,4,5,4,4,1,1,1,1,1,1,3,4,3,2,3,3,6,5,5,6,5,5,1,1,1,1,1,1,1,1,1,1,1,1,1,1,1,1,1,1,1,1,1,1,1,1,1,2,3,1,2,2,1,2,3,1,2,2,1,1,1,1,1,1,1,1,1,1,1,1,3,3,3,3,3,3,1,1,1,1,1,1,3,4,4,3,4,4,5,5,5,5,5,5,25,2090,6e+09,1,2,2,1,5,10,2035,1,1,9,11,15,63,64,65,2028,18,24,40,2090,2030,72,75,80
"TRUE","P5kUmCxDC1h",0.02,0.01,0.05,0,0,0,0.05,0.02,0.1,0,0,0,0.1,0.05,0.3,0.1,0.05,0.05,0.2,0.1,0.3,0,0,0,0.4,0.2,0.6,0.01,0.01,0.02,0.7,0.4,0.8,0.2,0.09,0.08,0.1,0.2,0.4,0.05,0.1,0.09,0.5,0.8,1.5,0.08,0.5,1.1,1.5,2.2,2.5,1.1,1.6,2,1,2,0.5,0.2,0.4,0.5,1.2,2,1.3,0.5,0.6,0.6,1.8,2.2,2,0.6,0.9,1,0.2,0.4,0.5,0.005,0.01,0.02,0.5,0.6,0.7,0.01,0.1,0.16,1.1,1.2,0.4,0.1,0.5,0.55,1.5,2.1,1.9,0.5,1,1.1,1.9,3.1,2.5,1.5,2,2,2.5,3.5,3.5,2,3,3.1,1.8,10000,8e+09,0.2,0.5,0.9,0.1,0.3,0.8,2035,2.21,6.63,10,10,10,79,81,85,2075,5e+07,2e+08,8e+08,2045,2035,70,65,55
"TRUE","PWg6PWPjw1F",1,1,2,1,1,1,2,2,5,1,1,2,5,5,8,1,1,1,2,2,2,1,1,2,3,3,3,1,1,2,4,4,4,2,2,2,0,0,1,0,0,1,1,1,2,1,0,2,1,1,3,1,1,2,3,3,5,1,1,2,5,5,8,1,1,3,8,8,10,1,2,5,0,0,1,0,0,1,1,1,1,0,0,1,1,1,2,1,1,2,2,2,2,1,1,2,3,3,4,1,1,2,5,5,6,2,2,4,1,20000,NA,1,1,2,0,0,1,2045,1,5,11,15,5,75,70,65,2030,2e+11,300,1000,2100,2026,68,65,55
"TRUE","PCq1b7N7SoY",1,2,1,0,0,0,2,3,1,1,1,1,3,4,2,1,2,2,1,2,2,1,2,1,3,3,4,2,3,2,5,4,5,3,4,3,1,2,2,0,1,1,3,4,4,1,2,2,5,6,6,3,3,3,5,5,3,1,2,3,8,10,6,5,5,6,10,15,9,8,10,9,1,2,2,0,1,1,4,4,4,1,3,3,5,6,6,3,5,5,4,4,4,1,1,1,6,6,6,3,3,3,10,10,10,6,6,7,NA,2500,5e+09,1,3,10,1,3,5,2030,15,25,9,12,20,74,72,68,2035,6e+06,2.5e+07,1e+09,2050,2030,70,75,75
"TRUE","PQrzduCnl8H",15,5,5,5,1,1,20,10,10,5,1,1,25,30,30,5,10,10,20,20,30,25,30,25,40,35,25,30,35,30,40,20,25,30,35,30,5,10,30,2,1,15,10,5,40,10,5,10,25,5,40,25,5,10,5,30,25,5,10,5,10,10,10,10,1,5,15,1,10,15,0.03,5,0.5,0.5,0.5,0.2,0.5,0.5,0.5,0.5,1,0.2,0.5,1,0.5,0.09,2,0.1,0.5,2,5,11,2,2,2,2,15,15,5,10,15,5,35,19,2,25,19,2,25,NA,NA,12,15,20,0.5,2,2,NA,20,50,11,15,20,70,62,54,2030,1e+11,2e+11,5e+11,NA,2028,28,32,35
"TRUE","PyRdIFnPE8y",5,6,6,1,1,1,6,8,7,5,3,4,7,10,8,7,5,6,15,12,12,2,2,2,20,15,15,4,3,3,25,20,20,7,5,6,2,1,2,1,1,1,4,3,3,1,1,2,8,5,5,2,1,3,2,3,4,1,1,1,4,5,6,3,2,3,8,7,10,5,4,7,2,2,1,1,1,1,3,3,2,1,1,1,5,4,3,2,2,2,27,20,22,7,5,6,30,25,27,10,8,9,35,30,33,15,12,13,23,2400,3e+10,0,1,3,0,0,1,1e+210,3,10,9,10,11,78,75,71,2028,5e+06,7e+06,1.5e+07,NA,2035,65,63,58
"TRUE","PtWhGuZlYGx",2,2,1,0.1,0.01,1,4,3,2,0.2,0.012,1,7,5,3,0.3,0.013,1,5,5,5,0.05,0.05,1,5,5,5,0.05,0.05,1,5,5,5,0.05,0.05,1,5,5,5,0.1,0.5,0.5,5,5,5,0.1,0.5,0.5,10,10,10,0.2,0.5,0.5,5,10,10,1,0.01,0.5,10,20,20,2,0.02,1,30,30,30,3,0.03,1.5,1,0.5,1,0.5,0.5,1,1,0.5,1,0.5,0.5,1,1,0.5,1,0.5,0.5,1,2,2,5,2,2,10,5,5,10,5,5,15,10,10,15,10,10,20,0.8,12023,NA,0,0,0,0,0,1,2500,25,30,9,9,10,60,59,58,2050,1.2e+07,1.5e+07,2e+06,2090,2300,50,55,55
"TRUE","PzzQCluHShQ",10,10,10,0,0,0,35,45,35,10,20,10,35,50,35,15,20,10,0,0,0,0.001,0.001,0.001,0,0,0,0.001,0.001,0.001,0.01,0.01,0.01,1e-04,0.001,0.001,1,1,5,0,0,0,10,15,10,0,0,5,15,15,15,17,20,10,0.5,1,2,0.1,0.5,0.1,1,1,2,0.1,0.5,0.2,0.5,1,4,0.1,0.5,0.15,1e-05,0.001,0.001,1e-05,1e-04,1e-05,1e-05,0.001,0.001,1e-05,0.001,1e-05,2e-04,0.001,0.001,1e-05,0.001,1e-05,1,1,1,1e-05,0.1,0.05,1,1,1,1e-05,0.15,0.18,2,2,2,1e-04,0.15,0.17,NA,NA,NA,0.1,0.1,0.1,0,1,1,2050,1e-05,1e-04,12,14,13,80,75,70,NA,20,25,45,2100,NA,70,75,80
"TRUE","P4UwLl2wr2k",1,2,3,1,1,1,5,7,8,1,3,1,12,15,14,7,10,1,5,7,5,2,5,1,10,15,12,7,10,3,30,50,40,10,17,5,1,3,2,5,10,4,10,7,5,15,20,14,17,14,10,25,30,20,1,3,2,2,3,2,10,14,13,4,5,4,20,17,15,8,9,11,8,7,5,1,1,1,10,9,6,3,3,2,12,11,12,5,4,3,7,6,5,4,5,3,15,14,12,12,10,4,20,18,15,20,15,7,NA,2250,1.1e+10,0,1,5,1,2,7,2045,15,25,30,31,51,2,3,9,2040,1e+10,2e+10,1e+12,NA,NA,70,65,50
"TRUE","PD7RgfjyyI6",0.1,2,1,0.01,0.5,0.5,3,4,2,1,1,1,5,8,4,3,2,2,2,1,5,0,0.01,0,3,2.5,10,0,0.05,0,7,5,20,1,0.5,0.05,0,1,1.5,0,0,0.1,0.05,2,6,0,0.1,3,0.1,5,10,1,3,4,0.001,0.1,1,0,0,0.5,5,2,5,1,0.1,3,16,8,20,8,1,10,0,0,0,0,0,0.01,0,0,0,0,0,0.03,0.01,0.1,1,0,0.03,0.056,1,1.5,1,0.05,0.1,0.5,2.5,2,5,1,1,2.5,10,12,15,5,7.5,10,7.5,2085,1e+10,0,0,3,0,0,0,2045,0,0,12,15,17,70,72,73,2028,7e+06,1.2e+07,9e+07,2053,2032,52,47,44
"TRUE","PSaYtnHnXrj",0.1,0.1,0.1,0.01,0.01,0.1,1,1,1,0.1,0.1,1,10,3,3,1,1,10,0.01,0.01,0.1,0,0,0.1,0.1,0.1,1,0.01,0.01,1,1,1,10,0.1,0.1,10,0,0,0.01,0,0,0.01,0,0,0.1,0,0,0.1,0,0,1,0,0,1,0.01,0.01,0.1,0.01,0.01,0.1,0.05,0.05,1,0.05,0.05,1,0.1,0.1,10,0.1,0.1,10,0,0,0.01,0,0,0.01,0,0,1,0,0,0.5,0.01,0.01,10,0.01,0.01,3,1,1,1,0.1,0.1,0.5,2,2,5,0.2,0.2,1,5,5,10,1,1,3,1,2200,1.5e+10,0,0,0,0,1,1,1e+210,0.01,0.02,9,10,13,78.5,77.8,82,2033,4600000,8400000,2e+07,2033,2033,80,82,85
"TRUE","PmuAYNBTtsB",5,5,2,20,5,5,1,1,5,10,2,3,15,2,8,5,10,1,1,75,2,0,0,1,5,5,1,0,10,5,3,2,5,5,5,25,2,5,1,10,5,5,5,2,5,5,2,1,8,5,10,1,4,15,15,25,5,5,1,2,10,15,30,25,2,4,5,10,15,10,5,5,1,5,25,5,5,1,1,25,5,10,5,15,15,5,75,15,10,20,1,5,5,5,5,5,15,15,1,75,3,75,2,10,125,1,2,1,1,8000,NA,2,5,8,0,1,2,2050,3,5,7,9,12,65,68,75,2035,5e+05,1e+09,4e+09,2050,2063,65,50,35
"TRUE","P7omHY3ct0n",20,30,40,1,1,5,70,60,60,5,10,15,90,80,80,10,15,20,10,10,15,1,1,1,60,40,50,3,5,10,80,60,70,5,10,15,10,20,20,5,1,1,15,40,50,10,5,5,30,60,70,10,10,10,20,15,20,1,10,10,30,25,30,5,20,15,40,30,35,10,25,25,1,5,1,1,1,1,5,10,5,1,5,5,10,15,10,1,5,10,15,20,15,5,3,5,20,25,15,10,5,10,25,30,20,15,8,10,15,2200,4e+09,0,1,2,0,2,5,2030,20,30,10,12,20,65,60,50,2025,NA,NA,NA,2035,2026,75,80,90
"TRUE","PqDqwJ845jn",30,60,55,20,50,45,50,80,70,25,55,65,70,90,85,40,70,70,3,2,20,10,30,2,20,30,44,25,45,25,25,33,50,40,50,30,1,12,21,2,15,15,2,20,25,4,22,28,2,21,33,8,28,33,1,5,20,20,33,27,3,16,25,36,37,30,4,20,38,39,39,38,5,10,10,17,22,22,15,19,20,21,34,34,30,22,26,24,39,39,50,50,59,67,44,50,52,56,63,69,67,56,55,59,67,70,78,78,30,3000,5e+06,0,1,2,0,1,1,2038,0,20,11,15,20,68,70,72,2025,4600000,5e+06,1e+09,2050,2030,80,85,92
"TRUE","PBP0jyZl8dL",5,3,4,0,0.01,0.01,7,5,5,0.1,0.05,0.04,3,3,4,0.1,0.1,0.09,4,5,5,0.1,0.1,0.1,6,6,5,0.1,0.1,0.1,2,5,5,0.1,0.01,0.1,2,3,4,1,1,1,8,5,5,2,2,2,8,6,7,2,4,4,20,10,10,2,5,4,15,10,10,2,5,3,10,5,5,1,2,3,15,10,15,5,3,2,20,20,20,10,7,5,20,25,25,20,15,10,15,20,15,2,3,2,25,25,20,5,5,4,50,50,45,10,15,12,30,2250,3e+09,2,3,2,1,1,1,2100,30,30,12,15,17,75,70,65,20,2e+11,1e+11,5e+10,2025,2024,50,60,70
"TRUE","Pc7S9GQytQV",2,5,20,1,3,16,9,12,25,3,8,30,10,15,30,5,10,40,3,10,5,1,1,2,10,20,15,3,5,2,15,30,20,3,7,10,0,3,7,0,1,8,3,10,20,1,4,10,5,15,30,3,5,15,10,15,30,5,8,15,4,10,20,3,5,10,1,5,10,1,2,5,10,13,20,3,5,10,12,18,28,5,8,15,15,20,32,7,10,20,1,3,5,1,2,7,8,12,20,5,7,10,13,18,30,8,7,18,10,2300,2.5e+09,1,1,3,0,1,3,2050,20,10,9,12,13,65,62,58,2060,NA,NA,NA,2065,2035,75,88,95
"TRUE","PvsYd9YDYku",1e-05,1e-05,1e-05,1e-07,1e-07,1e-07,5e-05,5e-05,5e-05,1e-07,1e-07,1e-07,7e-05,1e-04,1e-04,1e-06,1e-06,1e-06,1e-04,1e-04,1e-04,1e-06,1e-06,1e-06,1e-04,1e-04,1e-04,2e-06,2e-06,2e-06,5e-04,5e-04,5e-04,5e-06,5e-06,5e-06,1e-06,1e-06,1e-06,1e-08,1e-08,1e-08,2e-06,2e-06,2e-06,1e-08,1e-08,1e-08,5e-06,5e-06,5e-06,5e-08,5e-08,5e-08,1e-04,1e-05,1e-05,1e-09,1e-10,1e-10,2e-04,2e-05,2e-05,2e-09,2e-12,2e-12,5e-04,5e-05,5e-05,5e-09,5e-12,5e-12,1e-05,1e-05,1e-05,1e-06,1e-06,1e-06,5e-05,5e-05,5e-05,5e-06,5e-06,5e-06,1e-04,1e-04,1e-04,1e-05,1e-05,1e-05,1e-05,1e-05,1e-05,1e-06,1e-06,1e-06,2e-05,2e-05,2e-05,1e-06,1e-06,1e-06,1e-04,1e-04,1e-04,1e-05,1e-05,1e-05,1e-08,50000,9e+12,0,0,1,0,0,0,2045,25,40,9,10,12,79,81,83,2075,5e+07,2.5e+11,6e+11,2080,2090,72,75,80
"TRUE","PRFWyTfX6rA",0.3,0.15,0.15,0,1e-04,1e-04,0.1,0.1,0.1,0,1e-04,1e-04,0.001,0,1e-05,0,1e-04,1e-04,0.3,0.1,0.1,0,0,0,0.25,0.15,0.09,0,0.05,0.001,0.5,0.3,0.35,0.2,0.1,0.2,0,0,0,0,0,0,0,0,0,0,0,0,0.01,0.1,0.2,0,0.05,0.15,0.001,0,0.1,0.001,0.01,0.2,0.001,0,0.2,0.001,0.01,0.2,0.6,0.05,0.4,0.8,0.5,0.9,0,1e-05,0.1,0,0,0.05,1e-04,1e-04,0.15,0.001,0,0.05,0.7,0.1,0.7,0.1,0.15,0.45,0.001,0.01,0.01,0.001,0.01,0.001,0.001,0.01,0.1,0.001,0.01,0.001,0.3,0.2,0.6,0.15,0.05,0.1,0.1,3000,1e+10,1e-04,1e-04,0.01,1,3,10,2100,1e-05,0.01,9,10,12,65,70,72,2500,2e+09,1e+10,3e+10,2040,2025,100,100,80
"TRUE","PGirSmcR7br",5,4,15,0,0,5,5,8,20,0,0,7,5,10,20,0,1,9,0,2,5,0,5,15,0,1,8,0,4,10,0,0,10,0,3,8,0,3,8,0,1,5,0,2,7,0,1,12,0,1,6,0,0,15,5,5,10,0,1,10,3,4,12,0,1,11,1,3,15,0,1,12,0,0,5,0,0,10,0,0,8,0,0,12,0,0,10,0,0,15,20,15,20,0,2,5,18,12,15,0,2,5,15,10,10,0,2,5,3,15000,2e+07,1,2,1,1,0,0,2075,2,2,10,15,20,62,61,59,2050,5e+07,1e+08,2e+08,2035,2050,50,48,47
"TRUE","PvEVUVXwe8v",90,95,45,0,1,1,15,70,18,1,5,8,1,60,2,30,90,25,15,60,50,0.5,0,0,25,76,45,1,2.5,3,75,99,55.5,25,75,10,0,8,5,0,2,1,8,16,17,3,8,3,50,80,51,50,32,45,60,75,65,7,2,6,70,80,70,10,5,8,100,95,87,15,15,25,0,1,0,0,0.25,0,1,5,2,0,0.5,1,5,10,5,1,1,1,45,20,30,0,0,0,60,35,55,0.1,0,1,90,70,89,1,1,1,15,2500,5e+06,0,1,1,0,1,5,2065,10,50,10,12,15,75,60,45,2025,1e+08,1e+09,1e+11,2050,2025,75,80,95
"TRUE","PO1W0Dqi2Nk",0.8,0.8,0.6,0.02,0.02,0.02,0.9,0.9,0.9,0.05,0.04,0.04,1.2,1.2,1.2,0.1,0.1,0.1,1.1,1.1,1.1,0.03,0.03,0.03,1.3,1.3,1.3,0.08,0.08,0.08,1.6,1.6,1.6,0.2,0.2,0.2,0.4,0.3,0.3,0.01,0.01,0.01,1.2,1.2,1.2,0.3,0.3,0.3,2.5,2.5,2.5,0.6,0.6,0.6,1.2,1.2,1.2,0.05,0.05,0.05,1.3,1.3,1.3,0.08,0.08,0.08,1.7,1.7,1.7,0.1,0.1,0.1,0.02,0.02,0.02,0,0,0,0.09,0.04,0.04,0,0,0,0.15,0.1,0.1,0,0,0,0.8,0.6,0.6,0.03,0.03,0.03,1.2,1.1,1.1,0.4,0.4,0.4,3.5,3,3,1.2,1.1,1.1,4,14555,4.98e+11,0,0,0,0,0,1,2049,0.5,2,9,9,11,73,71.1,69.4,2028,37800000,604800000,1.5e+12,2099,2027,70,68,68
"TRUE","PBJDuJXejNI",0.1,0.1,0.1,1e-05,1e-05,1e-05,0.5,0.5,0.5,1e-04,1e-04,1e-04,1,1,1,0.001,0.001,0.001,0.2,0.2,0.2,1e-04,1e-04,1e-04,0.3,0.3,0.3,0.001,0.001,0.001,0.4,0.4,0.4,0.01,0.01,0.01,0,0,0,0,0,0,0,0,0,0,0,0,1e-05,1e-05,1e-05,1e-05,1e-05,1e-05,0.01,0.01,0.01,0,0,0,0.1,0.1,0.01,0,0,0,0.1,0.1,0.01,0.01,0.01,NA,0,0,0,0,0,0,1e-04,1e-04,1e-04,0,0,0,0.001,0.001,0.001,0,0,0,1,1,1,0.01,0.01,0.01,1,1,1,0.01,0.01,0.01,1,1,1,0.01,0.01,0.01,NA,NA,1e+13,0,0,1,0,0,1,2039,2,14,9,10,15,65,60,55,2050,2e+10,2e+11,2e+12,2100,2075,75,80,85
"TRUE","PRBR0cx4uT2",0,0,0.1,0,0,0.01,0,0.01,0.8,0,0,0.08,0.01,0.8,2,0,0.08,0.2,0,0.01,0.2,0,0,0,0.01,0.08,1,0,0,0.03,0.1,2,3,0.01,0.07,0.7,0.05,0.8,1,0.01,0.08,0.08,1,2,4,0.05,0.5,2,2,4,5,1,2.5,3.5,1,0.01,0.08,0.01,0,0.03,2,0.05,1,0.03,0.01,0.05,4,1,2,1,0.08,0.08,0,0,0,0,0,0,0,0,0.01,0,0,0,0,0.02,0.03,0,0.01,0.01,0,0,0,0,0,0,0.09,0.03,0.06,0.01,0.01,0.04,1.5,1.8,3,0.3,0.8,2.3,0.7,2180,1.28e+10,0,1,3,0,0,0,2080,0.01,0.8,10,11,12,73,68,63,2055,4e+07,3e+08,1e+09,NA,2035,85,89,92
"TRUE","PxBmA2ImOCd",5,2,5,1,0,3,6,3,6,2,0,4,9,6,10,4,5,6,6,3,6,2,1,4,6,4,7,3,1,5,11,7,11,5,6,8,0,1,1,0,0,0,1,2,2,0,1,1,2,2,3,1,1,2,5,2,5,0,1,5,10,5,10,1,2,10,12,5,12,2,2,15,15,9,3,1,0,5,20,12,5,2,1,20,10,15,9,3,2,25,25,30,20,2,5,10,40,50,30,4,10,30,50,60,50,6,30,55,40,2400,9e+08,0,5,30,0,0,1,2025,1,25,9,12,25,60,60,68,2033,5e+05,1e+12,1.5e+12,2100,2027,5,3,3
"TRUE","Pc79rcojNV0",0.4,0.2,10,2e-05,1,0.01,1,0.4,20,2e-04,2e-05,0.1,4,3,30,2e-05,1e-04,0.2,0.01,0.001,3,0.001,1e-05,1,0.01,0.001,4,0.001,1e-05,1,0.1,0.01,5,0.01,2e-05,4,0.001,0.01,3,0.001,0.001,2,0.001,0.4,6,0.001,0.001,6,0.1,1,10,0.1,1,9,3,0.001,4,0.001,1e-04,10,5,0.4,6,0.001,0.001,4,5,1,10,0.1,1,10,1,4,9,1,0.1,10,1,9,10,1,0.1,10,1,9,20,1,0.1,103,20,20,60,1,0.1,30,30,30,60,1,0.1,30,50,50,60,5,1,35,20,2525,2e+07,10,20,30,100,1000,10000,2100,1,10,9,18,50,60,50,30,NA,1e+09,1e+07,9e+06,2027,NA,60,40,30
"TRUE","PhuEnQRJ1qi",5,2,3,0,0,1,5,1,2,0,0,1,5,1,2,0,0,1,0,0,5,0,0,1,0,0,3,0,0,1,1,0,1,0,0,0,0,0,0,0,0,0,1,0,5,0,0,3,5,0,5,0,0,5,1,3,10,0,1,5,2,5,10,0,1,5,5,7,15,2,3,7,5,10,20,1,5,3,10,25,50,5,10,15,25,50,75,20,30,50,1,0,5,0,0,2,10,7,15,2,3,5,25,15,20,5,5,7,20,2150,NA,0,2,6,2,1,0,2100,75,2,9,12,20,80,75,70,2025,1e+09,2e+09,4e+09,2050,2026,40,45,50
"TRUE","PK5qK5KS8kA",0,0,0,0,0,0,1,2,3,0,0,0,2,4,6,0,0,0,2,4,6,0,0,0,4,8,12,0,0,0,8,16,30,0,0,0,0,0,0,0,0,0,0,0,0,0,0,0,0,0,0,0,0,0,12,30,30,10,25,25,25,35,35,20,30,30,30,40,45,25,35,40,2,4,6,0,0,0,4,8,12,0,0,0,8,16,30,0,0,0,1,2,4,0,0,0,2,4,8,0,1,2,4,8,16,0,2,4,0,5000,1e+15,0,0,0,0,1,0,2030,10,25,10,15,25,80,75,70,0,1e+07,2e+07,1e+09,2030,2035,5,4,3
"TRUE","PMKzBhSlDS4",0,0,0,0,0,0,5,5,15,0,0,0,10,10,15,2,2,2,0,0,0,0,0,0,0,0,10,0,0,0,5,5,20,5,5,5,0,0,0,0,0,0,0,0,0,0,0,0,0,0,0,0,0,0,0,0,0,0,0,0,1,1,1,1,1,1,5,5,5,1,0,1,10,5,10,0,0,0,15,10,15,0,5,0,20,15,20,5,10,5,1,1,5,0,0,0,5,5,10,0,10,10,20,20,20,10,15,15,10,2800,2e+09,0,0,0,0,0,0,2050,1,1,9,9,9,75,75,75,2050,2e+11,1e+12,1e+13,2101,2030,71,72,75
"TRUE","PGIuyquCqg2",2,3,2,0,1,2,3,5,3,1,3,3,5,7,6,5,7,6,1,1,1,1,1,1,2,1,1,0,2,1,3,1,2,0,3,2,0,1,2,0,1,2,2,3,2,1,2,3,3,4,2,2,4,5,8,10,15,10,10,20,10,20,25,15,20,40,30,40,50,25,50,60,1,2,2,1,2,3,1,2,5,1,5,3,5,5,10,5,10,7,1,1,2,1,2,3,1,3,4,1,4,8,5,5,8,5,7,15,25,2150,4e+10,2,10,70,5,10,75,2050,35,50,9,9,8,80,81,83,NA,NA,NA,2e+09,2079,2028,71,72,75
"TRUE","Pk239z0fB5X",0.22,0.2,0.32,0.44,0.36,0.48,0.11,0.1,0.08,0.09,0.22,0.21,0.001,0.001,0.001,0.001,0.001,0.001,0.55,0.55,0.55,1e-04,1e-04,1e-04,0.44,0.44,0.44,1e-04,1e-04,1e-04,0.01,0.01,0.02,1e-04,1e-04,1e-04,1e-05,1e-05,1e-05,1e-05,1e-05,1e-05,1e-05,1e-05,1e-05,1e-05,1e-05,1e-05,1e-05,1e-05,1e-05,1e-05,1e-05,1e-05,0.05,0.05,0.05,0.05,0.05,0.05,0.01,0.01,0.01,0.01,0.01,0.01,0.01,0.01,0.01,0.01,0.01,0.01,0.54,0.65,0.42,0.22,0.75,0.33,0.34,0.5,0.23,0.11,0.41,0.44,0.001,0.002,0.001,0.01,0.01,0.01,0.8,0.8,0.8,0.8,0.8,0.8,0.8,0.8,0.8,0.8,0.8,0.8,0.8,0.8,0.8,0.8,0.8,0.8,0.025,252023,1400000,0.01,0.01,0.01,2,2,2,2033,50,0.9,9,18,30,75,79,81,2033,NA,NA,NA,2099,2061,75,75,75
"TRUE","PfIy4wYFDq9",25,25,30,2,2,2,30,30,35,3,3,3,32,32,35,3,3,5,30,25,30,2,1,2,30,25,30,2,1,2,30,30,40,5,3,5,10,10,10,2,1,2,10,10,10,2,1,2,20,30,20,5,3,5,15,10,15,1,1,1,40,30,30,1,0.5,1,40,30,40,1,0.5,1,1,0.1,1,1,0.1,1,2,2,2,2,0.5,2,10,5,10,2,0.5,2,40,25,40,20,10,20,40,25,40,20,10,20,40,30,40,20,10,20,45,2050,2e+09,2,3,1,1,1,0,2040,25,10,12,10,0,80,78,68,2028,3e+10,5e+10,2e+08,2026,2025,50,50,50
"TRUE","PTmLNPammOX",5,5,5,2,5,3,25,25,45,10,35,20,50,50,55,30,55,45,2,2,2,2,2,2,30,25,25,20,20,20,45,50,50,40,40,35,2,3,2,3,5,2,20,30,25,35,30,25,35,45,45,45,55,45,25,20,45,45,40,20,45,35,50,60,45,40,60,60,60,70,60,50,20,20,20,20,20,20,35,35,35,45,30,30,45,45,45,56,45,45,20,20,15,10,10,15,60,50,40,40,45,55,70,60,60,50,60,65,NA,NA,NA,0,1,2,5,10,15,2025,20,35,9,12,20,75,80,95,NA,2.5e+10,1e+11,NA,2055,2024,20,30,40
"TRUE","P8NFjUiCaGn",1,0,5,0,0,1,2,0,10,1,2,5,5,10,20,2,3,8,0,0,0,0,0,0,2,1,3,1,1,1,5,5,5,1,1,1,5,5,5,1,1,1,10,14,15,3,1,2,15,20,17,5,5,5,1,1,1,0,0,1,7,8,5,1,1,1,10,10,10,1,1,5,0,0,0,0,0,0,1,1,1,1,0,0,1,1,1,1,1,1,5,5,5,2,NA,1,20,15,20,5,NA,12,40,30,35,13,19,20,15,7e+09,4e+09,0,5,15,0,2,5,2035,15,25,10,12,0,75,81,75,2035,1e+10,2e+10,4e+10,2050,2035,50,45,35
"TRUE","PkDToTW3b7V",2,11,1,4,12,1,5,15,12,11,2,2,25,27,6,3,3,3,1,2,2,1,1,1,2,3,4,5,5,6,4,5,7,1,2,9,1,5,5,1,1,0,1,8,4,5,1,5,5,3,2,5,5,2,5,5,4,1,5,5,10,8,6,3,5,1,20,10,10,5,1,2,5,2,5,5,6,65,9,5,9,7,82,81,1,9,8,75,12,11,2,55,10,1,78,5,10,145,15,4,1,195,30,19,205,6,14,232,18,2325,NA,0,2,5,2,10,21,2030,15,61,9,10,12,69,75,59,2026,1.5e+10,3e+10,3.5e+10,2041,2050,56,60,65
"TRUE","PNS85pQ4X2C",2,2,2,2,2,2,7,7,7,7,7,7,20,20,20,20,20,20,4,4,4,4,4,4,10,10,10,10,10,10,25,25,25,25,25,25,1,1,1,1,1,1,15,15,15,15,15,15,30,30,30,30,30,30,2,2,2,2,2,2,4,4,4,4,4,4,10,10,10,10,10,10,1,1,1,1,1,1,2,2,2,2,2,2,5,5,5,5,5,5,4,4,4,4,4,4,10,10,10,10,10,10,25,25,25,25,25,25,25,5000,1.2e+08,0,0,1,0,1,4,2040,1,5,7,8,10,75,80,72,2030,50,60,100,2140,2130,20,25,30
"TRUE","PL0SkuvXK2f",2,2,4,1,1,0,4,6,7,2,2,1,6,10,12,3,4,3,1,2,1,1,1,1,3,4,2,2,2,3,5,6,5,3,3,4,1,1,1,1,1,1,2,2,3,1,2,3,4,6,8,1,3,6,1,1,1,1,1,1,1,1,1,1,2,2,2,1,1,1,2,3,1,1,1,1,1,1,4,7,8,2,4,5,10,12,15,5,12,16,2,3,4,2,2,2,7,10,15,4,6,7,20,25,25,15,17,20,10,2250,3e+10,1,1,3,0,0,1,2035,5,7,10,10,13,63,62,60,2032,15,22,30,2090,2070,20,15,10
"TRUE","PVSKpCkExL0",0.01,0.5,0.3,0.001,0.2,0.1,0.05,1,0.8,0.001,0.5,0.2,2,2.5,2.25,0.5,1,1,0.1,0.5,1,1e-04,1e-04,0.005,0.5,2,2,2e-04,5e-04,0.01,1,5,5,0.005,0.05,0.1,0.01,0.05,1,0.001,0.005,0.5,0.05,5,7,0.005,1,2,1,10,12,1,5,8,1,1,1.5,1e-05,5e-05,5e-05,2,2,2.5,1e-04,5e-04,5e-04,10,10,12,0.001,0.005,0.005,1e-04,0.001,1e-04,1e-05,1e-04,1e-05,5e-04,0.005,5e-04,1e-04,5e-04,1e-04,0.005,0.05,0.005,0.002,0.005,0.002,1.5,1.75,1.5,1e-04,0.005,1e-04,2.5,3,3,0.005,1.5,1.5,13,14,13.5,2,6.5,5,15,2170,2.7e+10,0,0,0,0,1,2,2045,0.01,0.1,9,9,9,78,78.5,79.5,2026,1.2e+07,2e+07,3e+07,2035,2028,70,70,70
"TRUE","PnEgBM0rrux",5,3,8,0.01,0.001,0.5,10,8,12,0.015,0.008,1,17,16,24,0.02,0.03,2,1,1,2,0.001,0.01,0.5,5,4,6,0.002,0.1,1,15,14,16,0.005,0.9,2,10,5,7,1,0.1,1,25,12,9,2,1,2,25,17,15,2,2,4,5,4,7,1e-04,0.3,0.9,8,7,8,2e-04,0.5,1.4,10,8,11,3e-04,0.7,1.9,3,2,4,0.5,0.7,1.1,7,5,9,2,1.5,2.4,12,9,15,4,3.5,4.6,4,7,9,0.5,0.7,5,22,25,30,5,4.8,15,49,52,59,20,18.7,25,30,1e+06,1e+11,3,20,40,1,2,5,2075,5,10,9,9,10,65,55,35,2025,5,15,30,2030,2026,60,50,30
"TRUE","P7CIRzrolWu",1,0.5,0.5,0.01,0.01,0.01,5,7,5,0.1,0.05,0.1,10,10,8,5,2,2,1,1,1,0.01,0.01,0.01,5,5,5,0.01,0.01,0.01,3,5,5,1,0.05,0.05,2,0.1,0.1,0.1,0.01,0.01,10,5,5,5,5,5,20,20,15,10,14,15,1,1,0.1,0.01,0.01,0.01,10,8,10,0.1,0.03,0.03,10,8,10,0.1,0.03,0.03,0.1,0.1,0.1,0.1,0.1,0.1,0.1,0.1,0.1,0.1,0.1,0.1,0.1,0.1,0.1,0.1,0.1,0.1,0.5,0.5,0.3,0.05,0.03,0.03,5,5,5,1,1,1,10,8,7.5,3,3,3.4,3,3025,1e+11,0,1,3,1,2,3,2040,4,5,9,10,10,73,65,60,2040,1.25e+11,2e+11,2.3e+11,2061,2031,60,50,50
"TRUE","PewCd1TYTl6",2,2,2,0.1,0.1,0.1,5,5,5,0.2,0.2,0.2,7,7,7,0.5,0.5,0.5,0.1,0.1,0.1,0.05,0.05,0.05,0.2,0.2,0.2,0.1,0.1,0.1,0.5,0.5,0.5,0.2,0.2,0.2,0.05,0.05,0.05,0.02,0.02,0.02,0.1,0.1,0.1,0.05,0.05,0.05,0.2,0.2,0.2,0.1,0.1,0.1,10,10,10,1,1,1,15,15,15,2,2,2,20,20,20,5,5,5,1,1,1,0.1,0.1,0.1,2,2,2,0.2,0.2,0.2,5,5,5,0.5,0.5,0.5,1,1,1,0.5,0.5,0.5,2,2,2,1,1,1,5,5,5,1.5,1.5,1.5,5,2150,1e+07,0,0,0,1,2,3,2023,15,25,9,10,12,61,60,58,2025,4600000,6e+06,1e+07,2028,2024,70.55,70.55,70.55
"TRUE","P1RDHxomVYE",1,2,3,0.01,0.02,0.03,2,5,10,2,3,4,5,10,15,2,15,20,5,10,20,2,4,5,10,15,30,3,5,10,15,25,40,5,10,20,0,0,0.01,0.1,0.03,0.06,0,0.01,0.02,0.2,0.05,0.2,0.1,0.05,0.1,0.25,0.1,0.25,10,20,30,15,30,40,12,22,32,20,40,45,20,30,39,21,43,49,1,3,5,0.5,9,10,1.5,5,10,2,15,20,2,10,20,5,20,30,1,2,3,2,3,10,1.5,10,10,3,7,20,2,30,25,5,17,40,25,2250,2.82e+10,1,2,10,0,2,5,2050,0.3,0.5,9,11,13,75,70,59,2025,2e+06,1e+07,1e+09,2035,2035,80,80,70
"TRUE","PzD5sWZOadM",1,1,1,1,1,1,3,3,3,1,1,1,8,8,8,1,1,1,2,2,2,1,1,1,4,4,4,1,1,1,10,10,10,1,1,1,1,1,1,1,1,1,1,1,1,1,1,1,1,1,1,1,1,1,1,1,1,1,1,1,5,5,5,1,1,1,10,10,10,1,1,1,1,1,1,1,1,1,1,1,1,1,1,1,1,1,1,1,1,1,6,6,6,2,2,2,14,14,14,2,2,2,30,30,30,2,2,2,30,2300,3e+10,1,2,3,0,2,5,2050,0,2,9,10,13,80,78,70,2040,2e+07,5e+07,1e+08,NA,2070,25,20,18
"TRUE","PmLJ0mh6hJm",0,1,0,0,1,1,1,5,5,0,1,1,2,10,10,0,2,2,1,0,0,0,0,0,10,2,2,1,0.01,0.01,20,5,5,2,0.05,0.05,0.1,1,0.5,0.01,1,0.5,1,5,1,0.1,5,1,2,7,5,0.2,7,5,5,1,1,1,0.1,0.1,10,5,5,2,0.5,0.5,15,10,10,3,1,1,0.001,0.001,0.001,0.001,0.001,0.001,0.005,0.005,0.005,0.005,0.005,0.005,0.01,0.01,0.01,0.01,0.01,0.01,6.101,3.001,1.5,1,3,1.5,7,17,13,3,17,13,10,20,20,5,20,20,7,3000,1.4e+11,0,0,0,0,0,0,2100,10,10,9,10,5,68,70,73,2026,4e+23,3e+23,2e+23,2099,2030,70,40,20
"TRUE","PINmlbwkrOe",0.5,0.5,0.5,3,2,2,0.5,0.5,0.5,3,3,2,0.5,0.5,0.5,3,3,2,2,3,2,3,1,3,2,3,2,3,1,3,2,3,2,3,1,3,1,1,1,0.5,0.5,0.5,1,1,1,1,1,1,2,2,2,4,2,2,0.05,0.05,0.05,1,1,1,0.05,0.05,0.05,2,2,2,0.05,0.05,0.05,2,2,2,0.01,0.01,0.01,0.01,0.01,0.01,0.01,0.01,0.01,0.01,0.01,0.01,0.01,0.01,0.01,0.01,0.01,0.01,3,1,3,0.5,0.5,0.5,5,2,2,0.5,0.5,0.5,3,5,4,0.5,0.5,0.5,3,2112,2e+11,0,0,0,0,0,1,1e+210,1e-04,2e-05,9,9,10,61,61,59,2025,4.6e+12,4.6e+12,4.6e+12,2115,2035,20,10,10
"TRUE","PGzpaFdmFrn",10,8,12,1,0,0,15,14,16,2,1,1,25,24,26,3,2,2,20,22,24,2,3,5,25,27,28,3,5,7,30,32,35,6,7,8,8,5,7,4,3,2,12,9,11,5,4,3,16,13,15,7,5,4,10,7,8,5,6,7,25,14,16,12,13,14,35,21,25,20,25,30,10,12,11,5,6,5,15,20,17,8,10,9,20,25,22,11,12,11,20,25,22,10,11,17,30,35,33,15,16,20,40,45,44,20,22,24,40,20,8.95e+09,2,5,7,1,1,2,2040,15,25,9,10,12,67,79,85,2030,50,89,120,2095,2055,10,9,8
"TRUE","PS5OBviTv7n",8,5,7,0,0,0,15,10,12,5,6,8,30,15,18,8,12,15,5,5,7,0,0,2,10,12,14,5,5,6,15,21,24,10,15,17,0,0,0,0,0,0,0,2,3,0,2,2,2,5,8,0,2,3,8,10,10,5,5,8,10,20,20,8,10,12,20,30,35,15,20,24,2,3,3,1,2,5,6,8,8,5,5,10,8,10,12,10,15,15,100,80,80,2,2,5,100,80,80,4,5,10,100,80,80,6,10,15,35,2720,NA,0.1,0.5,1,0,0.5,2,2035,1,5,9,9,10,78.1,78.34,79.23,2050,1e+06,1300000,1800000,2090,2060,68,50,35
"TRUE","PSsTvG5YCAS",0,0.01,0.01,0,0,0,0.01,0.02,0.03,0,0,0,0.02,0.05,0.05,0.001,0.001,0.001,0,0.1,0.1,0,0.001,0.001,0.1,0.2,0.2,0.001,0.002,0.002,0.2,0.5,0.5,0.002,0.003,0.003,0.001,0.001,0.001,0,0.001,0.001,0.002,0.005,0.003,0.001,0.002,0.002,0.004,0.007,0.005,0.002,0.003,0.003,0.1,0.2,0.2,0.05,0.08,0.08,0.25,0.5,0.5,0.07,0.1,0.22,0.5,0.75,0.8,0.09,0.15,0.25,0.001,0.001,0.001,0.001,0.001,0.001,0.002,0.002,0.002,0.002,0.002,0.002,0.003,0.003,0.003,0.003,0.003,0.003,0.15,0.325,0.325,0.325,0.325,0.325,0.2,0.4,0.4,0.4,0.4,0.4,0.25,0.45,0.45,0.45,0.45,0.45,0.25,3000,1e+08,0,1,3,0,1,3,2045,0.1,0.3,8,9,12,70,65,60,2050,8e+09,1.2e+10,2.5e+10,2045,2030,45,60,70
"TRUE","PAv0MZqR0eM",5,2,10,0,0,0,33,20,35,0,0,0,50,65,55,1,2,2,1,1,1,0,0,0,5,5,2,0,0,0,15,10,5,1,1,1,1,1,1,0,0,0,20,15,20,1,2,2,75,60,80,15,12,14,1,1,1,0,0,0,5,3,3,1,0,0,12,10,15,2,1,1,0,0,0,0,0,0,0,0,0,0,0,0,0,0,0,0,0,0,1,1,1,0,0,0,20,20,20,0,1,1,99,85,95,33,20,20,33,2150,5e+10,0,0,2,0,1,3,2050,1,2,7,8,12,73,66,50,2024,2e+11,1e+12,1e+12,2043,2024,65,35,5
"TRUE","PKcf1UNpswN",3,5,3,0.5,0.5,0.5,5,7,5,1,1,1,8,10,8,8,2,2,5,1,0.5,0.3,0.01,0.01,8,3,2,0.5,0.02,0.02,10,5,4,2,0.05,0.05,0.01,0.01,1,0,0,0.01,1,2,6,0.5,1,4,6,5,10,5,5,7,6,5,4,2,0.2,0.1,10,6,6,5,0.5,0.5,15,10,10,10,1,1,0,0,0,0,0.2,0.1,0.01,0.01,0.01,0.4,0.4,0.45,0.01,0.01,0.01,1,0.5,0.5,2,5,7,1,2,2.5,5,10,12,3,8,8,15,25,25,8,18,19,11,2250,5.5e+10,3,5,12,0,2,4,2056,4,5,9,12,15,76.2,74.3,73.2,2028,1.2e+07,3.5e+07,2e+08,2120,2035,56,50,45
"TRUE","P0bSwwIzhsR",1,2.5,2.5,0.1,0.5,0.5,3,5,5,0.2,1,1,5,10,10,0.4,2,2,1,1,1,0.01,0.01,0.01,2,2.5,2.5,0.02,0.03,0.03,4,5,5,0.05,0.05,0.05,1,1,1,0.5,1,1,2,2.5,2.5,1,2.5,2.5,4,5,5,2,5,5,1,2,2,0.2,0.2,0.2,2,5,5,0.5,0.5,0.5,5,10,10,1,1,1,0.2,0.5,0.5,0,0,0,0.5,1,1,0.01,0.01,0.01,1,2,2,0.01,0.01,0.01,5,5,0.5,2,2,0.2,10,10,1,5,5,0.5,20,20,2,10,10,1,5,3000,4e+09,0,0,1,0,0,0,2028,2,15,10,16,36,80,60,40,2027,4e+07,2e+11,2e+11,2074,2025,75,80,90
"TRUE","P3fnbgDMBVn",1,3,2,1,1,1,2,4,2,1,1,1,4,8,4,1,1,1,1,1,1,1,1,1,2,2,2,1,1,1,4,4,4,1,1,1,1,1,1,1,1,1,5,5,5,1,1,1,7,7,7,1,1,1,2,2,2,1,1,1,4,4,4,1,1,1,6,6,6,1,1,1,1,1,1,1,1,1,1,1,1,1,1,1,1,1,1,1,1,1,1,1,1,1,1,1,4,4,4,3,3,3,10,10,10,8,8,8,10,2225,1e+11,2,4,12,2,6,8,2053,0,2,12,14,20,65,68,65,2025,70,60,30,2035,2030,44,40,35
"TRUE","PM918M1uq2d",10,12,14,0,1,1,15,18,20,1,2,2,20,25,30,2,3,3,10,15,17,1,2,2,15,20,22,2,3,3,20,25,27,3,4,4,0,1,2,0,0,1,5,7,9,0,5,7,10,12,15,1,8,10,5,7,10,0,5,7,5,7,10,0,6,8,5,7,10,0,7,9,0,1,1,0,0,0,1,2,2,0,1,1,2,3,3,0,2,2,25,36,44,1,8,11,31,54,63,3,17,21,57,72,85,6,24,28,25,2500,1.5e+10,1,1,1,1,2,4,2050,15,20,11,14,18,70,65,60,2030,6e+06,1e+07,1.5e+07,2050,2030,70,75,80
"TRUE","PVrQfLnJ7cX",0,0,0,0,0,0,1,1,1,0,0,0,2,3,2,0,1,1,0,0,0,0,0,0,0,0,0,0,0,0,1,1,1,0,0,0,0,0,0,0,0,0,0,0,1,0,0,0,0,5,2,1,1,1,0,0,1,0,0,0,2,0,2,0,1,1,5,0,3,1,5,5,0,0,1,0,0,1,0,0,2,0,0,2,1,1,3,1,0,3,0,0,1,0,0,1,0,1,2,0,0,2,2,2,3,1,0,3,1,2500,1e+10,0,0,0,0,0,0,2150,0,0,15,15,16,80,78,76,10,1e+06,2e+06,2e+07,2075,2100,25,24,23
"TRUE","PB6IXDlIQUz",5,30,20,15,15,10,3,20,15,11,13,8,1,10,5,7,10,4,10,30,20,15,12,30,8,28,15,12,9,28,2,12,8,6,5,11,10,30,33,1,3,33,8,50,44,5,7,41,6,20,17,5,9,23,3,20,24,5,33,25,2,10,12,4,25,20,1,5,6,3,15,10,5,30,25,20,33,35,3,28,20,15,22,33,7,20,15,10,11,22,25,30,30,10,15,20,25,30,30,10,15,20,25,30,30,10,15,21,50,3032,6e+07,0,1,0,1,2,1,2123,1,1,9,10,10,60,65,75,2024,1.4e+10,3e+10,1e+11,2040,2045,20,15,2
"TRUE","PHj4cdtWjbe",5,7,2,0.001,1e-04,0.001,10,15,7,0.01,0.001,0.01,30,30,30,0.1,2,2,30,5,10,0.01,0.1,0.1,40,7,12,0.01,0.1,0.1,50,10,15,0.1,1,1,0.001,0.1,1,0.1,0.1,0.1,1,2,4,5,5,5,3,10,10,1,3,3,0.001,0.001,0.001,0.001,0.001,0.001,10,10,10,0.01,0.01,0.01,10,15,15,1,1,1,1e-04,1e-04,1e-04,1e-04,1e-04,1e-04,0.001,0.001,0.001,1e-04,0.01,0.01,0.001,0.01,0.1,0.01,0.09,0.09,0.1,1,1,1e-04,0.001,0.001,2,5,5,0.001,0.01,0.01,10,20,20,0.01,1,1,2,12023,1.34e+08,100,50000,1e+05,1,3,5,2066,0.5,1,9,10,12,70,65,60,2050,5e+06,1e+07,1e+09,2080,2050,75,78,85
"TRUE","P35TgXdm2Lz",5,7,4,1,1,1,15,12,15,3,5,4,20,23,25,8,11,13,2,2,3,1,1,1,5,6,7,4,3,5,9,11,12,9,9,9,2,2,2,1,1,1,4,3,3,2,2,3,5,5,7,4,3,5,10,12,15,5,6,4,10,15,18,8,10,12,20,20,22,12,16,18,2,2,2,1,2,1,6,8,5,2,6,5,9,11,15,10,12,12,10,9,11,1,2,2,12,12,15,3,4,5,15,14,18,5,7,8,25,2085,1.4e+09,0,1,2,1,3,5,2045,20,25,10,12,15,82,80,78,2030,NA,NA,NA,2050,2045,70,72,75
"TRUE","PLUr38nfvsm",1,2,2,0,0,0,2,2,2,0,0,0,3,5,4,1,1,1,0.5,1,1,0,0.05,0.5,1,2,2,1,1,1,5,5,5,1,2,2,1,2,2,0.5,1,1,3,4,3,1,1.5,2,6,7,5,2,2,2,0.05,0.5,1,0.01,0.5,1,1.5,2,2,0.5,1,2,3,4,4,1,1.5,2.5,0.5,1,2,0.01,0.5,1,1,2,4,0.5,1,3,3,3,6,1,2,4,2,3,4,0.5,1,1,3,4,5,1,2,3,5,6,6,2,2.5,3,5,3000,5e+09,0,0,1,1,1,1,2035,5,5,9,10,10,73,73,65,2027,5e+09,1e+10,1.5e+10,NA,2027,15,13,13
"TRUE","P6fE2JvvrRM",0.5,1,5,0,0.1,3,1.5,3,10,0.2,0.2,6,3,7,25,0.75,0.5,10,1,0.5,3,0.2,0.1,2,4,2,9,0.5,0.3,6,8,4.5,18,1,1,10,0.01,1,10,0.001,0.5,6,0.5,5,20,0.01,2,12,2,10,30,1,4,20,5,7,15,0.5,0.25,12,10,12,30,2,1,24,25,18,45,5,2.5,36,1,2,10,0.1,0.2,2,5,5,20,0.6,0.4,6,10,10,25,1,0.8,12,3,2,8,0.5,0.5,10,10,4,15,2,4,15,25,10,25,10,8,30,10,3000,NA,1,2,5,1,2,3,2060,1,3,10,12,14,70,50,30,2039,5e+10,9e+10,2.5e+11,2065,2028,71,74,79
"TRUE","PCrsD4NtpMJ",0,0,0,0,0,0,15,5,10,0,0,0,30,8,25,0,1,2,0,0,0,0,0,0,5,2,3,0,0,0,10,4,6,0,1,2,0,0,0,0,0,0,0,0,0,0,0,0,0,0,0,0,0,0,0,1,2,0,0,0,5,6,10,0,2,5,15,14,20,0,5,15,2,5,6,2,5,7,10,25,30,8,20,25,30,50,60,25,40,50,2,5,6,2,5,7,10,25,30,8,20,25,30,50,60,25,40,50,25,7520,4e+10,0,0,1,0,5,20,2123,10,30,9,9,11,75,72,68,2048,4e+06,2e+06,2e+05,2075,2065,35,30,10
"TRUE","PHvfvu1xLgK",0.1,0.5,1,0.01,0.1,0.1,0.3,1,5,0.02,0.5,1,1,2,10,0.1,1,2,0.01,5e-04,0.1,0.001,1e-04,0.05,0.02,0.001,0.2,0.002,5e-04,0.1,0.05,0.002,1,0.005,0.001,0.5,0.5,2,1,0.1,1.5,1,1,5,3,0.2,3,2,2,10,5,0.5,6,5,0.5,0.05,1,0.2,0.02,0.1,1,0.1,2,0.5,0.05,0.5,2,0.2,5,1,0.1,1,0.001,1e-04,0.005,5e-04,1e-05,0.001,0.002,2e-04,0.008,0.001,5e-05,0.005,0.005,5e-04,0.01,0.002,1e-04,0.01,2,5,10,1,1,5,5,10,15,3,5,10,10,15,20,7,10,15,10,1e+05,1e+11,0,0,0,0,0,0,2100,5,10,9,9,10,70,70,69,2025,2e+07,4e+07,5e+07,2100,2050,72,73,75
"TRUE","PyBajWINknW",2,2,2,0,0,0,7,7,7,0.01,0.01,0.01,25,25,25,0.01,0.01,0.01,0.5,0.5,0.5,0,0,0,2,2,2,0.02,0.02,0.02,4,4,4,0.05,0.05,0.05,0.5,0.5,0.5,0.5,0.5,0.5,3,3,3,3,3,3,5,5,5,5,5,5,0.01,0.01,0.01,0,0,0,0.4,0.4,0.4,0.01,0.01,0.01,1,1,1,0.03,0.03,0.03,0.1,0.1,0.1,0.05,0.05,0.05,0.7,0.7,0.7,0.3,0.3,0.3,1,1,1,0.56,0.56,0.56,0.5,0.5,0.5,0.01,0.01,0.01,4,4,4,1,1,1,7,7,7,2,2,2,2.52,2900,1.18e+11,10,15,22,0.01,0.5,1,2200,4.42,17.68,9,10,11,78,80,82,2032,NA,NA,NA,2095,2080,65,60,45
"TRUE","Pew6tv2zzQO",1,1,2,1,1,2,1,2,4,1,2,4,1,3,6,1,3,6,2,2,3,1,1,4,2,2,4,1,1,5,2,2,4,1,1,6,1,1,2,1,1,2,1,1,3,1,1,3,1,1,5,1,1,6,1,1,5,1,1,4,1,1,5,1,1,5,1,1,10,1,1,10,1,1,6,1,1,6,1,1,7,1,1,7,1,1,10,1,1,10,2,2,20,1,1,15,2,2,30,1,1,20,2,2,40,1,1,30,0.5,NA,5e+11,0,0,0,0,0,0,2130,0,0,9,10,11,73,73,74,2025,1e+08,2e+08,5e+08,2026,2026,69,67,65
"TRUE","PGE1BT1KLfg",0,1,1,0,1,1,1,1,1,0,1,1,2,1,1,0,1,1,0,1,1,0,1,1,0,2,2,0,2,2,1,5,3,0,5,3,1,2,2,0,1,1,3,5,5,1,3,3,6,10,10,5,5,5,9,6,15,6,4,5,12,12,20,8,8,10,15,18,25,10,12,15,1,0,1,0,1,4,2,1,2,1,2,5,3,1,3,2,3,6,1,6,5,0,4,3,5,9,10,2,6,6,10,12,20,4,8,10,0.5,2500,5e+06,1,5,10,1,3,10,2030,0.1,1,6,10,25,30,45,60,2040,1e+07,5e+07,5e+09,2200,2050,5,10,20
"TRUE","PgrlzMGGNsW",0,0,0,0,0,0,0,0,0,0,0,0,10,10,10,0,0,0,0,0,0,0,0,0,5,5,5,0,0,0,15,15,15,0,0,0,0,0,0,0,0,0,0,0,0,0,2,2,0,5,5,0,5,5,0,0,0,0,0,0,0,0,0,0,0,0,10,10,10,0,0,0,0,0,0,0,0,0,0,0,0,0,0,0,5,10,10,0,5,5,5,5,5,0,5,5,7,10,10,5,5,5,10,15,15,10,10,10,10,2300,NA,0,0,0,0,0,0,2037,10,15,10,11,13,60,58.5,54,2030,1e+10,1.2e+10,1.5e+10,2046,2030,78,93,100
"TRUE","P3YGCAJPCFA",10,40,30,1,10,10,50,60,50,20,30,15,80,90,90,50,50,40,20,40,30,2,20,10,20,50,50,10,50,30,50,70,60,30,60,50,5,10,10,1,5,2,20,30,30,5,10,10,30,50,50,10,20,20,20,30,20,5,20,10,30,60,40,10,50,30,50,80,60,40,80,50,1,10,5,0,5,2,5,40,20,2,30,10,20,70,50,15,50,20,10,30,20,2,20,10,20,50,30,10,30,20,30,80,60,25,50,30,50,2200,320000,5,20,100,1,2,5,2050,10,30,11,20,50,78,70,60,2040,2e+06,1e+07,3e+07,2090,2050,30,40,50
"TRUE","PRwNoTEod8G",1,2,1,1,1,2,5,6,5,2,2,3,10,9,10,3,3,4,10,10,10,1,1,2,15,16,12,2,2,3,25,15,12,10,5,5,1,1,1,1,1,1,1,2,2,1,1,1,1,3,3,1,1,1,5,4,4,4,3,3,10,8,9,8,6,6,30,16,16,20,10,10,20,20,20,5,4,4,30,30,30,9,8,7,70,60,55,25,22,22,30,35,35,12,11,11,50,45,45,25,25,25,80,75,70,40,38,39,75,2055,1.2e+11,1,3,5,1,3,6,2065,1,10,9,9,9,79,62,40,2033,140,270,989,NA,2028,10,15,25
"TRUE","PVpsBfQGDx0",100,80,90,0,0,0,100,80,90,0,0,0,100,80,90,0,0,0,10,0,49,67,67,0,10,0,45,89,99,0,10,0,67,90,100,0,33,14,67,78,66,67,56,17,87,65,78,67,67,18,98,77,98,88,0,77,56,45,0,0,60,78,77,67,0,0,40,98,87,87,0,0,0,34,56,0,0,0,0,56,76,0,0,0,0,87,89,0,0,0,23,34,15,33,0,0,45,54,56,54,0,0,65,67,78,67,0,0,0,3100,NA,0,0,0,0,0,0,2090,0,0,10,12,15,50,70,90,2050,5.2,8.6,9.1,2100,NA,71,82,98
"TRUE","Pf1gY1yTK52",0.1,0.1,0.01,0,0,0,1,1,1,0.01,0.01,0.01,2,1.5,2,1.5,2,2,0,0,0,0,0,0,0,0,0,0,0,0,0,0,0,0,0,0,1,0.5,0.75,0,0.01,0.01,3,2,1.5,1,2,5,7,5,4,10,8,10,2,1,2,0,0,0,5,4,3,0.01,0.01,0.01,10,8,10,1,2,1,0,0,0,0,0,0,0,0,0,0,0,0,0.05,0.06,0.01,0,0,0,1,2,2,0.05,0,0,2,3,4,0.1,0.01,0.01,10,8,8,2,1,1,0.01,4500,1.5e+10,0,2,10,0,1,3,2023,5,20,10,13,20,63,61,50,2026,1e+08,4e+08,1e+09,2040,2024,75,78,85
"TRUE","PaSR5AiUZfQ",30,25,50,10,25,30,40,35,55,30,35,40,45,40,35,45,40,45,30,20,25,15,10,12,45,35,35,30,15,20,55,45,40,45,30,35,25,15,18,21,22,21,45,20,21,23,24,24,55,25,24,27,27,27,15,10,15,10,5,20,25,20,20,15,10,30,35,30,25,20,15,40,40,20,15,10,5,10,30,30,20,20,10,20,20,40,25,30,15,30,5,10,15,5,10,15,10,15,20,10,15,20,15,20,25,15,20,25,75,2100,7e+09,0,1,2,2,4,6,2060,5,7,4,6,8,2,4,6,2080,1e+06,1e+06,1e+06,2055,2025,25,20,15
"TRUE","PDsY8FABQWU",0.1,0.01,0.1,1e-06,1e-04,1e-04,1,0.5,1,1e-05,0.001,0.001,3,2,5,1e-04,0.01,0.01,1e-04,1e-04,1e-07,1e-09,1e-08,1e-07,0.001,0.001,1e-05,1e-08,1e-06,1e-05,0.01,0.01,1e-04,1e-07,1e-04,0.001,0,1e-11,1e-08,0,0,0,0,1e-10,1e-07,0,1e-11,1e-06,0,1e-09,1e-06,0,1e-10,1e-04,0.1,0.01,0.1,1e-06,1e-05,1e-04,1,0.1,2,0.01,0.001,0.001,3,1,5,0.1,0.1,0.01,1e-04,0.001,1e-04,1e-06,1e-07,0.001,1e-04,0.01,0.001,1e-05,1e-05,0.001,1e-04,0.1,0.01,1e-04,1e-05,0.01,0.02,0.1,0.1,0.002,0.001,0.01,2,5,4,0.02,0.01,0.1,5,10,8,0.2,0.1,1,15,2900,1e+13,0,0,0,1,5,15,2055,1e-05,0.001,8,9,14,79,81,80,2026,2e+08,1e+11,1e+12,2045,2024,75,65,45
"TRUE","PTiazmklLak",5,30,15,1,25,3,7,40,20,2,30,5,14,50,30,4,35,10,7,60,30,2,10,8,10,50,30,3,12,15,15,40,22,5,20,25,1,10,5,1,5,4,2,25,10,2,7,6,5,35,20,3,12,15,40,50,45,5,7,6,30,50,40,3,5,4,20,50,35,1,3,2,0.5,7,2,0.3,5,3,0.5,7,2,0.3,5,3,0.5,7,2,0.3,5,3,5,15,10,1,10,5,5,15,10,1,15,7,5,15,10,1,20,9,6,2500,5e+12,0.5,1,1,1,2,2,2075,30,25,10,15,30,78,80,82,2025,8,80,80,2035,2042,65,50,10
"TRUE","P6Z9fR2owYS",2,1,5,1,1,1,10,10,10,1,2,5,10,15,15,5,5,5,5,6,5,0.05,0.05,0.05,10,10,7,1,2,1,10,12,10,1,2,1,0.01,0.02,0.01,0.01,0.01,0.01,0.5,1,1,0.5,0.75,0.5,5,5,5,2,3,5,1,2,2,0.05,0.05,0.05,3,5,4,1,1,1,10,15,10,1,1,1,0.01,0.02,0.01,0.01,0.01,0.01,0.02,0.02,0.02,0.01,0.01,0.02,0.03,0.03,0.05,0.03,0.03,0.09,0.1,0.15,0.2,0.01,0.1,0.1,0.5,1,1,0.25,0.75,1,3,5,10,2,4,7,5,2150,2e+10,0,0,1,0.01,0.1,0.5,2090,0.01,0.01,9,9,9,70,75,80,2030,1.5e+07,2.5e+07,5.7e+07,2090,2035,70,65,60
"TRUE","PsdrRhvb1Du",5,5,10,0,0,0,10,10,10,0,0,0,15,15,15,1,1,1,5,10,10,0,0,0,10,10,10,0,0,0,10,15,10,2,2,5,0,0,0,0,0,0,0,2,0,0,0,0,0,5,5,2,5,2,0,2,5,0,0,0,5,7,5,0,5,5,5,7,10,5,7,10,0,0,0,0,0,0,20,30,50,0,10,5,50,75,80,50,50,70,0,0,0,0,0,0,15,25,30,0,0,0,50,65,75,25,30,50,50,3500,1e+10,0,2,5,0,0,2,2040,0,0,10,15,15,65,60,55,2050,3e+12,4e+12,1e+13,2035,2023,30,35,40
"TRUE","PW6MZDSGgUt",1,0,2,0,0,0,1,5,3,0,1,1,1,15,5,0,1,1,1,1,2,0,1,1,1,1,3,0,1,1,1,1,5,1,0,1,0,0,0,0,1,1,0,1,0,0,1,1,0,1,0,0,1,1,1,5,1,0,0,0,5,10,5,1,2,1,10,15,10,1,3,1,0,0,0,0,0,0,1,1,1,0,0,0,1,1,1,0,0,0,0,1,0,0,0,0,2,5,2,1,1,1,5,7,5,1,1,1,NA,3000,1e+10,0,0,0,15,15,15,1e+210,50000,60000,10,10,10,90,92,95,2050,1.2e+07,1.5e+07,2.5e+07,2072,2040,70,77,84
"TRUE","PKJhah3ZSvo",1,10,10,0,0,0,2,20,15,0,0,0,20,50,20,1,5,5,0,0.5,0.5,0,0.5,0.5,0.5,1,1,0,1,0.5,1,1.5,1.5,0.5,1.5,0.5,0,1,1,0,1,1,1,5,5,1,5,5,3,5,10,3,5,10,0.01,0.03,0.01,0.01,0.03,0.01,0.01,0.05,0.03,0.01,0.05,0.03,0.01,0.01,0.05,0.01,0.01,0.05,0,0.01,0.01,0,0.01,0.01,0.01,0.05,0.05,0.01,0.05,0.05,0.05,1,1,0.05,1,1,0.5,0.5,0.5,0.5,0.5,0.5,1,10,1,1,10,1,1,20,1,5,20,1,5,2200,NA,0.01,0.01,0.05,0.01,0.01,0.02,2070,0.01,0.05,9,9,9,69,70,70,2050,1e+09,3.5e+10,1e+12,2050,2050,70,70,70
"TRUE","PHxVhbKhqvm",1e-04,2,6e-04,3e-05,0.001,1e-06,1e-04,5,0.003,1e-05,0.002,5e-06,0.001,10,0.01,1e-04,0.003,2,0.06,0.001,0.5,1e-05,1e-05,2,0.05,0.05,3,1e-05,1e-05,5,0.1,0.1,5,1e-04,1e-05,0.05,0.1,1,1,0.005,1,0.05,0.5,3,3,0.05,3,0.1,1,5,5,0.1,5,5,1,1,1,1e-04,0.3,5e-04,1,1,1,1e-04,0.5,5e-04,1,1,10,0.1,1,0.03,1e-04,0.09,0.09,1e-04,0.09,0.09,1e-04,0.09,0.09,1e-04,0.09,0.09,0.007,0.56,0.56,0.001,0.56,0.56,0.5,5,1,0.005,5,0.05,1,10,2,0.05,10,0.5,5,19,5,0.5,19,1.5,1,12500,NA,0,0,1,0,0,0,1e+210,0.1,0.5,10,10,11,78,76,68,2030,3.5e+07,1e+09,2e+10,1e+210,2035,26,24,22
"TRUE","PuoPDCDeM96",1,3,5,1,3,5,5,7,10,5,7,10,10,12,15,10,12,15,5,7,10,1,3,4,7,10,13,2,5,7,10,14,15,5,7,9,1,3,5,0,1,2,5,5,8,1,3,4,8,10,12,3,5,5,5,5,5,1,5,5,10,15,20,3,10,20,20,25,25,5,20,25,1,0.9,1,1,0.9,1,1.5,0.95,1,1.5,0.95,1,2,1,1.5,2,1,1.5,1,5,5,0.5,1,1,5,10,10,1,5,5,10,20,20,5,15,15,10,2200,1e+10,0,0,1,0,0,1,2070,1,5,5,6,8,75,70,66,2040,1e+07,1.5e+07,3e+07,2100,2030,70,72,80
"TRUE","Peo00AHtfnx",5,6,3,1,1,1,15,17,10,1,1,1,30,35,20,2,2,1,5,6,3,1,1,1,15,17,10,1,1,1,30,35,20,1,1,1,2,3,2,1,1,1,7,7,5,2,2,2,15,15,12,3,3,3,1,1,1,0.05,0.05,0.05,3,3,2,0.1,0.1,0.1,5,5,4,0.3,0.3,0.2,0.4,0.5,0.3,0.04,0.05,0.03,0.4,0.5,0.3,0.04,0.05,0.03,0.4,0.5,0.3,0.04,0.05,0.03,1,1,2,1,1,1,3,3,5,2,2,3,9,9,16,6,6,12,9,3022,3.5e+10,0,0,1,0,0,1,2055,1,7,9,9,13,69,79,63,2035,NA,NA,NA,2048,2045,75,50,20
"TRUE","P3zF3dhA0pL",2,5,3,1,2,1,3,2,5,5,3,8,2,3,4,4,4,5,10,13,15,0,2,4,15,17,15,1,3,7,21,20,25,2,5,10,0,1,3,0,3,5,2,3,5,0,5,6,5,6,8,2,5,5,12,13,14,5,8,8,10,11,17,3,5,4,2,10,20,0,5,7,1,2,3,0,0,1,2,5,5,0,2,2,3,5,8,1,2,3,12,10,9,0,1,2,10,8,10,1,2,2,6,7,6,2,3,5,1,2350,4e+09,0,0,2,0,0,0,2042,1,0,9,11,8,60,58,52,2029,2e+08,1.5e+09,5e+12,2045,2040,60,40,55
"TRUE","P5NJDrEZ8eh",10,5,5,1,0.5,0.2,25,15,10,5,1,0.5,30,35,15,10,3,1,10,12,15,0.1,0.3,0.7,30,26,35,0.5,0.9,1,67,53,60,2,4,7,3,2,1,0.1,1,0.8,7,5,3,0.2,1.6,1.4,10,10,5,0.3,5,2.2,19,17,20,1.5,0.25,0.1,30,35,43,4.3,0.9,0.7,55,45,50,8,5,3.7,1.5,0.09,0.06,0.5,0.04,0.07,5,0.14,0.08,0.9,0.5,0.16,10,0.57,0.68,2,3,1.7,5,6,10,0.5,2,5,7,9,22,1.7,6,9,10,17,30,6,14,15,7,12023,1.4e+12,0,2,5,5,8,13,2050,1,8,10,15,30,77,82,65,2100,1.5e+07,6.5e+07,1e+08,2152,2033,8,6,4
"TRUE","PFXnBLumyjq",5,2,5,1,1,1,15,8,15,2,2,2,25,12,25,5,5,5,8,5,8,2,1,2,18,10,18,4,2,4,28,15,28,6,3,6,0,0,0,0,0,0,2,1,2,1,0,1,5,2,5,2,2,2,5,2,5,2,1,2,15,8,15,5,2,5,25,12,25,10,5,10,2,1,2,1,0,1,5,2,5,2,1,2,10,5,10,5,2,5,5,2,5,2,1,2,10,8,10,8,2,8,25,12,25,12,5,12,NA,2200,NA,1,3,5,0,1,2,2040,2,5,15,25,50,80,85,90,2070,15,25,50,2080,2030,75,80,90
"TRUE","PKMwhAnjQsT",0,0,0,0,0,0,1,3,10,0,0,0,1,6,17,0,1,1,1,1,2,0,0,0,4,6,2,0,5,0,7,11,5,1,9,1,0,0,1,0,0,0,2,4,3,2,0,0,6,5,6,3,0,3,0,5,0,0,0,0,0,5,3,0,2,6,4,9,8,4,4,7,0,1,3,0,0,0,2,2,7,0,0,0,3,3,11,0,2,6,0,2,1,0,0,1,1,3,1,0,1,2,2,5,5,0,1,3,7,16500,1300000,10,15,20,19,25,50,2045,1,5,9,9,9,90,80,70,0,1e+08,5e+09,1e+10,2099,2025,70,70,70
"TRUE","PasNngiWtLm",5,20,25,1,18,20,15,30,30,3,25,25,30,35,40,5,30,30,5,35,35,3,20,20,4,30,30,2,15,10,2,15,15,1,5,5,20,40,40,5,25,30,35,50,55,7,30,35,35,55,60,8,35,40,10,15,15,15,5,15,20,20,20,25,10,25,30,30,30,35,15,35,10,10,10,10,7,10,10,20,20,5,7,5,10,30,30,5,5,5,5,45,35,4,30,30,5,55,40,4,20,20,5,45,35,3,20,20,20,2150,3e+10,2,4,6,1,2,4,2040,10,15,9,10,14,75,72,55,2050,5e+09,1.5e+10,5e+10,2052,2025,70,65,50
"TRUE","PzmJiBaqEpr",0,0,0,0,0,0,5,8,2,0,1,0,15,15,10,0,3,0,2,5,5,0,5,0,10,20,10,0,20,0,25,35,30,0,35,0,0,0,0,0,0,0,0,0,0,0,0,0,0,0,0,0,0,0,2,10,5,0,0,0,20,30,25,0,0,0,35,55,30,2,10,0,20,30,20,0,5,0,20,30,20,0,5,5,40,45,40,20,25,30,35,50,40,20,50,20,35,50,45,20,50,20,45,50,55,20,50,25,20,5050,1.5e+08,0,0,0,0,0,0,2050,0,0,7,10,15,75,80,70,2045,1e+06,1.5e+07,5e+07,2030,2025,0,0,0
"TRUE","PunAPhXnhzX",5,1,10,0,0,0,10,10,20,0,0,2,10,10,20,0,1,5,0,0,0,0,0,2,2,2,2,0,5,10,10,25,25,0,10,20,0,0,5,0,0,2,0,2,10,0,2,1,1,10,25,1,10,5,2,2,5,0,0,0,0,5,10,0,5,5,0,5,10,0,10,10,1,1,2,0,1,1,5,5,10,0,5,2.5,5,10,20,0,10,5,1,1,2,0,1,1,2.5,5,10,0,5,2.5,5,10,20,0,10,5,2,3000,2e+11,0,1,0,0,1,1,2037,1,5,8,10,3,64,60,50,12.5,3e+23,3e+24,3e+25,2130,2035,45,50,60
"TRUE","PiieEEHACyW",1,1,1,0,0,0,1,2,2,0,0,0,2,3,3,0,1,1,0.5,0.5,0.5,0,0,0,1,1,0.5,0,0,0,1,1,0.5,0.1,0.1,0.1,0.2,1,1,0,0,0,0.5,2,2,0,0,0,1,5,3,0,0.1,0.1,5,3,3,0,0,0,10,5,5,0.2,0.2,0.2,12,7,7,0.5,0.5,0.3,4,3,2,0.5,0.5,0.5,6,4,3,0.8,1,1,8,5,4,1,1.5,1.5,8,7,7,0,0.1,0.1,10,9,9,0.1,0.2,0.2,12,11,11,0.2,0.3,0.3,0.1,2523,2.5e+10,0,0,1,0,0,1,2060,50,60,9,10,11,80,78,76,2030,45,55,100,2100,2032,34,32,28
"TRUE","PiQOLKNb5mQ",5,5,5,0,0,0,10,15,10,0,0,1,15,20,15,1,2,2,10,5,5,0,0,0,15,10,10,1,1,2,20,15,15,5,5,5,0,0,0,0,0,0,0,0,0,0,0,0,1,1,1,1,1,1,5,5,5,2,5,2,7,7,7,5,6,5,8,8,8,7,7,7,1,1,1,1,1,1,2,2,3,3,3,3,8,7,8,5,5,5,10,10,10,10,10,10,15,15,15,12,12,12,17,18,17,15,15,15,20,2150,1e+07,1,1,2,0,0,1,2100,2,5,9,9,9,70,60,55,NA,2e+11,3e+11,5e+11,2150,2050,65,70,70
"TRUE","PAuUS3lBNMO",5,10,10,0,0,0,10,15,10,0.1,10,10,1.5,10,10,1,2,2,1,0,0,0,0,0,7,5,5,0,0.001,0,0.5,60,0.1,0.1,0.05,1e-04,0,0,0,0,0,0,1,5,0.01,2,5,5,15,10,5,10,5,5,15,30,5,5,10,5,10,10,10,10,10,1,0.5,1,0.03,0.5,0.03,0.005,0,0,0,0,0,0,0,0,0,0,0,0,1,0.005,0.002,0.001,0.09,0.09,0,0,0,1,0,1,2,0,0,2,5,2,5,10,19,10,19,19,60,2150,2e+08,1,5,8,1,3,5,2035,0,0.5,5,8,10,75,60,65,2025,15,40,30,2047,2030,75,80,95
"TRUE","PlgCzUyw8oU",5,2,0,0,0,0,10,5,0,0,0,0,20,7,0,0,0,0,5,5,7,0,0,0,5,7,8,0,0,0,5,10,10,0,0,0,0,5,3,0,0,0,10,10,5,0,0,0,20,15,10,0,0,0,25,15,10,20,10,5,30,20,15,25,15,10,35,25,20,30,20,15,5,20,20,3,15,15,10,25,30,7,20,30,15,30,40,10,25,40,10,15,15,2,10,10,15,20,20,5,15,15,20,25,25,20,20,20,NA,2200,1.4e+10,0,2,5,0,0,1,2100,20,15,9,9,9,68,60,55,2030,3.5e+08,5e+08,8e+08,2090,2026,30,40,50
"TRUE","PQ9ZPt9EVhG",5,3,2,13,5,3,10,5,4,15,10,13,15,10,9,20,15,18,10,8,32,5,3,1,20,16,44,7,4,2,15,37,47,9,5,3,3,1,0.5,3,2.2,5,13,2,1,14,4,5.1,29,2.4,1.5,16,4.2,18,25,33,11,45,26,50,45,26,12,35,40,34,36,18,5,22,22,15,0.5,0.1,1.3,0.3,0.7,NA,1,1.1,2.4,1.4,1.5,NA,1.5,3,5,1.7,1.4,NA,27,20,3,5,2,1,34,22,7,18,4,3,17,11,11,22,6,5,22,2089,3e+09,5,6,11,1,3,5,2050,36,46,19,22,39,78,66,45,2050,1e+07,2e+07,5e+07,2040,2068,77,79,86
"TRUE","P6aHFJzXWeD",1,1,1,0.01,0.01,0.01,2,2,2,0.03,0.05,0.05,5,5,3,0.5,1,1,1,1,1,0.01,0.01,0.01,2,2,2,0.02,0.04,0.04,3,3,3,0.04,0.1,0.1,0.1,0.1,0.1,0.01,0.01,0.01,0.2,0.2,0.2,0.02,0.02,0.02,0.2,0.2,0.2,0.02,0.02,0.02,5,4,3,1,1,1,7,5,5,1,1,1,10,8,10,1,1,1,0.1,0.1,0.1,0.01,0.01,0.01,0.1,0.1,0.1,0.01,0.01,0.01,0.1,0.1,0.1,0.01,0.01,0.01,7,6,5,1,1,1,10,9,9,1,1,1,30,16,16,1.5,1,1,25,2500,1e+11,0,1,2,0,0,1,2080,10,25,10,8,8,80,80,75,2030,5e+07,1e+09,1e+11,NA,2030,70,60,40
"TRUE","Pp8htGBZ42V",0.5,0.005,0.08,0.02,0.00015,0.002,1,0.2,0.4,0.05,2e-04,0.005,2,0.5,1.5,0.1,3e-04,0.01,0.8,0.05,0.06,0.05,0.001,0.003,2,0.4,0.5,0.08,0.002,0.006,4,1,2,0.5,0.003,0.02,2,0.1,0.5,1,0.05,0.5,4,0.4,1.5,2,0.1,0.8,6,0.9,3,3,0.4,1.4,5,1,2,1.5,0.08,0.6,6,3,4,2,0.1,1,10,5,8,4,0.6,2,3,0.4,0.8,0.7,0.005,0.008,4,0.5,1,0.8,0.008,0.01,5,0.8,1.5,1,0.01,0.1,7,2,4,1,0.3,0.5,10,4,6,2,0.5,0.7,15,7,10,3,0.9,1,2e-06,3000,1.26e+10,1,2,5,5e-04,0.05,0.5,2080,5,10,10,12,15,75,73,70,2053,4600000,6e+07,1e+08,2099,2100,15,20,25
"TRUE","P7hGbwnLdGN",2,2,20,0,0,10,5,5,40,0,0,10,30,35,80,1,1,20,1,0.001,5,0,0.001,1,2,0.5,10,0,0.001,2,8,9,30,0.005,0.005,5,0.9,0,3,0.6,0.001,2,1.5,0.5,9,0.9,0.5,4,3,5,15,5,1.5,5,3,5,7,0.001,0.001,2,4,6,10,0.002,0.002,8,15,10,25,0.5,10,20,5e-05,1e-04,0.005,3e-05,1e-05,0.005,5e-05,3e-04,0.06,3e-05,1e-04,0.06,3,3e-04,0.08,0.9,1e-06,0.08,0.9,0.009,0.008,9e-04,9e-08,1e-04,2,0.05,0.008,0.003,5e-05,0.1,3,2,5,0.09,9e-04,2,3,2350,1.1e+10,0,0,2,0,0,0,2150,5,7,9,11,20,64,68,73,2050,9200000,18400000,36800000,NA,2033,58,65,80
"TRUE","PaVBc56tB6K",10,1,0.5,0,0.5,0.5,20,2,1,0,1,1,30,5,2,2,2,2,1,1,1,0,10,1,2,2,2,0,20,2,5,5,5,1,60,4,0,1,2,0,0,1,5,4,6,3,1,2,10,8,10,5,2,3,5,0.2,0.2,0,0.2,0.2,10,0.3,0.3,0,0.3,0.3,30,0.5,0.5,1,1,1,0,0.1,0.2,0,0.2,0.5,0,0.2,0.5,0,0.5,0.7,0,0.56,0.9,0,0.9,0.9,2,3,0,2,5,5,4,6,1,5,10,10,6,12,2,7,16,15,10,2150,4e+09,0,5,20,0,20,100,NA,1,5,30,80,120,75,65,50,2030,NA,NA,NA,2105,2040,50,70,100
"TRUE","PiX09hmMLu5",2,1,1,0,0,0,5,3,4,0,0,0,10,7,9,1,1,1,1,1,1,0,0,0,2,3,2,0,0,0,5,6,5,0,0,0,0,0,0,0,0,0,0,0,0,0,0,0,0,0,0,0,0,0,10,5,5,10,10,10,10,7,12,12,5,6,50,10,10,3,2,2,0,0,0,0,0,0,1,1,3,2,1,1,2,2,4,4,2,1,0,0,0,0,0,0,5,5,4,2,1,1,7,3,3,3,2,1,NA,3000,1e+10,0,0,0,1,1,1,2040,5,6,4,5,5,80,78,70,2040,5e+08,1e+09,1.5e+09,2070,2030,2,4,5
"TRUE","PI1ighZQeKQ",13,18,7,2,5,3,20,25,10,10,12,8,35,40,15,18,17,12,3,10,2,1,4,1,15,25,7,3,9,2,25,45,10,5,17,5,3,9,2,2,5,1,8,18,5,7,18,4,22,30,9,13,26,10,15,20,10,10,25,5,25,35,15,13,35,12,40,50,30,25,45,18,4,9,2,5,8,1,9,15,7,8,12,4,16,24,11,13,18,9,15,20,8,5,7,4,23,35,14,11,16,9,33,45,20,18,25,12,2100,2300,1.5e+09,1,5,10,1,3,20,2030,5,35,9,15,50,65,50,20,2025,150000,3e+05,550000,2110,2025,10,25,80
"TRUE","PomJVPUeanA",10,10,10,1,5,5,20,15,15,2,5,5,40,20,20,5,5,5,10,10,10,5,5,NA,15,15,15,5,5,NA,20,20,20,5,5,NA,10,10,10,5,5,5,20,20,20,5,5,5,30,30,30,5,5,5,10,10,10,5,5,5,10,15,10,5,5,5,10,20,10,5,5,5,1,1,1,1,1,1,2,2,2,2,2,2,5,5,5,5,5,5,30,30,30,5,5,5,40,40,40,5,5,5,50,50,50,5,5,5,50,10,1e+09,1,2,3,1,2,3,2100,10,20,13,16,20,60,50,40,2025,1e+09,1.5e+09,2e+09,2089,2033,10,10,10
"TRUE","PMwPHSHdDSj",1,0,5,0,1,5,5,5,10,0,5,10,8,15,20,0,5,20,1,0,5,0,0,2,1,0,10,0,0,5,2,5,15,0,2,10,0,1,1,0,0,1,0,1,5,0,1,1,5,5,10,1,1,10,2,1,2,1,1,2,5,5,10,1,1,2,15,25,30,1,1,5,0,1,1,0,0,1,1,2,2,0,1,2,1,2,3,0,2,2,1,1,1,1,1,1,1,5,10,1,1,2,2,10,15,1,5,5,5,4000,2e+10,0,1,2,0,2,10,1e+210,1,1,10,10,12,75,73,70,2050,2e+10,2e+11,2e+13,2090,2050,65,60,35
"TRUE","Pdi3wrrFJFh",5,0,10,0,0,5,20,5,30,0,0,15,75,95,60,0,0,80,0,0,10,0,0,5,0,0,20,0,0,10,0,0,70,0,0,85,5,5,20,0,0,5,10,10,30,0,0,10,85,85,50,0,0,85,5,10,25,0,0,5,10,10,25,0,0,5,85,80,50,0,0,90,0,0,10,0,0,20,10,10,20,0,0,25,90,90,70,0,0,55,5,0,30,0,0,30,10,5,35,0,0,35,85,95,35,0,0,35,50,2500,3.6e+10,1,3,10,2,6,20,2055,60,40,12,15,30,73,75,81,2026,5700000,1e+07,2e+07,2088,150,88,92,100
"TRUE","PIXDKZcntTB",5,10,15,2,4,8,10,20,30,4,8,16,40,50,60,10,20,35,40,30,25,20,15,20,50,40,35,30,20,30,65,50,45,40,25,40,30,25,20,25,20,15,40,35,25,30,25,20,50,40,35,35,30,22,20,25,20,20,25,30,30,35,25,25,30,40,60,45,40,40,35,45,10,15,20,15,20,25,12,20,30,20,25,30,13,25,40,25,30,50,50,40,30,60,50,40,65,50,40,65,60,50,75,55,50,70,65,55,50,2065,NA,0,0,1,0,1,3,2040,10,15,10,10,12,56,60,50,2038,1,1.5,2,2045,2033,40,50,75
"TRUE","Pr3D5FOEN06",0.02,0.02,0.5,0,0,0,0.2,0.2,1,0,0,0,0.3,0.25,2,0,0,0,0,1,1,0,0.01,0.01,0,2,2,0,0.03,0.03,0,4,4,0,0.05,0.05,0,0.05,0.05,0,0.02,0.1,0,1,1,0,0.5,1,0.01,3,3,0,4,4,1,1,1,0,0,0,2,2,2,0.05,0,0,4,4,3,1,0.02,0.02,0.01,0.02,0.1,0,0.01,0.01,0.05,0.03,0.3,0.01,0.05,0.05,0.5,0.5,0.6,0.05,0.3,0.4,0.01,2,2,0,0.01,0.01,0.05,3,3,0.01,0.1,0.1,5,6,6,1,2,2,1,10000,1e+24,5,15,25,0,1,3,2035,5,10,9,10,20,79,82,84,2040,5e+07,2e+11,5e+12,2100,2150,75,85,95
"TRUE","PBiOmr6d31j",0,0,0,0,0,0,1,2,1,0,0,0,2,3,3,0,0,0,1,1,1,0,0,0,2,2,2,0,0,0,6,6,6,0,0,0,0,0,0,0,0,0,0,1,2,0,1,2,0,3,4,0,3,4,5,5,10,3,4,5,10,10,15,5,8,10,20,20,20,8,10,15,0,0,0,0,0,0,0,0,0,0,0,0,0,0,0,0,0,0,2,3,4,1,2,3,4,6,8,2,4,6,8,12,16,4,8,12,6,NA,1.4e+12,0,0,1,1,3,9,2039,1,2,9,9,10,70,70,70,9,1e+10,6e+10,1.5e+11,2074,2090,73,70,65
"TRUE","P9I4zLB6dWB",10,1,2,0.1,0.01,0.01,15,5,4,0.5,0.1,1,20,10,5,2,2,1,5,2,2,5,2,0.5,10,2,5,2,1,0.05,25,5,10,0.5,0.05,0.01,0.001,0.05,0.05,0.001,0.001,0.05,5,4,10,5,5,2,15,10,25,15,10,10,5,1,2,5,0.001,0.01,10,5,5,15,0.01,0.5,30,10,10,50,0.03,1,0.1,0.01,0.1,0.01,0.001,0.25,0.25,0.05,0.3,0.01,0.005,0.5,0.5,0.09,0.6,0.01,0.009,1,0.5,4,1,0.01,2,0.09,1,10,2,0.5,5,1,2,20,4,1,10,2,5,5000100,1e+10,0,0,0,0,0,1,2040,100,100,10,12,15,80,80,70,2050,2e+10,2e+11,5e+09,2080,2150,65,50,40
"TRUE","PcwIEA0Nm2k",1e-04,1e-04,1e-04,1e-04,1e-04,1e-04,1e-04,1e-04,1e-04,1e-04,1e-04,1e-04,1e-04,1e-04,1e-04,1e-04,1e-04,1e-04,1e-04,1e-04,1e-04,1e-04,1e-04,1e-04,1e-04,1e-04,1e-04,1e-04,1e-04,1e-04,2e-04,2e-04,2e-04,1e-04,1e-04,1e-04,1e-04,1e-04,1e-04,1e-04,1e-04,1e-04,1e-04,1e-04,1e-04,1e-04,1e-04,1e-04,1e-04,1e-04,1e-04,1e-04,1e-04,1e-04,1e-04,1e-04,1e-04,1e-04,1e-04,1e-04,2e-04,2e-04,2e-04,1e-04,1e-04,1e-04,2e-04,2e-04,2e-04,1e-04,1e-04,1e-04,1e-05,1e-05,1e-05,1e-05,1e-05,1e-05,1e-05,1e-05,1e-05,1e-05,1e-05,1e-05,1e-05,1e-05,1e-05,1e-05,1e-05,1e-05,1e-05,1e-05,1e-05,1e-05,1e-05,1e-05,1e-05,1e-05,1e-05,1e-05,1e-05,1e-05,1e-05,1e-05,1e-05,1e-05,1e-05,1e-05,1e-05,6500,1e+14,0,0,1,0,1,1,2050,0.001,0.001,9,9,8,77,78,79,2034,NA,NA,NA,2100,2026,52,45,35
"TRUE","Ph7hgeAcKeJ",5e-06,1e-04,6e-04,1e-10,1e-09,1e-09,1e-05,0.0015,0.00067,1.5e-10,1.5e-09,1.5e-09,2e-04,0.05,7e-04,2e-10,2e-09,2e-09,1e-07,1e-04,0.005,1e-08,5e-04,5e-05,1e-06,2e-04,0.0055,2e-06,0.005,5e-04,2e-06,0.001,0.01,2e-05,0.05,0.001,5e-08,0.5,0.05,5e-10,0.005,0.001,1e-07,2.5,5,5e-09,1,1,5e-06,7,10,1e-08,5,5,0.1,0.001,0.01,0.001,1e-04,1e-04,1,0.006,0.005,0.01,6e-04,5e-04,3,0.01,1e-04,0.03,1e-04,1e-05,1e-05,0.002,0.005,1e-07,2e-04,5e-04,1e-04,0.008,0.01,1e-05,0.004,0.08,0.001,0.01,3,1e-04,0.005,0.8,0.9,2,0.1,0.09,1,0.01,1.5,7,5,0.15,5,2,3,13,10,1,7,6,5,1e+05,1e+13,0,0,0,0,1,1,2100,1,1.5,9,10,11,80,81,82,2030,4e+07,1e+08,5e+08,2350,2150,56,57,57
"TRUE","P8gjHjJrKpp",0.02,0.05,0.05,1e-04,1e-04,1e-05,0.05,0.055,0.02,0.03,0.05,0.05,0.07,0.06,0.05,0.06,0.004,4e-04,0.02,0.02,0.02,0.01,0.01,0.01,0.03,0.03,0.03,0.02,0.02,0.02,0.05,0.054,0.04,0.05,0.045,0.045,0.1,0.1,0.1,0.001,0.001,0.001,0.15,0.15,0.15,0.15,0.25,0.15,0.2,0.2,0.2,0.05,0.05,0.05,0.1,0.1,0.1,0.01,0.01,0.01,0.15,0.15,0.15,0.15,0.02,0.02,0.2,0.25,0.2,0.03,0.03,0.03,0.01,0.01,0.01,0.01,0.01,0.014,0.02,0.02,0.02,0.02,0.02,0.002,0.03,0.02,0.02,0.02,0.02,0.02,0.01,0.01,0.01,0.01,0.01,0.01,0.01,0.01,0.01,0.02,0.012,0.02,0.02,0.02,0.02,0.02,0.02,0.02,1,10000,3.6e+10,0,1,3,0,0,0,2060,0.02,0.15,0,0,1,77,75,72,2040,2.5e+10,4e+10,1e+11,2042,2060,60,40,25
"TRUE","PWgMpkTCwaB",1,1,1,NA,NA,NA,5,5,5,NA,NA,NA,10,10,10,NA,NA,NA,1,5,5,NA,NA,NA,2,5,5,NA,NA,NA,4,5,5,NA,NA,NA,5,5,5,NA,NA,NA,5,10,5,NA,NA,NA,5,10,10,NA,NA,NA,1,1,1,NA,NA,NA,5,1,1,NA,NA,NA,10,10,10,NA,NA,NA,0.09,0.09,0.09,0.09,NA,NA,0.09,0.09,0.09,0.09,NA,NA,0.56,0.56,0.56,0.56,NA,NA,1,1,1,1,1,1,10,19,19,19,19,19,19,19,19,19,19,19,5,4120,5e+08,0,5e+05,1e+06,20000,5e+05,1e+06,2054,0,1,0,0,1,78,85,95,2025,10,200,400,2060,NA,70,70,75
"TRUE","PumzVqun6if",3,5,7,5,4,10,6,10,3,10,9,12,10,12,5,17,20,16,5,7,10,10,20,10,10,10,15,21,30,24,18,20,22,25,45,30,2,3,4,10,2,3,5,5,10,15,7,6,10,10,15,17,10,9,20,25,30,25,20,10,35,35,45,30,30,25,45,50,60,45,40,37,3,5,10,4,1,2,15,15,18,6,8,5,19,25,30,10,13,9,20,25,30,2,2,2,45,50,50,5,5,5,60,80,78,7,8,7,60,2100,2e+07,5,10,20,3,7,10,2030,90,100,4,6,15,15,22,27,2035,1e+10,5e+10,1e+12,2027,2025,15,20,30
"TRUE","PxeyxatD502",5,7,10,0.01,0.02,0.01,15,13,15,0.5,0.5,0.5,35,30,25,1,0.8,2,5,6,5,0.01,0.01,0.1,8,10,10,0.02,0.03,0.4,25,25,15,0.5,0.6,0.9,0.003,0.001,0.001,0.001,0.001,0.003,0.005,0.002,0.001,0.002,0.002,0.004,0.09,0.005,0.003,0.0033,0.002,0.005,0.1,0.1,0.1,0.1,0.1,0.1,0.5,0.5,0.5,0.5,0.5,0.5,0.6,0.6,0.6,0.6,0.6,0.6,1,1,1,1,1,1,2,2,2,2,2,2,2,2,2,2,2,2,2,2,3,2,2,3,4,4,4,4,4,4,4,4,4,4,4,4,NA,4000,1e+10,0,0,1,0,0,2,2040,0.3,0.5,10,11,13,75,76,77,2026,2e+08,9e+08,2e+09,2070,2029,71,75,76
"TRUE","Pd1zz9vnNmO",0,0,0,0,0,0,1,1,1,0,0,0,5,10,10,0,3,3,0,5,5,0,0,0,1,10,10,0,0,0,5,15,15,0,0.001,0.001,0,0,0,0,0,0,0,1,1,0,4,4,0.1,5,5,0,10,10,0.1,0,0,0,0,0,1,0.5,0.5,0,0.1,0.1,2,10,10,0.1,1,1,0.01,0.02,0.02,0.01,0.02,0.02,0.02,0.04,0.04,0.02,0.04,0.04,0.1,0.1,0.1,0.1,0.1,0.1,0.02,3,3,0.01,1,1,0.05,5,5,0.02,3,3,0.1,10,10,0.1,7,7,10,5,NA,0,0,1,1,2,6,2030,1,1,9,10,14,79,75,70,2040,5e+10,2e+11,5e+11,2099,2025,71,71,65
"TRUE","P5XinO5xMpI",1,1,2,0,0,1,2,2,5,1,1,2,8,10,10,1,1,3,1,1,2,0,0,1,1,2,3,1,0,2,2,3,5,1,1,5,0,0,1,0,0,0,0,0,1,0,0,0,0,0,2,0,0,0,2,1,2,0,1,1,5,2,6,1,2,3,8,4,10,4,3,5,0,0,0,0,0,0,1,0,2,0,0,0,2,1,3,1,1,1,3,2,2,0,0,0,6,4,5,2,1,2,10,7,8,3,2,4,NA,2700,2.8e+10,0,0,1,1,2,2,2026,1,2,11,15,19,70,65,65,2028,3e+06,1e+08,4e+08,NA,2027,70,60,20
"TRUE","P4tnkPY5XdJ",5,5,5,1,1,1,10,10,10,1,1,1,30,30,30,2,2,2,1,1,1,0.001,1e-04,1e-04,2,2,2,0.01,0.001,0.001,5,5,5,0.01,0.01,0.01,1,1,1,0.01,0.01,0.01,3,3,3,3,3,3,5,5,5,5,5,5,3,3,3,0.001,0.001,0.001,6,6,6,0.01,0.01,0.01,10,10,10,0.03,0.03,0.03,0.05,0.05,0.05,0.01,0.01,0.01,1,1,1,0.1,0.1,0.1,3,3,3,0.3,0.3,0.3,5,5,5,1,1,1,10,10,10,4,4,4,20,20,20,12,12,12,15,2150,7.5e+10,0,0,1,0,1,2,2100,1,3,10,11,13,75,70,65,2030,5e+07,5e+08,5e+09,2080,2030,65,50,40
"TRUE","PQglMArswRZ",2,1,2,0,1,0,2,1,2,0,1,1,3,1,2,0,1,1,1,5,5,0,1,0,2,10,6,0,5,7,10,15,20,1,5,10,3,2,1,0,3,4,3,2,1,0,3,4,3,1,2,0,4,5,4,5,3,2,1,1,4,5,4,2,1,2,6,7,5,2,2,4,0,1,0,0,0,1,0,1,2,0,0,1,1,1,3,0,1,2,1,0,1,0,1,1,2,2,2,0,2,2,2,2,2,1,3,1,2,2230,2e+09,2,4,5,0,0,1,2070,2,3,9,10,12,63,68,60,2026,1e+07,1.2e+07,1.1e+07,2095,2050,60,55,55
"TRUE","PthGsg5cnfC",0,15,5,0,3,2,1,17,8,0,4,5,1,30,9,0,5,6,5,5,10,0,2,3,5,8,11,0,1,5,5,10,12,0,1,3,0,3,5,0,1,5,0,3,7,0,2,7,0,5,9,0,2,8,5,12,14,0,5,9,5,8,15,0,8,13,5,5,14,0,5,11,5,4,5,3,6,5,6,8,8,2,7,6,6,8,10,1,8,5,3,3,3,1,1,2,2,2,5,0,2,3,2,3,10,0,3,5,1,3670,1e+10,1,5,20,1,5,20,2090,1,3,11,11,11,78,75,85,2032,NA,NA,NA,2078,2026,75,78,81
"TRUE","P9Teq4vnjkS",10,5,15,0,0,5,15,10,25,0,2,7,30,15,50,0,5,10,10,10,25,2,2,5,15,15,35,5,5,10,30,35,50,10,7,15,2,2,5,1,1,2,5,5,10,2,2,5,7,7,15,5,5,10,10,10,15,2,2,2,15,15,25,5,2,5,25,20,35,7,5,7,2,2,5,1,2,5,5,5,15,2,5,10,7,7,25,5,7,15,15,15,20,2,5,15,25,30,30,5,10,20,35,40,40,10,15,30,15,2750,8.5e+09,0,5,7,0,0,1,2030,30,50,10,10,10,75,70,65,2035,2e+10,1.4e+11,8.6e+11,2100,2050,80,90,90
"TRUE","P2DkTqyg54x",10,5,10,2,1,1,15,10,15,2,1,1,25,25,20,2,1,1,5,2,2,5,2,2,6,2,3,6,2,3,7,2,4,7,2,4,2,2,2,2,2,2,5,3,3,5,3,3,10,5,5,10,5,5,10,10,10,10,10,10,15,15,15,15,15,15,20,15,15,15,15,15,1,1,1,1,1,1,2,1,2,2,1,2,2,1,2,2,1,2,5,5,5,5,5,5,10,7,10,10,10,10,15,10,10,15,10,10,15,2150,2e+10,10,20,25,3,10,50,2100,20,25,20,30,40,60,58,55,2040,1e+09,3e+09,5e+09,2110,2034,30,35,40
"TRUE","PsYDT3BlBFe",0.09,4e-05,1,0,0,0,10,0.96,20,0,0,0,35,3,40,0.05,0.002,0.002,1,0,0,2,1,1,3,1,0,9,5,5,15,5,2,15,10,10,0,0.5,0.5,0,0,0,1,1,1,0,0,0,2,8,10,0.005,1,0.05,5,5,10,5,10,15,15,20,25,5,25,20,45,50,55,20,35,45,1,1,1,0,0,0,1,1.5,5,0,0,0,5,3,10,1,1,0,0,0,1,0,1,5,1,0,5,3,5,10,5,2,25,15,10,20,45,2300,NA,0,5,8,0,5,9,NA,2,5,10,20,34,82,87,94,2033,1e+06,9e+05,7e+05,2077,2045,32,35,43
"TRUE","PZwaRHr73wr",2,2,5,1,1,1,10,10,15,1,1,1,25,25,25,1,1,1,2,2,2,1,1,1,5,5,5,1,1,1,7,7,7,1,1,1,1,1,1,1,1,1,2,2,2,1,1,1,5,5,5,1,1,1,2,2,5,1,1,2,5,5,15,2,2,5,10,10,25,5,5,15,1,1,1,1,1,1,1,1,1,1,1,1,1,1,1,1,1,1,5,5,5,2,2,2,7,10,10,5,5,5,10,15,20,5,10,10,1,8000,1e+11,0,0,0,0,1,1,NA,1,2,9,9,10,80,82,85,2028,NA,NA,NA,2080,2028,10,5,0
"TRUE","PZT6ic6C81k",3,3,3,0.05,0.05,0.05,4,4,4,0.05,0.05,0.05,4,4,4,0.05,0.05,0.05,0.5,0.5,0.5,0.005,0.005,0.005,0.5,0.5,0.5,0.005,0.005,0.005,1,1,1,0.05,0.05,0.05,0.005,0.005,0.005,0.001,0.001,0.001,0.005,0.005,0.005,0.001,0.001,0.001,0.005,0.005,0.005,0.001,0.001,0.001,1,1,1,0.05,0.05,0.05,1,1,1,0.05,0.05,0.05,1,1,1,0.05,0.05,0.05,2,2,2,0.5,0.5,0.5,3,3,3,0.5,0.5,0.5,4,4,4,0.5,0.5,0.5,3,3,3,0.5,0.5,0.5,3,3,3,0.5,0.5,0.5,3,3,3,0.5,0.5,0.5,3,2550,5e+13,0,0,1,5,15,75,2048,5,5,9,10,15,1.67e+08,1.67e+08,1.67e+08,2025,5e+11,5e+10,5e+09,2100,2035,20,15,10
"TRUE","PkN7ltdyOU0",25,10,10,5,2,3,15,10,5,5,2,3,5,10,2,5,2,3,15,60,10,2,0.05,1,5,5,5,1,1e-04,0.5,2,0.5,1,1,0.01,1,8,5,6,5,5,5,12,10,10,5,0.05,5,10,5,6,5,5,5,15,30,20,1,1,1,5,10,10,1,1,1,2,1,2,1,5e-04,1,3,2,2,1,0.56,1,3,2,2,1,0.9,1,2,1,1,1,0.1,1,2,15,5,1,1,2,2,10,5,1,2,2,2,8,5,1,19,2,2,NA,NA,0,0.5,0.5,0,1,1,2060,20,20,9,10,14,61.7,60.4,70,1e+210,2e+10,5e+10,2e+11,2150,2040,44,46,46
"TRUE","PTPTfzCjdER",1,4,10,0,2,6,3,14,20,0,5,8,4,30,40,1,10,30,1,5,15,0,3,10,2,7,30,0,5,20,2,10,45,1,5,30,0,5,15,0,3,9,2,8,20,0,4,18,5,15,20,2,8,27,10,5,15,1,5,10,5,10,20,0,5,15,0,15,20,0,10,15,3,5,2,5,4,6,6,10,3,2,2,12,15,20,4,3,1,18,3,5,5,1,3,10,3,10,10,1,3,15,6,10,20,2,5,25,5,10000,8e+10,0,1,2,0,1,0,2025,5,6,20,18,10,62,60.4,56,2025,20,30,100,2035,2028,80,85,95
"TRUE","Pvi6EKz3Bgu",0.01,0.01,0.01,1e-05,1e-05,1e-04,1,1,1,1,1,1,5,5,5,5,5,5,1e-04,1e-04,1e-04,1e-06,1e-06,1e-06,0.1,0.1,0.1,0.1,0.1,0.1,1,5,5,1,1,1,1,1,1,0.1,0.1,0.1,5,5,5,1,1,1,10,10,10,10,10,10,1,1,1,0.01,1,1,5,5,5,5,5,5,10,10,10,10,10,10,0.01,0.01,0.01,1e-04,1e-04,1e-04,1,1,1,0.1,0.1,0.1,5,5,5,5,5,5,0.1,0.1,0.1,0.001,0.001,0.001,1,1,1,0.1,0.1,0.1,5,10,10,1,1,1,5,2500,2e+07,0,1,5,0,1,3,2040,100,100,9,10,5,80,78,70,2030,2e+07,5e+07,1e+08,2080,2035,50,70,80
"TRUE","PkogxyiRsdv",2,0.5,0.5,1e-04,1e-04,1e-04,3,1,1,1e-04,1e-04,1e-04,6,1.5,1.5,0.001,0.001,0.001,10,3,5,1e-08,1e-08,0.5,11,5,10,1e-08,1e-08,0.5,16,10,15,1e-08,1e-08,0.5,0.5,0.01,1,1e-05,1e-05,1e-05,1,1,5,1,1,2,2,2,10,2,3,4,0.5,3,5,0.005,1,5,3,3,5,1,1,5,5,3,5,2,1,5,2,1,2,1e-09,0.001,0.5,5,3,8,1,1,2,10,5,12,1,1,2,15,10,12,1e-04,0.001,0.001,20,15,18,1e-04,0.001,0.001,30,20,25,1e-04,0.001,0.001,3.5,4500,4e+10,0,0,2,0,0,0,2040,0,1,5,7,10,60,50,40,2030,2.5e+10,3.5e+10,1e+11,2080,2030,75,80,85
"TRUE","PwrDLt8D876",0,1,5,0,0,0,5,10,15,1,1,1,12,15,25,2,2,2,0,1,2,0,0,0,3,5,10,0.1,0.1,0.5,12,20,33,0.01,0.1,1,0,0,0,0,0,0,1,1,8,1,1,3,5,5,20,3,3,5,2,2,2,0.01,0.01,0.5,5,5,5,0.5,0.5,0.5,12,10,15,1,1,1,0.001,0.001,0.001,1e-04,1e-04,1e-04,0.01,0.01,0.001,1e-04,1e-04,1e-04,0.1,0.1,0.001,1e-04,1e-04,1e-04,0.5,0,1,0,0,1,5,3,15,0.3,1,3,15,10,20,3,5,10,20,7000,8e+09,0,1,5,0,1,5,2045,1,5,9,10,20,80,68,55,2025,1.5e+09,2.5e+10,6e+11,2095,2025,70,80,90
"TRUE","PFqxodhHIsn",0.1,0.01,0.01,0,0,0,0.1,0.01,0.01,0.1,0.001,1,0.1,0.01,0.01,0.1,0.001,2,0.1,0.01,0.01,0.001,0.001,0.001,0.2,0.02,0.02,0.001,0.002,0.002,0.2,0.02,0.02,0.001,0.002,0.005,0,0,0,0,1,1,5,1,3,2,5,5,10,5,5,5,10,10,20,5,5,2,1,0,20,5,5,2,1,1,20,5,10,2,1,1,0.001,0.001,0.001,0.001,0.001,0.001,0.001,0.001,0.001,0.001,0.001,0.001,0.001,0.001,0.001,1e-04,1e-04,1e-04,20,5,5,0.1,0.1,0.1,20,10,10,0.5,0.5,0.5,20,20,20,1,1,1,20,2500,1e+11,0,1,5,0,0,2,2060,50,80,9,10,10,75,75,75,2028,2e+09,4e+08,8e+09,2040,2035,70,70,70
"TRUE","Pr7vNYpxxi6",60,40,40,10,5,5,80,60,70,50,50,50,100,90,100,90,70,70,5,10,10,5,5,5,10,50,50,30,30,30,60,90,90,70,70,70,1,2,2,0,1,1,20,10,10,5,5,5,30,25,25,10,10,10,50,50,50,20,10,10,80,75,75,50,30,30,90,90,90,80,60,60,10,5,5,2,1,1,30,40,40,10,15,20,70,60,65,30,20,20,30,25,25,1,1,2,50,45,60,5,5,5,90,70,70,50,50,60,NA,2200,NA,0,1,2,0,1,2,2100,5,30,10,11,12,50,60,70,2025,7e+11,1e+12,1e+12,NA,2028,25,25,40
"TRUE","Pvb5DJ5g7Ba",2,2,1,0.1,0.2,0.1,5,10,15,0.2,0.7,0.5,15,30,30,1,1.8,2,3,5,5,0.01,0,0,9,15,15,0.25,0,0,45,50,50,0.3,0.05,0.05,0.01,0,0,0,0,0,0.02,0,0,0.01,0.02,0.03,0.05,0,0.01,0.1,0.8,0.9,2.5,1,2,0.5,0.01,0.2,3,5,7.5,1,0.5,0.6,5,9,10,2,1,1.2,0.25,0.08,0.1,0.03,0.05,0.03,0.6,0.12,0.2,0.06,0.18,0.2,1,0.45,0.5,0.1,0.32,0.3,7.85,8.08,6.05,0.64,0.27,0.29,12,24,21.22,1.2,2.4,2.3,33,61,54.12,3.4,3.97,3.5,3.4,2297,6.5e+09,0,1,1,0,1,2,2050,2,3,9,12,15,73.8,70,67,2050,5e+07,1e+08,1.2e+08,2035,2050,70,72,80
"TRUE","PVgFMnkvzCL",0.2,0.5,1,0.001,1e-05,1e-04,0.3,0.6,2,0.001,1e-05,2e-04,0.6,0.7,2,0.001,2e-05,2e-04,0.01,0.5,0.5,0.001,1e-05,1e-04,0.03,0.6,0.5,0.001,1e-05,1e-04,0.05,0.7,0.6,0.001,1e-05,1e-04,0.001,0.005,0.5,1,1,1,0.002,0.005,0.6,1e-05,1,1,0.002,0.006,0.7,1e-05,1,1,1,2,1,1e-05,0.001,0.001,1,2,1,1e-05,0.001,0.001,2,3,2,1e-05,0.002,0.001,1,2,1,1e-05,2e-05,1e-05,1,2,1,1e-05,2e-05,1e-05,1,2,1,1e-05,2e-05,1e-05,3,2,1,1e-05,1e-05,1e-05,3,2,2,1e-05,1e-05,1e-05,3,4,2,1e-05,1e-05,1e-05,3,3500,4e+11,1,1,3,1,2,4,2050,4,6,9,10,9,78.4,79.5,82.5,2026,6e+06,1e+07,1e+07,2060,2024,72,70,65
"TRUE","Pk3ZpFvbsBL",0,0,0,0,0,0,0,0,0,0,0,0,0.5,10,2,0,2,2,0.05,0,0,0,0,0,1,0,0,0,0,0,10,60,5,1,0.05,0.05,0,0,0,0,0,0,0,0,0,0,0,0,6,0.15,5,0.05,5,5,1,0,0,0,0,0,3,0,0,0,0,0,5,10,0.03,5,1,0.01,0,0,0,0,0,0,2,0,0,0,0,0,4,0.56,0.01,2,0.56,0.01,1,0,0,0,0,0,5,0,0,0,0,0,10,19,16.6,5,19,2,10,2200,NA,0,0,0,0,2,5,2050,0,2,10,13,15,75,68,65,2030,5.5e+07,1.2e+08,5e+08,2080,2070,80,90,100
"TRUE","PFUXMVz5jCP",60,20,50,5,1,1,70,25,60,10,2,2,80,30,70,15,3,3,70,20,30,15,1,1,80,30,40,20,2,2,90,40,50,30,3,3,80,70,60,60,5,5,90,80,70,70,8,8,99,90,80,80,10,10,20,5,10,10,5,5,25,10,20,15,8,8,30,15,25,20,10,10,10,2,5,10,1,1,15,3,8,15,2,2,20,5,10,20,3,30,30,10,20,5,1,3,50,15,30,10,2,5,90,20,40,20,5,10,95,2063,2e+09,1,3,7,2,8,20,2040,25,30,15,9,3,60,40,20,2026,5e+06,2e+07,1e+07,0,2025,70,90,0
"TRUE","PawWuGQCztp",10,10,15,5,10,10,40,40,45,10,20,20,75,90,80,25,30,30,10,10,15,5,10,15,30,40,45,15,20,30,60,75,80,30,50,50,10,20,25,2,5,10,50,50,75,25,30,45,95,99,100,45,60,75,5,10,10,2,5,5,30,40,50,10,15,20,50,60,65,30,40,50,10,20,25,5,10,15,30,40,50,10,15,20,50,60,70,30,50,55,30,40,40,10,15,20,50,60,60,15,30,50,70,75,80,40,60,70,50,2350,1e+11,0,1,2,0,1,2,2040,10,20,10,12,30,65,50,30,NA,1e+09,1e+09,1e+09,2100,2026,10,20,60
"TRUE","PsRPVT4Hv1i",1,5,25,0,1,10,15,15,30,1,2,15,25,30,45,3,2,20,5,2,2,1,1,10,20,NA,8,2,2,20,30,NA,15,4,4,35,0,0,5,0,0,5,3,1,10,2,2,10,7,5,25,5,5,25,5,2,10,3,1,5,10,10,15,5,2,10,20,20,25,12,5,15,0,0,10,0,0,8,0,0,15,0,0,12,1,1,20,0,0,17,10,10,5,5,3,5,20,20,10,15,10,10,30,30,15,20,15,15,45,2150,1.5e+08,0,1,10,0,1,5,2045,2,5,9,10,14,72,65,50,2028,5,15,50,2045,2026,75,70,90
"TRUE","P1lyU9dv37Z",2,2,1,0,0,1,5,5,4,1,1,2,15,13,11,4,2,3,5,4,4,1,1,1,10,7,6,3,3,2,15,10,8,5,5,4,3,2,1,1,1,0,12,10,8,6,4,2,25,20,15,10,8,4,7,5,4,6,4,3,12,11,10,8,7,6,24,17,15,13,11,9,0.1,0.1,0.05,0.01,0.01,0.01,1,0.5,0.5,0.1,0.1,0.1,3,1.2,1.1,0.5,0.4,0.3,2,2,1,0.5,0.5,0.3,5,4,3,3,2,1,12,11,10,7,6,5,17,2124,1.8e+10,0,1,3,0,1,3,2200,2.5,5,8,8,9,74,65,51,2030,4e+06,2500000,1e+06,2038,2030,74,78,84
"TRUE","P1P7xld51HN",5,1,5,0,0,0,5,5,5,1,1,5,5,5,10,5,5,5,1,1,1,1,1,1,1,1,1,5,1,1,5,5,5,10,5,5,1,5,5,2,5,5,5,10,5,5,5,10,10,14,10,15,10,12,10,10,10,5,1,1,10,10,10,10,1,1,15,15,30,10,1,1,1,1,1,1,1,1,1,1,1,1,1,1,1,1,1,1,1,1,2,5,1,0,5,1,5,10,1,1,10,1,10,19,1,5,19,2,20,2500,1e+09,0,1,5,1,1,2,2250,0,5,9,10,12,55,53,50,2030,1e+10,2e+10,2e+11,2125,2030,77,80,70
"TRUE","PYsUoNKPyDP",0.005,0.005,0.005,1e-04,1e-04,1e-04,0.02,0.01,0.03,0.08,0.005,0.006,0.12,0.15,0.13,0.05,0.08,0.06,0.08,0.05,0.05,0.008,0.006,0.005,0.12,1,0.9,0.05,0.01,0.01,0.25,0.28,0.28,0.1,0.09,0.1,2e-05,6e-05,9e-05,2e-06,9e-06,9e-06,5e-04,0.009,0.01,9e-05,0.009,0.01,0.05,0.1,0.15,0.009,0.018,0.23,0.001,0.001,0.001,1e-04,2e-04,1e-04,0.09,0.06,0.06,0.001,0.005,0.005,0.18,0.12,0.1,0.009,0.01,0.01,1e-06,1e-06,9e-06,1e-06,1e-06,1e-06,5e-06,5e-06,1e-05,5e-06,5e-06,6e-06,1e-05,1e-05,5e-05,9e-06,9e-06,1e-05,0.007,0.001,0.001,1e-05,5e-04,2e-04,0.1,0.09,0.09,0.05,0.01,0.01,0.3,0.35,0.36,0.15,0.18,0.19,15,2350,2.06e+12,0,0,0,0,0,0,2050,1,1,9,10,11,78.5,79.49,82.8,2030,4300000,3500000,1e+06,2028,2050,18,10,5
"TRUE","PNtaxqsIQQZ",0.05,0.05,0.05,0.005,0.005,0.005,4,4,4,0.4,0.4,0.4,9,9,9,1,1,1,0.02,0.05,0.05,0.002,0.005,0.005,2,4,4,0.2,0.4,0.4,5,9,9,0.5,1,1,0.01,0.05,0.05,0.001,0.005,0.005,5,6,6,0.5,0.6,0.6,9,10,10,1,2,2,5,1,1,1e-04,0.001,0.001,8,2,2,2,0.002,0.002,14,5,5,4,0.005,0.005,0.04,0.04,0.04,0.04,0.04,0.04,0.04,0.04,0.04,0.04,0.04,0.04,0.04,0.04,0.04,0.04,0.04,0.04,7,7,7,0.7,0.7,0.7,30,20,20,3,3,3,50,30,30,5,5,5,10,7100,1e+11,0,1,2,0,1,2,2100,10,30,9,10,12,60,55,50,2027,1e+07,2e+11,2e+11,NA,2029,20,25,30
"TRUE","PNCCC4qgw7T",10,0,0,0,0,0,30,5,0,0,5,0,40,20,10,5,10,5,25,15,8,5,0,0,50,25,15,7,2,5,70,55,35,20,10,25,0,0,0,0,0,0,0,3,0,0,0,0,5,5,0,0,0,0,70,50,40,10,0,0,85,70,65,25,10,5,100,90,80,50,20,15,30,10,15,5,5,0,40,20,30,25,10,10,65,35,50,30,25,15,60,20,10,0,5,0,75,30,15,10,5,0,90,50,25,30,10,5,80,2090,9.8e+09,2,9,25,0,1,8,2120,15,50,12,25,40,73,67,60,2026,4.5e+07,8e+07,1.5e+08,2090,2024,72,75,85
"TRUE","PukyD02DyLo",5,8,3,0,0,0,8,11,5,0,2,0,11,14,7,1,3,1,4,7,2,0,0,0,7,10,4,0,1,0,10,13,6,1,2,0,0,2,1,0,0,0,1,3,2,0,1,1,3,4,3,1,2,3,8,11,10,0,5,2,12,15,14,2,8,4,15,25,17,5,10,7,0,2,0,0,1,0,2,5,4,0,4,1,4,8,6,2,8,4,2,5,3,0,2,1,5,10,8,2,8,5,15,20,17,6,15,8,20,10023,9e+09,0,0,0,0,1,3,2050,1,80,9,11,15,39.5,41.85,43.8,2090,10,200,200,2150,2026,43,47,51
"TRUE","PT0oZF4oTPS",10,10,10,0,1,1,15,12,15,2,5,4,18,15,20,5,8,7,8,6,7,3,3,4,10,8,9,10,5,8,12,10,12,18,7,12,2,2,1,0,2,2,10,5,5,5,4,5,15,8,7,10,8,12,2,3,3,0,2,2,10,7,6,1,5,6,20,12,10,3,9,12,1,1,1,0.5,2,2,1,1.5,2,0.5,3,4,1,2,4,0.5,4,5,0.5,0.5,0.5,0.1,0.7,0.3,3,1,2,1,1.2,1.1,6,2,4,2,2.2,2.1,4,2120,2.3e+09,3,4,7,0,0,1,2045,2,3,10,14,17,78,82.2,96,2028,10120000,1.2e+07,1.6e+07,2099,2027,74,77,81
"TRUE","Pf9pJd9kuMO",25,30,35,3,2,2,40,50,50,10,5,3,75,65,75,40,30,45,35,25,15,1,1,2,50,30,20,15,5,5,85,50,30,25,10,10,1,1,1,1,1,1,6,10,8,2,2,2,15,12,10,5,10,10,5,2,3,1,1,1,10,8,15,1,5,3,25,30,35,5,10,15,5,3,4,1,1,1,15,10,8,2,2,2,25,15,20,5,5,5,4,2,2,1,1,1,8,10,6,3,3,3,30,50,45,40,45,50,55,2200,5e+08,0,0,1,0,0,1,2030,2,5,9,13,15,65,60,50,2028,5e+07,1e+08,2e+09,2075,2060,70,65,60
"TRUE","PigYLRnvHTn",2,25,1,0,5,1,15,50,3,0,5,1,25,75,5,0,10,2,5,30,2,1,20,5,5,40,2,2,25,10,10,50,5,5,50,25,0,10,2,0,10,2,0,20,2,0,15,2,0,30,5,0,25,2,15,50,5,1,25,10,20,60,10,1,30,15,30,75,15,1,40,15,10,35,10,5,20,10,15,45,10,10,20,20,20,55,10,15,25,25,10,25,10,5,15,10,20,35,10,8,20,20,25,50,20,15,25,25,15,4500,5e+09,0,1,4,0,0,2,2070,0,2,9,10,20,69,75,75,2050,1e+12,1.5e+12,2e+12,2100,2030,10,7,2
"TRUE","P6o5zZ9jTQZ",5,3,8,0.2,0.5,1,7,6,11,1,2,3,15,9,17,20.5,21,10,1,0.5,1,0.2,0.2,0.5,1,1.5,2,0.5,0.5,1,2,2.5,3,1,1,2,0.2,0.5,1,0.1,1,1,1,2,2,2,2,2,3,5,5,0.5,3,3,1,5,5,1,5,5,3,7,7,3,7,7,5,15,15,5,15,15,0.1,0.56,0.5,0.1,0.5,0.5,0.2,0.8,1,0.2,0.7,0.7,0.5,1,1.5,0.5,1,1,3,5,5,3,5,5,5,10,10,5,10,10,9,15,15,9,15,15,10,3023,150000,0,0,0,0,0,0,2080,0.2,0.5,9,11,13,89,95,98,2300,3500000,6e+06,2e+07,2089,2050,80,82,85
"TRUE","PXf4YLkGKPL",5,5,10,1,1,1,5,5,10,1,1,1,9,9,15,1,1,1,7,6,6,1,1,1,7,8,8,1,1,1,9,10,10,1,1,1,0,5,5,0,4,5,1,5,7,0,4,6,4,6,10,1,5,8,1,6,6,1,7,7,1,6,6,1,7,10,1,10,10,1,11,12,1,1,4,1,1,1,1,5,5,1,1,3,1,7,7,1,1,4,1,1,2,1,1,2,1,2,3,1,2,3,1,2,3,1,2,3,NA,100001,8e+12,0,1,2,1,1,1,2150,1,1,9,10,10,60,61,59,2026,4e+06,3500000,3e+06,2089,2100,70,60,40
"TRUE","PSbj2xBjkMe",1,1,1,0.2,0.2,0.2,4,4,4,0.5,0.5,0.5,9,9,9,2,2,2,1,1,1,0.005,0.005,0.005,2,2,2,0.02,0.02,0.02,5,5,5,0.05,0.05,0.05,0.3,0.3,0.3,0.1,0.1,0.1,2,2,2,1.8,1.8,1.8,5,5,5,4.5,4.5,4.5,4,4,4,0.3,0.3,0.3,6,6,6,0.5,0.5,0.5,10,10,10,1,1,1,0.15,0.15,0.15,0.03,0.03,0.03,0.25,0.25,0.25,0.05,0.05,0.05,0.5,0.5,0.5,0.1,0.1,0.1,1,1,1,0.3,0.3,0.3,6,6,6,2,2,2,12,12,12,5,5,5,5,2400,5e+11,0,1,1,0,1,1,2044,2,2,11,12,12,80,80,80,2025,200,2000,20000,2100,2025,75,60,50
"TRUE","P3NlbhxM96N",20,25,10,10,10,10,50,25,20,50,20,20,90,90,70,90,90,70,5,5,10,5,5,5,30,20,30,20,50,50,70,90,70,90,90,90,5,5,5,5,5,5,10,10,10,10,10,10,50,50,50,50,50,50,5,10,10,5,10,10,15,20,15,10,20,20,80,90,50,50,50,50,10,10,10,10,10,10,19,19,19,20,20,20,50,70,50,40,50,50,10,10,10,10,10,10,30,20,20,20,20,20,70,80,80,50,50,50,NA,NA,50,5,5,10,2,5,10,2024,10,15,5,10,20,10,20,50,2100,10,20,50,NA,2050,10,20,60
"TRUE","PFdbQLLpXnW",0,0,5,0,0,0,5,6,18,0,0,0,10,25,27,1,1,1,0,0,0,0,0,0,0,5,10,0,0,0,10,2,14,0,0,0,0,0,0,0,0,0,0,0,0,0,0,0,15,15,15,0,0,0,40,30,50,2,5,7,55,50,60,5,7,8,60,60,60,15,10,10,5,5,5,0,0,0,5,5,5,0,0,0,10,10,10,0,0,0,4,25,25,0,2,5,10,25,25,5,5,5,15,30,30,8,7,10,NA,10200,9e+10,0,0,2,1,3,5,2035,20,45,20,25,35,70,80,85,2100,1e+10,5e+10,2e+11,2080,2045,65,55,50
"TRUE","PAtl7AT6BHb",12,NA,NA,1,NA,NA,10,NA,NA,0.75,NA,NA,7,NA,NA,0.75,NA,NA,15,NA,NA,1,NA,NA,9,NA,NA,0.5,NA,NA,5,NA,NA,0.5,NA,NA,5,NA,NA,0.5,NA,NA,2.5,NA,NA,0.05,NA,NA,1,NA,NA,0.05,NA,NA,25,NA,NA,7,NA,NA,25,NA,NA,5,NA,NA,25,NA,NA,5,NA,NA,20,NA,NA,15,NA,NA,25,NA,NA,17,NA,NA,27,NA,NA,20,NA,NA,50,NA,NA,5,NA,NA,50,NA,NA,5,NA,NA,50,NA,NA,5,NA,NA,50,2500,1e+08,5,25,100,5,25,100,2030,2,10,10,15,0,45,30,25,NA,5e+09,0,0,2050,2035,10,15,15
"TRUE","Ple0cQUY2l0",10,5,10,1,1,1,30,20,20,3,2,2,45,30,30,5,2,2,20,20,25,5,2,1,40,30,30,7,4,2,60,50,35,10,6,2,1,3,1,0,1,0,2,4,1,1,2,0,2,5,1,1,3,2,30,20,10,20,10,5,40,25,15,30,20,10,45,30,20,50,30,15,1,1,1,0,0,0,1,2,1,0,0,0,1,2,1,1,1,0,1,1,1,0,0,1,10,10,10,5,5,5,20,20,20,19,19,20,2e-04,3100,NA,0,1,1,1,2,5,2100,20,35,9,9,11,65,75,75,2040,8e+09,1e+10,1e+11,2099,2050,55,50,45
"TRUE","PkfNL5IicKh",30,25,20,0,0,10,65,50,80,30,20,50,100,85,100,80,75,100,0,0,0,0,0,0,40,15,20,10,3,40,65,70,80,68,55,80,0,0,0,0,0,0,5,2,10,0,0,0,35,25,35,15,5,30,5,5,7,5,3,3,45,30,35,40,25,40,80,70,80,65,50,70,4,3,8,2,4,4,30,25,30,20,20,35,57,50,60,45,45,45,3,2,5,2,2,5,30,25,40,10,12,20,45,45,60,70,55,80,85,2093,2e+09,5,35,50,15,40,60,2035,5,50,10,11,20,85,79,70,2025,1e+09,2e+10,1e+12,2055,2028,70,80,0
"True","PSWiESo9It7",0,0.1,0.2,0,0,0,0.1,0.1,0.5,0,0.01,0.01,0.15,0.2,1,0.01,0.01,0.02,0,1e-04,1e-04,0,1e-08,0.001,1e-04,1e-04,0.001,1e-06,1e-05,0.001,0.001,1e-04,0.01,1e-05,1e-05,0.005,0,0.5,0.5,0,0.05,0.1,1,1,5,0.1,0.1,1,2,5,10,0.2,0.2,5,0,0.001,0.001,0,0.001,0.001,0.001,1,0.03,9.00001,0.03,0.003,0.01,10,1,0.001,1,0.05,0,0.001,0.001,0,0.001,0.001,0.001,0.1,0.3,1e-04,0.03,0.03,0.01,0.56,1,0.001,0.56,0.05,1e-06,0.1,0.1,1e-05,0.1,0.1,1e-05,2,1,2e-06,0.3,0.5,1e-04,19,5,1e-05,2,2,0.1,10000,1.01e+10,0,1,2,0,1,2,2055,0,0,18,20,22,61,60,60,2028,35,35,35,2035,2050,76,70,65
"True","PUwWxFhNVcy",20,20,15,12,8,1,21,20,15,12,8,1,22,20,15,12,8,1,5,5,5,5,2,2,6,5,5,5,3,2,6,6,5,5,3,3,0,0,0,0,0,0,0,0,0,0,0,0,0,0,0,0,0,0,2,2,2,2,1,1,4,4,3,3,2,2,4,4,4,3,3,3,1,1,1,0,0,0,1,1,1,0,0,0,3,3,2,2,1,1,33,30,25,20,15,10,35,33,30,25,20,15,36,34,44,28,25,20,3,5000,1e+12,2,5,8,1,3,5,2035,4,5,25,38,30,70,66,68,2050,5e+07,7.5e+07,1e+08,NA,2035,75,77,79
"True","PWKayjJr5WU",10,20,30,0,2,10,15,40,40,0,5,15,20,60,55,0,8,20,50,20,50,0,10,15,50,40,60,0,20,30,50,60,70,0,35,45,10,10,30,1,5,8,15,20,40,1,10,15,20,40,60,2,10,20,50,30,50,2,10,20,60,40,50,2,10,25,40,40,60,1,15,30,80,50,50,2,10,10,80,55,60,2,11,15,80,60,70,2,13,20,75,60,65,2,10,20,76,70,75,2,15,25,78,85,90,3,25,35,2,NA,NA,0,1,4,0,2,5,2030,20,40,10,13,15,75,70,65,2025,8e+06,1.5e+07,1e+08,2026,2023,50,40,25
"True","Plxv9vFF58c",0.2,0.2,0.1,0.01,0.02,0.8,0.6,0.5,0.4,0.03,0.03,0.9,1.2,0.8,0.6,0.06,0.04,1,1,0.05,0.08,0.2,0.3,2,1,0.05,0.09,0.2,0.25,2.4,1,0.05,0.07,0.2,0.1,2.1,0,0.1,0.2,0.02,0.3,0.2,0,0.2,0.3,0.02,0.6,0.4,0,0.3,0.35,0.01,0.9,0.2,0.1,0.2,0.1,0.3,0.05,0.1,0.2,0.3,0.15,0.2,0.03,0.1,0.3,0.4,0.2,0.1,0.02,0.1,0.01,0.01,0.01,0.01,0.01,NA,0.01,0.01,0.01,0.01,0.01,NA,0.01,0.01,0.01,0.01,0.01,NA,2.1,1.04,0.61,0.78,0.74,0.78,0.98,0.94,0.54,0.46,0.68,0.55,1.2,0.8,0.42,0.23,0.63,0.43,2.78,2143,5.32e+08,0,0,0,0,0,0,2050,0,0,8,6,4,60,70,80,2043,1e+09,3e+09,9e+09,NA,2056,50,50,50
"True","PsTsoek6PUT",10,14,45,34,45,23,25,32,56,65,34,32,50,54,35,23,34,23,23,34,56,34,45,65,43,23,67,54,76,56,12,34,67,65,65,76,87,78,98,90,45,56,78,87,89,90,66,76,87,78,9,9,55,56,56,67,98,89,56,78,76,78,89,89,56,56,56,89,89,89,87,78,78,45,43,65,65,34,78,67,54,56,45,43,56,45,45,34,65,34,45,56,89,78,34,65,45,67,67,98,45,45,76,98,97,9,56,65,NA,NA,NA,0,2,49,0,39,71,90,0,74,10,50,100,88,79,48,2024,2e+07,5e+07,9e+07,2050,NA,0,0,90
"True","PxgJyKTtzXU",0.2,0.1,0.1,0.05,0.1,0.007,3,1,1,0.3,0.5,0.4,10,20,18,0.5,2,1,0.01,0.05,0.03,0.01,0.01,0.01,0.5,1,0.9,0.01,0.02,0.01,1,5,2,0.03,0.05,0.04,1,1,1,1,1,1,4,3,2,4,3,2,5,5,4,5,5,4,1,1,1,0.1,0.1,NA,3,5,4,0.4,0.5,NA,6,10,8,0.8,1,NA,0.001,0.001,0.002,0.005,0.005,0.006,0.005,0.005,0.006,0.01,0.01,0.012,0.05,0.05,0.005,0.08,0.08,0.09,0.4,0.5,0.4,0.01,0.1,0.01,1.5,2,1.6,0.4,0.5,0.4,4,6,5,1.25,1.5,1.4,2.5,3000,1.08e+10,0,1,0,0,0,1,2100,0.1,1,9,9,11,78,76,71,2030,1.2e+08,5e+08,1.2e+09,2050,NA,25,20,30
"True","Pb4CcdUSKmk",1,1,2,0.1,0.1,0.1,5,10,15,0.2,0.1,0.1,30,30,30,0.5,2,2,0.1,0.5,0.5,0.1,0.1,0.1,2,1,2,0.1,0.2,0.1,5,8,5,0.5,0.5,0.5,0.1,0.1,0.1,0.1,0.1,0.1,1,1,1,0.5,0.8,1,5,5,5,1,2,3,1,1,1,0.5,0.5,0.5,5,5,5,1,2,2,10,8,10,6,6,6,1,0.01,0.01,0.05,0.08,0.1,5,0.5,0.08,0.1,0.15,0.15,10,1,0.5,0.5,0.5,0.3,1,0.5,0.5,0.05,1,1,5,2,3,1,5,5,18,10,12,10,15,15,5,2600,5e+08,0,1,1,0,0,0,2040,1,2,10,11,12,75,73,76,2025,3.2e+08,5e+09,6e+11,2070,2050,69,60,65
"True","Plmv3Vw8UiH",0.05,0.02,0.07,1e-04,1e-04,1e-04,0.07,0.03,0.08,4e-04,4e-04,4e-04,0.09,0.045,0.1,9e-04,9e-04,9e-04,55,48,50,0.01,0.001,0.002,52,49,51,0.05,0.01,0.007,50,50,52,0.1,0.09,0.008,0.01,0.009,0.09,0.009,0.008,0.009,0.05,0.01,0.4,0.01,0.08,0.09,0.09,2,4,2,1,2,0.1,0.09,0.09,0.04,0.009,0.098,0.5,0.1,0.8,0.06,0.45,0.6,0.9,1,3,0.07,0.5,1,1e-04,0.004,0.002,1e-04,0.002,1e-04,4e-04,0.0045,0.004,4e-04,0.003,4e-04,0.009,0.0095,0.005,0.009,0.005,0.009,0.2,0.02,0.7,0.002,0.004,0.007,0.7,0.95,1,0.009,0.006,0.09,1,1.5,3,0.09,0.01,1,10,2300,5e+10,1,2,2,10,80,200,2040,10,18,9,10,11,62,60,58,2050,1.5e+11,3e+11,5e+11,2045,2027,30,35,48
"True","PM8kZKBdEFh",0,30,20,0,0,0,0,10,5,0,0,0,2,2,1,0,0.1,0.1,0,30,20,0,0,0,0,10,10,0,0,0,5,5,5,0,0.05,0.05,0,0,0,0,0,0,0,0,0,0,0,0,0,5,10,0,3,4,0,5,0,0,0,0,0,7,5,0,0,0,5,10,10,1,0.03,1,0,0,0,0,0,0,0,0,0,0,0,0,2,0.5,0.1,0,0.09,1e-05,0,0,0,0,0,0,10,14,3,5,8,1,20,30,5,15,19,2,20,3120,1.5e+08,0,0,0,0,0,0,2035,20,30,9,9,12,80,77,83,2028,1e+07,5e+07,1e+08,2050,2040,71,75,77
"True","PVEgzrusFco",2,3,5,0.1,0.1,0.1,1,3,4,0.05,0.05,0.1,0.5,2,3,0.05,0.05,0.1,1,1,2,0.1,0.1,0.1,0.5,2,2,0.05,0.1,0.5,1,1,2,0.05,0.1,0.7,2,3,5,0.01,0.1,0.7,1,2,5,0.01,0.5,0.7,1,1,2,0.01,0.5,0.7,2,4,6,0.05,0.1,1,2,3,5,0.05,0.1,0.7,2,3,4,0.05,0.1,0.8,0.5,0.5,1,0.05,0.1,0.3,0.5,1,1,0.05,0.1,0.1,0.5,1,1,0.05,0.1,0.3,6,7,9,0.5,0.5,1,5,7,10,1,0.5,1,4,7,14,1,0.5,1,0.2,2199,1.4e+10,1,4,8,1,2,4,2090,0.2,0.6,9,11,15,72,75,78,2026,2e+10,2.4e+10,3.5e+10,2080,2025,50,45,25
"True","PcOyAJKESet",3,30,10,10,2,6,15,10,8,9,5,5,22,2,7,3,5,2,10,25,30,5,33,23,15,38,35,17,45,40,27,60,65,35,60,50,1,2,4,1,4,5,7,10,5,6,8,6,10,15,5,14,18,13,15,30,25,18,23,10,10,10,20,23,16,7,3,1,8,6,9,7,1,1,3,2,1,0.5,1,0.5,1,1,0.75,0.3,1e-04,0.2,0.5,1,0.02,0.002,11,9,13,15,12,2,8,8,14,8,15,9,7,5,19,5,19,15,18,4000,1e+09,0,1,2,0,5,20,2060,1,5,22,25,26,72,70,75,2040,3e+07,1e+08,1e+12,2080,2030,70,65,50
"True","PwZly3HNvFS",10,5,10,1,1,1,20,25,30,1,1,1,40,35,45,5,2,3,5,10,15,1,1,1,10,15,15,1,1,1,10,15,15,1,2,4,3,5,10,1,1,1,5,8,15,1,5,10,10,15,25,1,7,15,15,20,30,1,1,1,25,30,55,1,1,1,30,35,65,1,15,20,1,1,1,1,1,1,1,5,7,1,1,1,1,7,10,1,5,8,20,30,60,1,1,1,25,40,65,1,1,1,35,55,70,1,1,1,1,2155,1.4e+08,2,5,10,0,3,5,2050,20,30,1,3,5,85,90,100,2030,2.5e+07,7.5e+07,1e+08,2070,2050,75,80,60
"True","PHBNc5GPxDQ",0.1,1,1,0.001,1e-04,0.1,3,4,2,0.2,0.01,0.5,5,7,10,0.1,0.1,1.5,0.1,0.5,1,1e-04,2e-04,0.5,1,2,2,0.01,0.05,0.8,1.5,3,5,0.1,0.6,1,0.05,0.005,1,0.001,1e-04,1e-04,1,0.4,5,0.05,0.05,2,3,7,10,1,3,5,0.1,0.5,1,1e-04,1e-04,1e-04,2,4,5,0.05,0.5,3,5,10,10,0.5,5,15,1e-04,0.001,1e-04,1e-05,1e-05,1e-05,0.001,0.006,0.005,2e-04,0.003,0.03,0.4,0.6,0.5,0.05,0.09,0.56,0.05,0.03,1,1e-04,1e-04,1e-04,1,2.2,7,0.06,0.03,2,3,5,20,2,3,19,2,2700,9.5e+10,0,0,1,0,2,5,2150,0,30,9,10,12,80,76,55,2029,1e+09,1.5e+11,3e+11,2035,2028,75,60,50
"True","PMJlaY3XGZe",3,3,3,0.1,0.1,0.01,1,1,1,0.01,0.01,0.05,0.1,0.01,0.01,0.001,0.001,0.01,2,1,1,2,1,1,0.1,0.01,3,0.1,0.01,3,0.0011,0.01,5,0.001,0.01,5,0.01,0.001,0.001,0.01,0.001,0.001,0.1,5,0.01,0.1,5,0.01,1,8,0.05,1,8,0.05,3,5,0.25,3,5,0.25,10,10,0.5,10,10,0.5,20,20,1,20,20,1,0.001,0.001,0.001,0.001,0.001,0.001,0.01,0.005,0.01,0.01,0.05,0.01,1,0.01,1,1,0.01,1,1e-04,1e-04,1e-04,1e-04,1e-04,1e-04,1,0.001,0.001,1,0.001,0.001,5,1,2,5,1,2,5,NA,8.1e+09,6,8,9,0,0,2,2045,0.001,5e-04,6,8,8,65,60,50,2030,2e+07,1e+08,1e+09,2055,2035,65,75,75
"True","P7NQGV5abIc",1,1,1,0,1,0,3,3,2,0,1,1,5,4,5,1,2,2,0,0,1,0,0,0,1,1,3,0,0,1,2,2,5,1,1,2,0,0,0,0,0,0,0,0,1,0,0,0,1,1,2,0,0,0,0,0,0,0,0,0,1,1,1,0,0,0,5,3,2,1,1,1,0,0,0,0,0,0,0,0,0,0,0,0,1,1,1,0,0,0,1,1,1,0,0,0,5,5,5,3,3,3,10,20,20,10,10,10,5,2250,2.5e+11,0,1,3,0,1,10,2040,0,1,9,9,10,80,81,78,2030,200,500,1000,2028,2030,15,20,30
"True","PwTy20KytmA",2,1,1,1,0,1,10,7,6,3,4,3,30,27,25,5,6,7,13,9,10,2,2,1,30,26,28,13,9,10,50,47,48,18,14,17,0,0,0,0,0,0,5,3,3,4,3,2,13,11,9,8,7,5,5,4,4,3,2,1,10,8,9,5,6,5,20,18,17,10,8,7,0,0,0,0,0,0,2,2,2,1,1,1,5,4,4,3,2,2,5,3,2,2,1,1,8,7,6,4,3,3,15,12,11,7,5,6,12,2250,3e+09,0,1,2,0,1,2,2050,0,0,9,10,13,81,83,86,2027,6,9,15,2081,2026,28,25,18
"True","PqWcCYYQr3B",3,3,0,0,0,1,5,4,1,1,1,2,5,5,1,1,1,1,3,4,1,1,1,1,4,5,1,1,1,1,5,5,1,1,1,1,1,1,1,1,2,1,5,5,5,5,5,5,5,8,7,5,4,5,3,5,5,1,1,1,5,6,6,2,2,2,5,8,8,4,4,4,1,1,1,1,1,1,3,3,3,1,1,1,5,7,5,1,1,1,3,5,5,2,2,2,5,6,6,3,3,3,5,8,6,4,4,4,5,2146,9e+09,0,5,10,0,1,2,2030,3,5,10,10,9,70,68,61,2032,1.5e+08,2.5e+11,6.5e+11,2150,2025,71,75,71
"True","Pov5hJdvrSB",5e-04,1e-04,0,1e-06,1e-06,0,0.002,0.002,0.1,5e-04,5e-04,0,0.08,0.5,0.33,0.008,0.03,0.05,0.005,0.007,0.05,5e-06,5e-06,5e-04,0.008,0.009,0.07,5e-04,6e-04,5e-04,0.01,0.01,0.01,0.001,0.005,0.01,0.005,0.05,0.05,0.005,0.05,0.01,0.5,1,1,0.5,1,1,3,5,2,3,5,2,0.8,0.5,1,0.3,0.2,0.5,1,1.3,2,0.5,0.5,0.8,5,8,6,0.8,1,0.9,0.01,0.05,0.1,0.005,0.007,0.01,0.02,0.08,0.12,0.007,0.006,0.05,0.03,0.09,0.15,0.008,0.008,0.08,0.05,0.05,0.05,0.001,1e-04,0.001,1,1.2,2,0.5,0.5,0.5,5,3,4,1,2,2.5,1,2430,3e+08,1,5,12,10,40,120,1e+210,0.5,1.5,9,9,9,73,70,67,2026,1e+09,2e+11,3.5e+11,1e+210,2040,68,65,60
"True","PMsETBc1p8L",5,12,25,0.1,1,1,12,25,40,2,3,5,35,35,75,5,5,10,7,10,20,0.1,8,15,11,12,25,1,10,30,20,15,50,5,20,50,0.1,1,10,0.01,1,10,5,10,25,1,5,25,10,15,45,2,15,50,10,25,10,1,5,25,25,45,25,5,10,50,50,75,35,8,25,75,1,5,25,1,5,10,5,10,35,2,15,15,10,20,50,3,25,25,1,5,10,0.1,5,30,5,10,25,1,10,50,10,50,50,5,25,75,10,2500,1e+11,0,3,10,0,1,5,2100,0.1,2,20,22,30,65,78,81,2040,2.5e+07,1e+08,1e+11,2045,2035,65,49,20
"True","Pv9OOmCDs8G",5,10,15,0.5,3,2,10,15,20,1,6,4,15,20,25,1.5,12,8,5,25,30,0.01,0.01,0.02,6,30,35,0.02,0.03,0.04,8,35,40,0.03,0.05,0.06,2,8,10,1,3,5,3,10,13,2,5,7,5,14,15,3,8,10,2,4,2,1,2,1,4,5,4,2,3,2,7,7,6,3,4,3,0.2,0.7,0.5,0.03,0.05,0.02,0.5,0.9,0.7,0.05,0.1,0.03,0.7,1,0.9,0.08,0.2,0.05,1,4,5,0.5,0.01,0.9,3,7,8,1,0.05,3,5,9,10,3,1,10,3.5,5002023,1e+12,0,1,3,0,0,1,2070,3,5,9,9,11,80,82,84,2030,8e+06,1e+07,1.2e+07,2045,2100,70.7,72,80
"True","PzXffbZc1ub",26,22,29,16,11,15,29,25,32,17,14,19,33,29,36,25,20,22,17,15,19,10,9,20,22,20,25,17,10,23,28,21,30,23,17,31,45,40,46,15,12,10,60,50,63,23,19,16,67,61,77,27,24,21,20,17,21,12,11,14,29,21,25,17,13,19,39,30,32,21,19,23,3,2,3.4,1.5,1.1,1.4,5,3.5,6,1.9,1.3,1.9,7.5,4.7,7.8,2.7,2,2.6,9,5,9.8,6,4,6.7,11,8,12,9,6,11,13,10.5,11,10,10.5,12.1,7.9,252023,NA,4.5,6,9,1.5,2.7,3.1,NA,2.7,4.1,10,15,22,10,17,31,2024,7e+10,1.2e+11,3.7e+11,NA,2026,79.5,88,97.1
"True","P2L5jNeGWMJ",1,2,1,0,0,0,7,10,8,0.5,0.4,0.5,10,12,11,1,0.8,0.9,3,2,3,0.5,0.6,0.5,5,7,6,3,2,2.5,25,28,25,15,12,13,0.1,0.1,0.1,0,0,0,0.5,0.4,0.5,0.25,0.2,0.24,2,1.5,1.8,1,1,1.1,15,12,14,2,1.5,2.5,33,30,33,25,28,29,50,45,52,33,35,39,5,7,6,2,1.5,2,20,22,27,8,7,8,40,43,45,12,15,18,5,6,5.5,2,3,2.5,18,15,17,15,16,20,35,36,35,26,25,26,NA,3500,NA,3,7,11,2,3,10,2040,5,10,11,15,21,74,72,79,2032,1.5e+07,2.2e+07,5e+07,2100,2030,39,41,67
"True","PaSA7RTYocd",5,5,5,0,0,0,10,10,10,0,0,0,15,15,15,0,0,0,5,5,5,0,0,0,10,10,10,0,0,0,15,15,15,0,0,0,0,0,0,0,0,0,0,0,0,0,0,0,1,1,1,0,0,0,5,5,5,0,0,0,5,5,5,0,0,0,5,5,5,0,0,0,5,5,5,0,0,0,5,5,5,0,0,0,5,5,5,0,0,0,5,5,5,0,0,0,10,10,10,0,0,0,15,15,15,0,0,0,20,20000,1e+17,0,2,2,1,1,1,2040,0,2,9,10,12,20,30,35,2028,1e+07,5e+07,2e+08,2050,2030,30,20,15
"True","PSPiCltiQIC",1,3,5,0,0,0,1.5,5,8,0,0,0,2,10,12,0,0,0,40,30,32,0,0,0,45,35,40,0,0,0,50,45,45,0,1e-06,1e-05,2,5,10,0,0,0,5,10,15,0,0,1e-04,15,15,20,1e-05,1e-05,1,1e-05,1,10,0,0,1e-05,3,5,15,1,5,10,5,10,30,10,15,30,0,0,0,0,0,0,0.001,0.001,0.001,0,0,0,0.002,0.002,0.002,1e-05,1e-04,1e-04,0,0,0,0,0,0,1e-05,1,1.5,1e-04,1,1,1,5,8,2.5,2,3,0.001,2500,2.3e+10,0,1,15,0,3,10,2065,1,15,9,11,18,80,70,60,2030,1e+07,1.2e+07,1.4e+07,2040,2030,75,72,68
"True","PpKB3TeB1br",0.01,0.01,0.01,0.001,0.001,0.001,0.02,0.05,0.05,0.005,0.005,0.005,1,0.1,1,0.01,0.01,0.01,0.001,1e-04,1e-04,1e-04,1e-05,1e-05,0.005,1e-04,1e-04,5e-04,1e-04,1e-04,0.01,0.001,0.001,0.001,1e-04,1e-04,1,1,1,0.01,0.01,0.01,2,5,5,1,1,1,10,10,20,5,5,5,0.1,0.1,0.1,0.01,0.01,0.01,1,1,1,0.1,0.1,0.1,5,5,5,1,1,1,0.1,0.01,0.01,0.001,0.001,0.001,1,1,1,0.01,0.1,0.1,0.5,0.1,0.1,0.1,0.5,0.5,1,5,5,0.1,1,1,10,10,10,5,5,5,20,20,20,2,1,1,2,3500,5e+11,1,5,10,5,10,20,2100,0.1,1,10,12,20,60,55,50,2050,1e+07,1e+08,1e+09,2075,2100,43,40,40
"True","PxWreTN2NuJ",20,1e-04,1e-04,5,30,30,50,0.001,0.001,20,10,10,100,0.01,6.32e-05,50,2,2,10,10,1e-05,2,1,5e-04,25,20,1e-04,10,0.2,0.005,50,40,60,25,0.4,0.05,2,2,0.05,0.1,10,10,10,10,5,10,5,5,30,30,14,20,5,5,80,30,30,5,0.3,0.3,100,10,10,10,0.1,0.1,100,1,1,100,NA,NA,5,1.14942528735632e-05,1.14942528735632e-05,2,1.14942528735632e-05,1.14942528735632e-05,10,7.14285714285714e-06,7.14285714285714e-06,5,7.14285714285714e-06,7.14285714285714e-06,30,1e-04,1e-04,10,1e-04,1e-04,50,1,1,10,0.1,0.1,100,10,10,30,0.9,0.9,100,19,19,60,NA,NA,100,2100,1.34e+08,5,12,20,5,10,30,2050,5,50,4,10,20,NA,NA,NA,NA,4600000,10,20,2200,NA,80,90,100
"True","P4JMPrAm01s",1e-06,1e-06,0.01,1e-13,1e-13,1e-10,2e-06,2e-06,0.05,2e-13,2e-13,1e-10,4e-06,4e-06,0.1,5e-13,5e-13,1e-10,1e-08,0.06,0.12,1e-11,0.001,0.05,1e-06,0.1,1.5,1e-09,0.2,0.012,1e-04,1,3,1e-07,0.05,0.025,0.001,0.0025,0.005,1e-08,1e-05,5e-04,0.02,0.1,3,1e-06,0.005,0.5,0.5,2,8,1e-04,0.1,2,0.05,0.5,0.1,1e-04,0.2,1e-04,0.1,2,1,0.001,0.5,0.001,0.5,5,2,0.001,1,0.01,5e-04,0.2,0.1,1e-05,0.1,0.01,0.005,0.75,0.25,1e-04,0.5,0.1,0.05,1.2,0.9,0.001,1,0.5,0.01,2,1,1e-10,0.5,0.1,0.1,12,7,1e-04,1,0.5,0.4,20,15,0.2,4,1.5,1,50023,6.65e+12,15,40,65,2,4,6,2027,0.5,2,10,11,15,77,79,82,2025,1.2e+11,2e+11,4e+11,2035,2026,75,50,50
"True","PFp17CqRi4u",0,0,10,0,0,0,0,5,20,0,0,0,10,10,30,0,0,0,0,0,0,0,0,0,1,10,10,0,0,0,10,15,11,0,2,5,0,0,0,0,0,0,0,0,1,0,0,1,0,1,2,0,0,1,20,20,30,0,0,0,40,50,50,0,0,5,50,60,55,1,5,10,0,0,0,0,0,0,0,1,1,0,0,0,0,2,3,0,0,0,30,30,30,0,0,0,40,45,50,3,5,5,50,50,60,15,20,40,1,5100,1e+10,0,0,0,0,0,0,2100,0,0,10,10,10,80,85,90,5500,3e+06,5e+06,2e+07,2060,3100,2,5,10
"True","P2Vpr8ygHlN",30,20,25,2,1,2,40,25,35,5,2,4,50,30,40,10,5,8,15,5,5,5,2,2,25,10,10,7,5,5,30,15,15,10,8,8,20,5,5,1,1,1,30,7,10,3,3,3,40,9,15,8,5,5,25,10,10,3,2,5,40,15,20,5,5,10,50,25,30,10,8,15,3,2,5,1,2,2,5,5,10,2,5,5,10,7,15,5,8,10,50,25,25,5,5,5,60,35,35,10,10,10,70,50,45,15,15,15,75,2300,7e+09,0,2,4,0,1,2,2040,2,10,9,10,12,70,75,80,2030,50000,5e+05,5e+06,2040,2050,80,85,90
"True","PcCGilSPf4f",0.05,0.01,0,0,0,0,0.1,5,2,0.01,0.001,0.001,5,10,8,0.01,0.01,0.01,0,0,0,0,0,0,1,1,1,0.01,0.01,0.01,3,5,3,0.02,0.05,0.03,0,0,0,0,0,0,1,1,2,2,3,1,8,10,8,5,8,7,0,0,0,0,0,0,1,1,2,5e-04,0,0.005,1,2,2,0.03,0.03,0.03,0,0,0,0,0,0,0.1,0.1,0,0.012,0.09,0.09,1,1,0.5,0.4,0.56,0.058,0,0,0,0,0,0,2,1,3,3,5,8,5,5,5,13,19,15,15,4250,1.5e+10,0,1,5,0,0,1,2250,0,0,11,15,30,68,70,50,1e+210,1e+08,3e+08,0,2085,2070,20,19,15
